CustomerID,Churn,Tenure,PreferredLoginDevice,CityTier,WarehouseToHome,PreferredPaymentMode,Gender,HourSpendOnApp,NumberOfDeviceRegistered,PreferedOrderCat,SatisfactionScore,MaritalStatus,NumberOfAddress,Complain,OrderAmountHikeFromlastYear,CouponUsed,OrderCount,DaySinceLastOrder,CashbackAmount,Gender_Encoded,PreferredLoginDevice_Computer,PreferredLoginDevice_Phone,PreferredPaymentMode_Cash_On_Delivery,PreferredPaymentMode_Credit_Card,PreferredPaymentMode_Debit_Card,PreferredPaymentMode_E_Wallet,PreferredPaymentMode_Upi,PreferedOrderCat_Fashion,PreferedOrderCat_Grocery,PreferedOrderCat_Laptop_&_Accessory,PreferedOrderCat_Mobile,PreferedOrderCat_Others,MaritalStatus_Divorced,MaritalStatus_Married,MaritalStatus_Single
51783,0,3.0,Phone,3,13.0,E Wallet,Male,2.9315348837209303,3,Mobile,4,Single,1,0,14.0,0.0,1.0,2.0,129.83,1,0,1,0,0,0,1,0,0,0,0,1,0,0,0,1
53527,1,1.0,Phone,3,30.0,Debit Card,Female,3.0,5,Fashion,5,Divorced,3,0,14.0,1.0,4.0,11.0,198.36,0,0,1,0,0,1,0,0,1,0,0,0,0,1,0,0
51188,1,0.0,Phone,2,24.0,Upi,Male,2.9315348837209303,1,Mobile,5,Married,1,0,17.0,1.0,1.0,0.0,129.56,1,0,1,0,0,0,0,1,0,0,0,1,0,0,1,0
50275,0,9.0,Phone,1,6.0,Debit Card,Male,3.0,4,Mobile,5,Divorced,2,0,12.0,0.0,3.0,2.0,122.18,1,0,1,0,0,1,0,0,0,0,0,1,0,1,0,0
53337,0,27.0,Phone,3,15.0,E Wallet,Male,4.0,4,Grocery,2,Divorced,7,0,15.0,1.0,2.0,3.0,243.36,1,0,1,0,0,0,1,0,0,1,0,0,0,1,0,0
51376,0,6.0,Phone,1,14.0,Credit Card,Male,3.0,3,Mobile,1,Single,5,0,11.0,0.0,1.0,0.0,124.96000000000001,1,0,1,0,1,0,0,0,0,0,0,1,0,0,0,1
51345,0,7.0,Phone,1,14.0,Credit Card,Male,2.0,1,Laptop & Accessory,3,Married,3,0,12.0,0.0,1.0,2.0,144.04,1,0,1,0,1,0,0,0,0,0,1,0,0,0,1,0
54320,0,8.0,Computer,3,9.0,E Wallet,Female,4.0,4,Mobile,3,Married,8,0,19.0,1.0,2.0,3.0,147.31,0,1,0,0,0,0,1,0,0,0,0,1,0,0,1,0
50934,1,0.0,Phone,3,30.0,Credit Card,Female,2.0,4,Laptop & Accessory,4,Single,1,1,23.0,2.0,10.0,10.0,145.99,0,0,1,0,1,0,0,0,0,0,1,0,0,0,0,1
50596,1,9.0,Phone,1,28.0,Debit Card,Female,2.0,3,Mobile,3,Divorced,5,1,11.0,0.0,1.0,1.0,121.32,0,0,1,0,0,1,0,0,0,0,0,1,0,1,0,0
53391,1,21.0,Phone,1,9.0,Cash On Delivery,Male,3.0,4,Mobile,3,Single,6,0,25.0,2.0,2.0,1.0,149.79,1,0,1,1,0,0,0,0,0,0,0,1,0,0,0,1
52987,1,1.0,Phone,1,10.0,Debit Card,Male,3.0,4,Mobile,3,Single,3,0,14.0,1.0,2.0,1.0,139.2,1,0,1,0,0,1,0,0,0,0,0,1,0,0,0,1
52350,0,0.0,Phone,1,13.0,Upi,Male,3.0,1,Mobile,5,Single,1,0,12.0,0.0,1.0,7.0,135.78,1,0,1,0,0,0,0,1,0,0,0,1,0,0,0,1
54369,0,14.0,Computer,1,16.0,Debit Card,Male,4.0,5,Laptop & Accessory,1,Married,11,0,15.0,1.0,2.0,3.0,173.76,1,1,0,0,0,1,0,0,0,0,1,0,0,0,1,0
55427,0,15.0,Phone,1,16.0,Debit Card,Male,4.0,4,Mobile,5,Married,3,0,21.0,1.0,2.0,5.0,147.89,1,0,1,0,0,1,0,0,0,0,0,1,0,0,1,0
52582,1,0.0,Phone,3,19.0,E Wallet,Male,3.0,4,Laptop & Accessory,5,Married,6,1,13.0,1.0,2.0,2.0,161.34,1,0,1,0,0,0,1,0,0,0,1,0,0,0,1,0
51646,0,14.0,Phone,3,8.0,Debit Card,Male,2.0,3,Grocery,4,Single,2,0,19.0,1.0,2.0,4.0,260.15,1,0,1,0,0,1,0,0,0,1,0,0,0,0,0,1
54455,0,11.0,Computer,1,16.0,Credit Card,Male,3.0,4,Mobile,1,Married,3,1,13.0,1.0,2.0,3.0,148.26,1,1,0,0,1,0,0,0,0,0,0,1,0,0,1,0
50265,0,10.0,Phone,1,16.0,Debit Card,Male,2.0,3,Laptop & Accessory,4,Single,3,1,12.0,0.0,1.0,1.0,141.97,1,0,1,0,0,1,0,0,0,0,1,0,0,0,0,1
50640,0,1.0,Phone,3,16.0,Credit Card,Male,3.0,3,Mobile,4,Divorced,2,0,22.0,1.0,1.0,0.0,110.52000000000001,1,0,1,0,1,0,0,0,0,0,0,1,0,1,0,0
54064,0,12.0,Computer,1,15.0,Credit Card,Female,3.0,5,Laptop & Accessory,4,Married,3,1,17.0,2.0,2.0,8.0,146.33,0,1,0,0,1,0,0,0,0,0,1,0,0,0,1,0
53431,0,9.0,Phone,1,17.0,Upi,Male,3.0,4,Mobile,2,Married,3,0,21.0,2.0,2.0,3.0,164.17,1,0,1,0,0,0,0,1,0,0,0,1,0,0,1,0
54457,1,1.0,Phone,1,10.0,Debit Card,Male,3.0,4,Mobile,3,Single,3,0,14.0,2.0,2.0,1.0,139.2,1,0,1,0,0,1,0,0,0,0,0,1,0,0,0,1
50009,1,13.0,Phone,3,9.0,E Wallet,Male,2.9315348837209303,4,Mobile,3,Divorced,2,1,14.0,0.0,1.0,2.0,126.83000000000001,1,0,1,0,0,0,1,0,0,0,0,1,0,1,0,0
50037,0,9.0,Computer,1,15.0,Credit Card,Male,2.0,3,Mobile,4,Married,7,0,18.0,0.0,2.0,2.0,120.24000000000001,1,1,0,0,1,0,0,0,0,0,0,1,0,0,1,0
52299,1,7.0,Phone,1,14.0,Debit Card,Male,2.0,3,Mobile,5,Married,5,0,12.0,1.0,1.0,2.0,123.62,1,0,1,0,0,1,0,0,0,0,0,1,0,0,1,0
53353,1,1.0,Phone,3,9.0,Credit Card,Female,3.0,5,Mobile,3,Single,3,0,14.0,1.0,2.0,3.0,145.44,0,0,1,0,1,0,0,0,0,0,0,1,0,0,0,1
50660,0,11.0,Phone,1,23.0,Debit Card,Female,3.0,4,Fashion,3,Divorced,1,0,18.0,0.0,1.0,9.0,188.23,0,0,1,0,0,1,0,0,1,0,0,0,0,1,0,0
50029,0,18.0,Phone,1,14.0,Debit Card,Male,2.0,3,Laptop & Accessory,4,Married,9,0,18.0,1.0,1.0,15.0,123.47999999999999,1,0,1,0,0,1,0,0,0,0,1,0,0,0,1,0
55356,0,23.0,Phone,1,8.0,Debit Card,Male,3.0,4,Grocery,3,Single,6,0,15.0,1.0,2.0,1.0,278.79,1,0,1,0,0,1,0,0,0,1,0,0,0,0,0,1
51516,0,0.0,Phone,1,23.0,Cash On Delivery,Male,2.9315348837209303,3,Mobile,4,Married,1,1,16.0,0.0,1.0,1.0,130.58,1,0,1,1,0,0,0,0,0,0,0,1,0,0,1,0
53123,0,8.0,Phone,1,9.0,Debit Card,Male,4.0,5,Mobile,3,Married,5,0,13.0,6.0,6.0,8.0,152.68,1,0,1,0,0,1,0,0,0,0,0,1,0,0,1,0
51709,1,0.0,Phone,3,11.0,E Wallet,Female,2.9315348837209303,3,Mobile,3,Single,2,1,13.0,0.0,1.0,0.0,128.51,0,0,1,0,0,0,1,0,0,0,0,1,0,0,0,1
53052,0,14.0,Phone,1,17.0,Debit Card,Female,3.0,3,Mobile,3,Divorced,5,1,14.0,1.0,2.0,8.0,147.13,0,0,1,0,0,1,0,0,0,0,0,1,0,1,0,0
50786,0,9.0,Phone,1,6.0,Debit Card,Male,2.0,3,Mobile,3,Divorced,2,0,22.0,0.0,1.0,1.0,112.22999999999999,1,0,1,0,0,1,0,0,0,0,0,1,0,1,0,0
55494,1,10.0,Phone,3,17.0,Debit Card,Female,4.0,4,Fashion,4,Married,7,0,22.0,2.0,2.0,8.0,198.14,0,0,1,0,0,1,0,0,1,0,0,0,0,0,1,0
53686,0,17.0,Phone,1,13.0,Credit Card,Female,4.0,5,Laptop & Accessory,3,Single,3,1,15.0,2.0,2.0,9.0,165.81,0,0,1,0,1,0,0,0,0,0,1,0,0,0,0,1
54644,0,9.0,Phone,1,32.0,Upi,Male,3.0,5,Laptop & Accessory,1,Single,6,0,15.0,2.0,2.0,3.0,161.81,1,0,1,0,0,0,0,1,0,0,1,0,0,0,0,1
52430,0,7.0,Phone,3,7.0,Cash On Delivery,Male,3.0,4,Fashion,3,Married,2,1,14.0,7.0,8.0,6.0,170.83,1,0,1,1,0,0,0,0,1,0,0,0,0,0,1,0
55185,0,21.0,Phone,1,9.0,Credit Card,Female,3.0,4,Grocery,3,Married,5,0,15.0,3.0,6.0,7.0,296.69,0,0,1,0,1,0,0,0,0,1,0,0,0,0,1,0
53664,0,9.0,Phone,1,7.0,Credit Card,Female,3.0,5,Laptop & Accessory,2,Divorced,2,0,13.0,2.0,2.0,1.0,178.63,0,0,1,0,1,0,0,0,0,0,1,0,0,1,0,0
52074,0,27.0,Phone,1,23.0,Cash On Delivery,Female,2.0,3,Fashion,3,Married,9,0,11.0,0.0,1.0,8.0,207.39,0,0,1,1,0,0,0,0,1,0,0,0,0,0,1,0
54361,0,1.0,Computer,1,7.0,Cash On Delivery,Male,3.0,5,Laptop & Accessory,5,Married,7,0,20.0,3.0,3.0,1.0,167.98,1,1,0,1,0,0,0,0,0,0,1,0,0,0,1,0
53941,0,3.0,Computer,1,7.0,Debit Card,Male,4.0,2,Laptop & Accessory,3,Single,10,1,13.0,1.0,2.0,3.0,187.94,1,1,0,0,0,1,0,0,0,0,1,0,0,0,0,1
54387,0,11.0,Computer,3,11.0,E Wallet,Male,3.0,4,Mobile,1,Married,6,0,18.0,4.0,6.0,9.0,152.93,1,1,0,0,0,0,1,0,0,0,0,1,0,0,1,0
54529,1,4.0,Phone,3,29.0,E Wallet,Male,4.0,5,Laptop & Accessory,3,Married,4,1,13.0,2.0,2.0,1.0,188.8,1,0,1,0,0,0,1,0,0,0,1,0,0,0,1,0
54577,0,12.0,Computer,1,9.0,Debit Card,Male,3.0,4,Mobile,1,Married,3,1,24.0,2.0,2.0,1.0,142.02,1,1,0,0,0,1,0,0,0,0,0,1,0,0,1,0
54463,0,2.0,Phone,1,23.0,Credit Card,Male,4.0,2,Laptop & Accessory,5,Single,2,0,20.0,1.0,2.0,8.0,181.61,1,0,1,0,1,0,0,0,0,0,1,0,0,0,0,1
54684,0,24.0,Phone,1,35.0,Credit Card,Male,4.0,2,Mobile,3,Married,3,1,12.0,1.0,4.0,9.0,157.21,1,0,1,0,1,0,0,0,0,0,0,1,0,0,1,0
54950,1,8.0,Phone,2,7.0,Credit Card,Male,4.0,5,Fashion,5,Married,11,0,15.0,3.0,4.0,3.0,229.82,1,0,1,0,1,0,0,0,1,0,0,0,0,0,1,0
50642,0,23.0,Phone,1,8.0,Credit Card,Male,3.0,3,Others,3,Divorced,3,1,15.0,7.0,7.0,7.0,292.37,1,0,1,0,1,0,0,0,0,0,0,0,1,1,0,0
50363,0,0.0,Phone,1,6.0,Debit Card,Female,2.9315348837209303,4,Mobile,4,Single,2,0,13.0,1.0,1.0,0.0,128.36,0,0,1,0,0,1,0,0,0,0,0,1,0,0,0,1
54778,0,18.0,Phone,1,11.0,Credit Card,Male,3.0,4,Laptop & Accessory,4,Single,11,0,13.0,2.0,3.0,4.0,184.33,1,0,1,0,1,0,0,0,0,0,1,0,0,0,0,1
50999,0,8.0,Phone,1,16.0,Credit Card,Female,2.0,3,Laptop & Accessory,3,Single,4,1,16.0,1.0,1.0,4.0,161.42,0,0,1,0,1,0,0,0,0,0,1,0,0,0,0,1
50166,0,22.0,Computer,1,16.0,Debit Card,Female,2.0,3,Others,5,Single,10,1,11.0,1.0,1.0,2.0,286.65,0,1,0,0,0,1,0,0,0,0,0,0,1,0,0,1
50370,0,7.0,Phone,3,14.0,Cash On Delivery,Female,2.0,3,Mobile,3,Married,2,1,18.0,1.0,1.0,6.0,125.78999999999999,0,0,1,1,0,0,0,0,0,0,0,1,0,0,1,0
52247,0,21.0,Phone,1,14.0,Cash On Delivery,Male,3.0,1,Mobile,4,Single,6,0,11.0,0.0,1.0,0.0,125.59,1,0,1,1,0,0,0,0,0,0,0,1,0,0,0,1
50294,0,0.0,Phone,1,29.0,Debit Card,Female,2.9315348837209303,3,Mobile,2,Married,2,0,22.0,1.0,1.0,2.0,128.86,0,0,1,0,0,1,0,0,0,0,0,1,0,0,1,0
54937,1,1.0,Computer,3,16.0,E Wallet,Female,3.0,4,Mobile,1,Single,3,1,15.0,2.0,2.0,3.0,148.23,0,1,0,0,0,0,1,0,0,0,0,1,0,0,0,1
51167,1,0.0,Phone,1,16.0,Credit Card,Male,2.0,3,Laptop & Accessory,5,Single,2,0,15.0,0.0,1.0,8.0,142.13,1,0,1,0,1,0,0,0,0,0,1,0,0,0,0,1
53271,0,9.0,Phone,3,15.0,Debit Card,Female,4.0,4,Mobile,2,Divorced,3,0,17.0,1.0,2.0,3.0,150.72,0,0,1,0,0,1,0,0,0,0,0,1,0,1,0,0
52717,0,29.0,Phone,3,17.0,E Wallet,Female,2.0,4,Laptop & Accessory,5,Married,5,0,16.0,0.0,1.0,0.0,153.8,0,0,1,0,0,0,1,0,0,0,1,0,0,0,1,0
52036,0,4.0,Phone,1,18.0,Credit Card,Female,2.0,3,Laptop & Accessory,1,Married,1,1,11.0,6.0,8.0,5.0,158.55,0,0,1,0,1,0,0,0,0,0,1,0,0,0,1,0
52950,1,1.0,Computer,1,36.0,Credit Card,Male,4.0,5,Mobile,4,Single,2,0,12.0,2.0,2.0,5.0,159.79,1,1,0,0,1,0,0,0,0,0,0,1,0,0,0,1
52014,0,1.0,Phone,1,14.0,Credit Card,Female,3.0,3,Mobile,3,Married,6,0,18.0,0.0,2.0,2.0,123.77000000000001,0,0,1,0,1,0,0,0,0,0,0,1,0,0,1,0
52535,0,6.0,Phone,3,8.0,Credit Card,Male,3.0,3,Laptop & Accessory,1,Married,2,0,14.0,1.0,1.0,4.0,155.05,1,0,1,0,1,0,0,0,0,0,1,0,0,0,1,0
52312,1,20.0,Phone,1,13.0,Credit Card,Female,2.0,4,Fashion,5,Married,8,1,14.0,1.0,5.0,9.0,200.08,0,0,1,0,1,0,0,0,1,0,0,0,0,0,1,0
55373,0,8.0,Phone,1,26.0,Debit Card,Female,3.0,5,Mobile,1,Married,3,0,13.0,2.0,9.0,8.0,154.29,0,0,1,0,0,1,0,0,0,0,0,1,0,0,1,0
51989,0,15.0,Phone,1,9.0,Debit Card,Female,3.0,1,Laptop & Accessory,1,Married,3,1,13.0,1.0,1.0,3.0,152.31,0,0,1,0,0,1,0,0,0,0,1,0,0,0,1,0
51655,0,4.0,Phone,1,11.0,Cash On Delivery,Male,2.0,3,Mobile,1,Married,1,1,12.0,1.0,1.0,3.0,148.21,1,0,1,1,0,0,0,0,0,0,0,1,0,0,1,0
54176,0,3.0,Phone,1,28.0,Debit Card,Female,3.0,2,Fashion,5,Married,3,0,12.0,7.0,9.0,3.0,224.8,0,0,1,0,0,1,0,0,1,0,0,0,0,0,1,0
54627,0,15.0,Phone,3,9.0,Debit Card,Female,4.0,4,Grocery,5,Married,9,0,17.0,1.0,12.0,9.0,290.95,0,0,1,0,0,1,0,0,0,1,0,0,0,0,1,0
50399,0,23.0,Phone,1,34.0,Credit Card,Male,3.0,2,Mobile,3,Divorced,2,1,11.0,3.0,3.0,8.0,132.21,1,0,1,0,1,0,0,0,0,0,0,1,0,1,0,0
53112,1,1.0,Phone,1,32.0,Cash On Delivery,Female,4.0,5,Mobile,4,Divorced,7,0,17.0,1.0,2.0,2.0,150.46,0,0,1,1,0,0,0,0,0,0,0,1,0,1,0,0
50146,0,28.0,Phone,1,6.0,Credit Card,Male,2.0,3,Others,5,Single,1,1,14.0,1.0,4.0,13.0,290.45,1,0,1,0,1,0,0,0,0,0,0,0,1,0,0,1
54852,0,14.0,Computer,1,16.0,Credit Card,Male,3.0,4,Mobile,4,Married,10,1,15.0,1.0,2.0,1.0,161.17,1,1,0,0,1,0,0,0,0,0,0,1,0,0,1,0
52608,1,6.0,Computer,1,14.0,Cash On Delivery,Male,2.0,4,Mobile,3,Married,10,1,16.0,1.0,1.0,0.0,124.37,1,1,0,1,0,0,0,0,0,0,0,1,0,0,1,0
51549,0,13.0,Phone,1,25.0,Credit Card,Male,2.9315348837209303,3,Laptop & Accessory,1,Married,9,1,15.0,3.0,3.0,7.0,127.41,1,0,1,0,1,0,0,0,0,0,1,0,0,0,1,0
50964,0,15.0,Phone,1,8.0,Credit Card,Male,3.0,4,Mobile,4,Married,5,0,14.0,1.0,1.0,0.0,148.41,1,0,1,0,1,0,0,0,0,0,0,1,0,0,1,0
50242,1,4.0,Computer,3,10.0,E Wallet,Male,2.0,3,Laptop & Accessory,4,Single,2,0,18.0,7.0,7.0,7.0,193.55,1,1,0,0,0,0,1,0,0,0,1,0,0,0,0,1
52439,0,15.0,Computer,1,8.0,Debit Card,Male,2.0,3,Fashion,1,Married,3,1,14.0,4.0,13.0,9.0,201.24,1,1,0,0,0,1,0,0,1,0,0,0,0,0,1,0
54360,0,12.0,Phone,1,36.0,Cash On Delivery,Male,3.0,4,Laptop & Accessory,1,Married,5,0,19.0,1.0,2.0,8.0,187.61,1,0,1,1,0,0,0,0,0,0,1,0,0,0,1,0
54185,1,1.0,Phone,1,13.0,Credit Card,Male,3.0,4,Mobile,5,Single,4,0,12.0,1.0,2.0,4.0,154.6,1,0,1,0,1,0,0,0,0,0,0,1,0,0,0,1
50534,0,17.0,Phone,1,14.0,Debit Card,Male,3.0,3,Mobile,5,Divorced,2,1,13.0,2.0,7.0,1.0,125.59,1,0,1,0,0,1,0,0,0,0,0,1,0,1,0,0
50762,0,3.0,Phone,1,6.0,Credit Card,Male,3.0,3,Mobile,4,Divorced,1,1,21.0,1.0,5.0,7.0,135.79,1,0,1,0,1,0,0,0,0,0,0,1,0,1,0,0
52807,1,13.0,Phone,3,34.0,E Wallet,Male,2.0,4,Fashion,5,Married,5,1,13.0,2.0,2.0,0.0,208.54000000000002,1,0,1,0,0,0,1,0,1,0,0,0,0,0,1,0
50862,0,12.0,Phone,3,27.0,Debit Card,Male,2.0,4,Laptop & Accessory,2,Divorced,4,1,12.0,0.0,1.0,4.0,161.2,1,0,1,0,0,1,0,0,0,0,1,0,0,1,0,0
53057,1,5.0,Computer,3,11.0,E Wallet,Male,3.0,4,Laptop & Accessory,4,Single,3,0,19.0,8.0,8.0,3.0,218.55,1,1,0,0,0,0,1,0,0,0,1,0,0,0,0,1
51653,0,11.0,Phone,1,31.0,Debit Card,Female,2.0,4,Fashion,4,Married,4,0,17.0,0.0,1.0,3.0,220.61,0,0,1,0,0,1,0,0,1,0,0,0,0,0,1,0
55431,0,8.0,Phone,3,10.0,Debit Card,Female,3.0,6,Laptop & Accessory,1,Single,7,0,13.0,3.0,3.0,3.0,185.29,0,0,1,0,0,1,0,0,0,0,1,0,0,0,0,1
51235,0,7.0,Phone,3,9.0,Credit Card,Female,3.0,4,Laptop & Accessory,1,Married,4,1,12.0,0.0,1.0,1.0,181.03,0,0,1,0,1,0,0,0,0,0,1,0,0,0,1,0
53533,1,1.0,Phone,1,19.0,Debit Card,Female,4.0,4,Mobile,2,Divorced,3,1,12.0,2.0,2.0,1.0,150.15,0,0,1,0,0,1,0,0,0,0,0,1,0,1,0,0
53669,0,14.0,Phone,1,9.0,Credit Card,Female,3.0,2,Laptop & Accessory,3,Married,7,0,21.0,6.0,12.0,9.0,188.77,0,0,1,0,1,0,0,0,0,0,1,0,0,0,1,0
53290,0,10.0,Phone,2,20.0,Upi,Male,3.0,4,Mobile,4,Divorced,5,0,14.0,2.0,2.0,5.0,146.43,1,0,1,0,0,0,0,1,0,0,0,1,0,1,0,0
51145,0,16.0,Phone,2,8.0,Debit Card,Male,3.0,3,Mobile,1,Single,1,0,13.0,0.0,1.0,8.0,135.39,1,0,1,0,0,1,0,0,0,0,0,1,0,0,0,1
52833,1,1.0,Phone,3,12.0,E Wallet,Male,3.0,5,Laptop & Accessory,3,Single,3,1,12.0,2.0,2.0,4.0,182.44,1,0,1,0,0,0,1,0,0,0,1,0,0,0,0,1
55535,0,61.0,Phone,3,28.0,Debit Card,Female,4.0,4,Grocery,1,Married,6,1,15.0,1.0,2.0,1.0,303.75,0,0,1,0,0,1,0,0,0,1,0,0,0,0,1,0
53041,0,16.0,Phone,2,9.0,Cash On Delivery,Male,3.0,4,Mobile,3,Married,2,1,12.0,2.0,2.0,1.0,151.96,1,0,1,1,0,0,0,0,0,0,0,1,0,0,1,0
53339,0,11.0,Computer,3,28.0,Credit Card,Female,3.0,4,Mobile,2,Divorced,7,0,16.0,2.0,2.0,1.0,154.73,0,1,0,0,1,0,0,0,0,0,0,1,0,1,0,0
50602,0,4.0,Computer,1,6.0,Debit Card,Female,3.0,3,Laptop & Accessory,5,Divorced,2,0,12.0,1.0,1.0,3.0,141.48,0,1,0,0,0,1,0,0,0,0,1,0,0,1,0,0
50371,1,0.0,Phone,3,8.0,E Wallet,Male,2.9315348837209303,3,Mobile,5,Married,1,0,11.0,0.0,1.0,2.0,130.41,1,0,1,0,0,0,1,0,0,0,0,1,0,0,1,0
55519,0,5.0,Phone,3,17.0,Credit Card,Female,3.0,4,Laptop & Accessory,1,Married,4,1,12.0,2.0,2.0,5.0,190.83,0,0,1,0,1,0,0,0,0,0,1,0,0,0,1,0
53061,1,1.0,Phone,3,19.0,Debit Card,Female,3.0,3,Mobile,4,Single,3,0,16.0,1.0,2.0,1.0,152.16,0,0,1,0,0,1,0,0,0,0,0,1,0,0,0,1
54969,0,3.0,Phone,1,35.0,Debit Card,Female,4.0,4,Mobile,1,Married,6,0,23.0,2.0,2.0,8.0,150.14,0,0,1,0,0,1,0,0,0,0,0,1,0,0,1,0
55395,0,21.0,Computer,3,9.0,E Wallet,Male,3.0,4,Laptop & Accessory,4,Married,9,0,12.0,1.0,2.0,1.0,174.78,1,1,0,0,0,0,1,0,0,0,1,0,0,0,1,0
51727,0,3.0,Phone,3,14.0,Cash On Delivery,Male,3.0,3,Mobile,4,Married,2,0,18.0,1.0,1.0,0.0,124.75999999999999,1,0,1,1,0,0,0,0,0,0,0,1,0,0,1,0
50975,0,18.0,Phone,1,6.0,Cash On Delivery,Male,3.0,3,Fashion,4,Married,2,0,12.0,6.0,7.0,7.0,174.41,1,0,1,1,0,0,0,0,1,0,0,0,0,0,1,0
52740,0,5.0,Phone,1,11.0,Debit Card,Male,2.0,4,Laptop & Accessory,1,Single,9,0,24.0,1.0,1.0,0.0,196.79,1,0,1,0,0,1,0,0,0,0,1,0,0,0,0,1
53089,0,11.0,Computer,1,32.0,Credit Card,Female,4.0,4,Laptop & Accessory,3,Divorced,5,1,16.0,4.0,11.0,8.0,169.49,0,1,0,0,1,0,0,0,0,0,1,0,0,1,0,0
50703,0,4.0,Computer,1,12.0,Debit Card,Male,2.9315348837209303,4,Mobile,3,Married,2,1,14.0,1.0,1.0,2.0,127.03,1,1,0,0,0,1,0,0,0,0,0,1,0,0,1,0
50389,1,0.0,Phone,1,16.0,Credit Card,Male,2.0,3,Mobile,3,Single,2,1,11.0,0.0,1.0,1.0,110.09,1,0,1,0,1,0,0,0,0,0,0,1,0,0,0,1
53385,0,7.0,Phone,1,7.0,Debit Card,Female,3.0,5,Laptop & Accessory,2,Single,2,0,15.0,1.0,2.0,5.0,194.49,0,0,1,0,0,1,0,0,0,0,1,0,0,0,0,1
51195,0,5.0,Computer,3,16.0,E Wallet,Male,3.0,3,Laptop & Accessory,1,Single,9,0,13.0,1.0,1.0,0.0,146.48,1,1,0,0,0,0,1,0,0,0,1,0,0,0,0,1
50073,0,15.0,Computer,1,27.0,Credit Card,Female,2.0,3,Laptop & Accessory,3,Married,3,0,16.0,0.0,1.0,2.0,152.65,0,1,0,0,1,0,0,0,0,0,1,0,0,0,1,0
51995,0,26.0,Phone,1,29.0,Debit Card,Female,3.0,3,Grocery,1,Single,7,0,18.0,3.0,2.0,8.0,242.75,0,0,1,0,0,1,0,0,0,1,0,0,0,0,0,1
51882,0,30.0,Phone,3,22.0,E Wallet,Male,2.0,3,Laptop & Accessory,5,Single,9,0,14.0,2.0,2.0,2.0,154.05,1,0,1,0,0,0,1,0,0,0,1,0,0,0,0,1
51466,0,3.0,Computer,1,14.0,Debit Card,Male,3.0,5,Mobile,3,Married,2,0,25.0,0.0,1.0,9.0,126.13,1,1,0,0,0,1,0,0,0,0,0,1,0,0,1,0
53632,0,4.0,Phone,1,13.0,Cash On Delivery,Female,3.0,5,Laptop & Accessory,2,Divorced,2,0,13.0,6.0,7.0,8.0,171.27,0,0,1,1,0,0,0,0,0,0,1,0,0,1,0,0
55392,0,20.0,Phone,1,20.0,Debit Card,Male,3.0,4,Laptop & Accessory,4,Single,8,0,15.0,2.0,2.0,10.0,180.62,1,0,1,0,0,1,0,0,0,0,1,0,0,0,0,1
54736,0,28.0,Phone,1,26.0,Credit Card,Female,4.0,4,Laptop & Accessory,5,Married,11,1,12.0,1.0,2.0,5.0,179.85,0,0,1,0,1,0,0,0,0,0,1,0,0,0,1,0
51514,0,11.0,Phone,3,6.0,Debit Card,Female,2.0,4,Laptop & Accessory,1,Single,5,0,22.0,0.0,1.0,7.0,186.86,0,0,1,0,0,1,0,0,0,0,1,0,0,0,0,1
52245,0,22.0,Phone,1,10.0,Credit Card,Male,2.0,4,Others,3,Married,3,0,13.0,1.0,1.0,0.0,287.11,1,0,1,0,1,0,0,0,0,0,0,0,1,0,1,0
51431,0,29.0,Phone,1,13.0,Debit Card,Male,2.0,5,Fashion,1,Single,5,0,11.0,0.0,1.0,2.0,172.6,1,0,1,0,0,1,0,0,1,0,0,0,0,0,0,1
53748,1,1.0,Computer,3,20.0,Cash On Delivery,Female,3.0,4,Laptop & Accessory,4,Single,7,0,12.0,1.0,2.0,1.0,182.65,0,1,0,1,0,0,0,0,0,0,1,0,0,0,0,1
54117,0,6.0,Phone,1,36.0,Debit Card,Female,3.0,5,Mobile,4,Single,3,0,14.0,4.0,5.0,2.0,153.37,0,0,1,0,0,1,0,0,0,0,0,1,0,0,0,1
53549,0,27.0,Phone,1,14.0,Credit Card,Female,3.0,4,Others,3,Married,5,0,15.0,5.0,5.0,8.0,311.06,0,0,1,0,1,0,0,0,0,0,0,0,1,0,1,0
50493,0,17.0,Phone,1,10.0,Credit Card,Male,2.0,3,Laptop & Accessory,4,Single,10,0,12.0,1.0,2.0,3.0,159.33,1,0,1,0,1,0,0,0,0,0,1,0,0,0,0,1
52493,0,22.0,Phone,1,31.0,Debit Card,Female,2.0,3,Mobile,5,Married,2,0,14.0,1.0,1.0,4.0,132.11,0,0,1,0,0,1,0,0,0,0,0,1,0,0,1,0
55290,0,16.0,Phone,1,16.0,Upi,Male,4.0,5,Others,1,Single,10,0,15.0,2.0,2.0,2.0,321.13,1,0,1,0,0,0,0,1,0,0,0,0,1,0,0,1
55555,0,6.0,Phone,1,12.0,Debit Card,Male,3.0,5,Laptop & Accessory,1,Single,10,0,25.0,2.0,2.0,3.0,221.79,1,0,1,0,0,1,0,0,0,0,1,0,0,0,0,1
54438,0,12.0,Phone,3,14.0,Credit Card,Female,3.0,2,Laptop & Accessory,5,Married,3,1,25.0,5.0,8.0,8.0,181.05,0,0,1,0,1,0,0,0,0,0,1,0,0,0,1,0
52516,0,0.0,Computer,1,14.0,Credit Card,Male,2.0,3,Mobile,1,Single,3,0,13.0,0.0,1.0,2.0,125.80000000000001,1,1,0,0,1,0,0,0,0,0,0,1,0,0,0,1
50568,0,5.0,Phone,1,9.0,Credit Card,Female,3.0,3,Laptop & Accessory,5,Divorced,2,0,12.0,6.0,6.0,3.0,167.25,0,0,1,0,1,0,0,0,0,0,1,0,0,1,0,0
53352,0,17.0,Phone,1,15.0,Debit Card,Female,3.0,4,Laptop & Accessory,4,Married,6,0,22.0,2.0,2.0,1.0,172.65,0,0,1,0,0,1,0,0,0,0,1,0,0,0,1,0
54014,0,2.0,Computer,2,7.0,Debit Card,Male,3.0,4,Mobile,1,Married,3,0,16.0,1.0,3.0,3.0,152.06,1,1,0,0,0,1,0,0,0,0,0,1,0,0,1,0
53637,1,4.0,Phone,3,32.0,E Wallet,Male,3.0,5,Fashion,4,Single,4,1,13.0,1.0,2.0,3.0,215.94,1,0,1,0,0,0,1,0,1,0,0,0,0,0,0,1
50131,0,0.0,Phone,1,6.0,Debit Card,Female,3.0,3,Laptop & Accessory,3,Divorced,1,0,12.0,1.0,1.0,2.0,148.98,0,0,1,0,0,1,0,0,0,0,1,0,0,1,0,0
53461,0,20.0,Phone,1,7.0,Credit Card,Male,3.0,4,Others,2,Married,11,0,15.0,2.0,3.0,3.0,321.27,1,0,1,0,1,0,0,0,0,0,0,0,1,0,1,0
52113,0,10.0,Phone,1,9.0,Upi,Female,2.0,3,Laptop & Accessory,4,Single,4,0,15.0,1.0,1.0,1.0,141.07,0,0,1,0,0,0,0,1,0,0,1,0,0,0,0,1
53655,0,8.0,Phone,3,22.0,Credit Card,Female,4.0,4,Laptop & Accessory,5,Single,3,0,13.0,2.0,10.0,7.0,186.25,0,0,1,0,1,0,0,0,0,0,1,0,0,0,0,1
52528,0,9.0,Computer,1,7.0,Credit Card,Female,2.0,4,Laptop & Accessory,3,Married,1,0,15.0,0.0,1.0,2.0,143.74,0,1,0,0,1,0,0,0,0,0,1,0,0,0,1,0
51395,0,9.0,Phone,1,14.0,Debit Card,Male,2.0,1,Mobile,1,Married,2,0,19.0,1.0,1.0,1.0,122.69,1,0,1,0,0,1,0,0,0,0,0,1,0,0,1,0
51856,0,27.0,Phone,2,25.0,Credit Card,Male,2.0,3,Fashion,4,Married,3,0,15.0,2.0,7.0,1.0,207.25,1,0,1,0,1,0,0,0,1,0,0,0,0,0,1,0
51150,0,4.0,Phone,3,35.0,E Wallet,Female,3.0,4,Laptop & Accessory,1,Married,2,0,14.0,2.0,5.0,7.0,154.68,0,0,1,0,0,0,1,0,0,0,1,0,0,0,1,0
52374,0,9.0,Phone,1,11.0,Credit Card,Male,2.0,1,Mobile,3,Married,3,1,12.0,0.0,1.0,3.0,121.27000000000001,1,0,1,0,1,0,0,0,0,0,0,1,0,0,1,0
51048,0,2.0,Phone,3,16.0,Credit Card,Male,2.0,4,Laptop & Accessory,3,Single,10,0,11.0,1.0,1.0,4.0,158.69,1,0,1,0,1,0,0,0,0,0,1,0,0,0,0,1
50016,1,9.0,Phone,2,12.0,Upi,Male,3.0,3,Mobile,5,Married,5,1,22.0,1.0,1.0,2.0,120.72999999999999,1,0,1,0,0,0,0,1,0,0,0,1,0,0,1,0
55304,0,19.0,Computer,3,33.0,E Wallet,Male,3.0,5,Laptop & Accessory,5,Married,3,0,16.0,4.0,5.0,6.0,168.85,1,1,0,0,0,0,1,0,0,0,1,0,0,0,1,0
52790,1,19.0,Phone,1,14.0,Cash On Delivery,Male,3.0,3,Mobile,3,Married,9,0,11.0,6.0,9.0,8.0,123.38999999999999,1,0,1,1,0,0,0,0,0,0,0,1,0,0,1,0
52868,1,1.0,Phone,1,9.0,Debit Card,Male,3.0,5,Mobile,2,Single,3,0,23.0,1.0,2.0,1.0,136.02,1,0,1,0,0,1,0,0,0,0,0,1,0,0,0,1
53689,0,1.0,Phone,1,9.0,Credit Card,Male,3.0,5,Mobile,2,Single,2,0,13.0,1.0,2.0,2.0,164.04,1,0,1,0,1,0,0,0,0,0,0,1,0,0,0,1
51671,0,4.0,Computer,1,13.0,Debit Card,Female,2.0,4,Fashion,3,Married,2,0,24.0,7.0,8.0,9.0,189.43,0,1,0,0,0,1,0,0,1,0,0,0,0,0,1,0
54454,1,1.0,Phone,3,11.0,E Wallet,Male,3.0,5,Laptop & Accessory,1,Single,3,1,13.0,5.0,8.0,5.0,183.28,1,0,1,0,0,0,1,0,0,0,1,0,0,0,0,1
54818,0,3.0,Phone,1,14.0,Credit Card,Female,4.0,5,Mobile,1,Married,8,0,15.0,2.0,2.0,4.0,150.32,0,0,1,0,1,0,0,0,0,0,0,1,0,0,1,0
52178,0,10.0,Phone,1,31.0,Credit Card,Female,2.0,4,Laptop & Accessory,1,Married,8,0,13.0,1.0,1.0,3.0,157.31,0,0,1,0,1,0,0,0,0,0,1,0,0,0,1,0
53756,0,29.0,Phone,1,11.0,Debit Card,Male,2.0,4,Laptop & Accessory,3,Divorced,2,1,17.0,1.0,2.0,3.0,165.35,1,0,1,0,0,1,0,0,0,0,1,0,0,1,0,0
54055,0,2.0,Computer,3,7.0,Debit Card,Male,3.0,5,Laptop & Accessory,1,Married,3,1,13.0,1.0,2.0,8.0,193.34,1,1,0,0,0,1,0,0,0,0,1,0,0,0,1,0
50772,0,4.0,Phone,1,30.0,Credit Card,Female,3.0,4,Laptop & Accessory,5,Single,2,0,19.0,0.0,1.0,8.0,168.12,0,0,1,0,1,0,0,0,0,0,1,0,0,0,0,1
53148,1,1.0,Computer,3,12.0,E Wallet,Male,4.0,4,Mobile,4,Single,3,1,15.0,2.0,2.0,1.0,143.78,1,1,0,0,0,0,1,0,0,0,0,1,0,0,0,1
51818,0,10.0,Phone,1,6.0,Debit Card,Female,3.0,3,Laptop & Accessory,4,Married,7,0,12.0,4.0,4.0,3.0,164.47,0,0,1,0,0,1,0,0,0,0,1,0,0,0,1,0
52130,0,11.0,Phone,1,23.0,Debit Card,Female,3.0,4,Fashion,3,Married,1,0,18.0,1.0,1.0,9.0,188.23,0,0,1,0,0,1,0,0,1,0,0,0,0,0,1,0
53588,0,31.0,Phone,3,10.0,Debit Card,Female,3.0,5,Laptop & Accessory,2,Single,7,0,18.0,1.0,2.0,6.0,176.71,0,0,1,0,0,1,0,0,0,0,1,0,0,0,0,1
50517,0,5.0,Computer,3,11.0,Debit Card,Male,2.0,3,Laptop & Accessory,4,Divorced,2,0,14.0,2.0,5.0,3.0,165.24,1,1,0,0,0,1,0,0,0,0,1,0,0,1,0,0
55537,0,12.0,Phone,1,16.0,Debit Card,Male,4.0,4,Mobile,1,Married,4,0,20.0,1.0,2.0,4.0,172.71,1,0,1,0,0,1,0,0,0,0,0,1,0,0,1,0
55345,0,28.0,Phone,1,29.0,Credit Card,Female,4.0,4,Grocery,3,Married,5,0,15.0,4.0,5.0,8.0,299.26,0,0,1,0,1,0,0,0,0,1,0,0,0,0,1,0
52899,0,14.0,Computer,1,16.0,Debit Card,Male,4.0,5,Laptop & Accessory,2,Divorced,11,0,15.0,2.0,2.0,3.0,173.76,1,1,0,0,0,1,0,0,0,0,1,0,0,1,0,0
53458,0,11.0,Phone,1,10.0,Upi,Female,3.0,4,Laptop & Accessory,4,Single,5,0,16.0,2.0,2.0,2.0,166.07,0,0,1,0,0,0,0,1,0,0,1,0,0,0,0,1
53608,0,8.0,Phone,3,9.0,E Wallet,Female,3.0,4,Laptop & Accessory,5,Single,2,1,13.0,2.0,2.0,3.0,170.38,0,0,1,0,0,0,1,0,0,0,1,0,0,0,0,1
53001,0,5.0,Phone,2,9.0,Upi,Male,4.0,5,Laptop & Accessory,5,Divorced,5,0,13.0,1.0,2.0,1.0,189.1,1,0,1,0,0,0,0,1,0,0,1,0,0,1,0,0
55602,0,30.0,Computer,1,8.0,Debit Card,Male,3.0,4,Laptop & Accessory,3,Married,3,0,22.0,1.0,2.0,10.0,188.06,1,1,0,0,0,1,0,0,0,0,1,0,0,0,1,0
51377,0,17.0,Phone,1,16.0,Upi,Male,2.0,3,Laptop & Accessory,1,Married,3,1,13.0,0.0,1.0,3.0,164.65,1,0,1,0,0,0,0,1,0,0,1,0,0,0,1,0
51890,0,20.0,Computer,3,9.0,Credit Card,Female,2.0,3,Grocery,3,Married,10,1,12.0,1.0,2.0,13.0,237.7,0,1,0,0,1,0,0,0,0,1,0,0,0,0,1,0
53302,0,9.0,Phone,1,14.0,Upi,Male,3.0,4,Fashion,3,Single,5,0,22.0,1.0,2.0,3.0,227.21,1,0,1,0,0,0,0,1,1,0,0,0,0,0,0,1
55472,0,1.0,Computer,1,21.0,Credit Card,Female,3.0,4,Mobile,3,Single,3,0,17.0,2.0,2.0,1.0,140.14,0,1,0,0,1,0,0,0,0,0,0,1,0,0,0,1
51513,0,3.0,Phone,3,11.0,Debit Card,Female,2.0,3,Fashion,1,Married,3,0,12.0,1.0,7.0,4.0,194.19,0,0,1,0,0,1,0,0,1,0,0,0,0,0,1,0
51580,1,0.0,Phone,1,14.0,Credit Card,Male,2.0,3,Mobile,1,Married,6,1,13.0,1.0,1.0,4.0,124.36000000000001,1,0,1,0,1,0,0,0,0,0,0,1,0,0,1,0
50454,0,11.0,Computer,1,8.0,Debit Card,Female,3.0,1,Laptop & Accessory,5,Single,7,1,12.0,4.0,4.0,12.0,159.8,0,1,0,0,0,1,0,0,0,0,1,0,0,0,0,1
54748,0,26.0,Phone,1,18.0,Debit Card,Female,3.0,4,Laptop & Accessory,3,Married,10,0,21.0,2.0,2.0,5.0,156.49,0,0,1,0,0,1,0,0,0,0,1,0,0,0,1,0
52669,0,1.0,Computer,2,7.0,Debit Card,Male,2.9315348837209303,3,Mobile,1,Married,2,0,15.0,1.0,2.0,2.0,127.06,1,1,0,0,0,1,0,0,0,0,0,1,0,0,1,0
55533,0,13.0,Phone,1,16.0,Credit Card,Male,3.0,4,Laptop & Accessory,5,Married,3,0,26.0,1.0,8.0,10.0,176.51,1,0,1,0,1,0,0,0,0,0,1,0,0,0,1,0
54658,0,18.0,Phone,1,10.0,Upi,Male,3.0,4,Others,1,Married,6,1,15.0,1.0,2.0,2.0,320.13,1,0,1,0,0,0,0,1,0,0,0,0,1,0,1,0
55082,0,2.0,Computer,1,8.0,Credit Card,Male,3.0,4,Mobile,3,Single,2,1,12.0,2.0,2.0,3.0,146.54,1,1,0,0,1,0,0,0,0,0,0,1,0,0,0,1
52143,1,0.0,Phone,1,14.0,Credit Card,Male,2.0,3,Mobile,3,Married,2,0,20.0,1.0,1.0,0.0,123.77000000000001,1,0,1,0,1,0,0,0,0,0,0,1,0,0,1,0
54754,0,10.0,Phone,1,7.0,Upi,Female,3.0,4,Laptop & Accessory,4,Married,2,0,16.0,2.0,2.0,6.0,177.28,0,0,1,0,0,0,0,1,0,0,1,0,0,0,1,0
52550,1,11.0,Computer,3,14.0,Credit Card,Female,3.0,3,Mobile,3,Married,3,1,11.0,1.0,7.0,7.0,126.55000000000001,0,1,0,0,1,0,0,0,0,0,0,1,0,0,1,0
50530,0,12.0,Phone,2,8.0,Debit Card,Female,2.0,4,Laptop & Accessory,2,Divorced,9,0,11.0,0.0,1.0,4.0,152.04,0,0,1,0,0,1,0,0,0,0,1,0,0,1,0,0
55046,0,1.0,Phone,3,17.0,Debit Card,Male,3.0,4,Laptop & Accessory,1,Single,2,0,15.0,2.0,2.0,2.0,174.5,1,0,1,0,0,1,0,0,0,0,1,0,0,0,0,1
50706,0,14.0,Phone,1,18.0,Debit Card,Male,2.0,3,Mobile,2,Divorced,4,1,11.0,1.0,1.0,0.0,147.66,1,0,1,0,0,1,0,0,0,0,0,1,0,1,0,0
50717,0,0.0,Phone,1,30.0,Credit Card,Male,2.0,3,Mobile,4,Single,9,0,22.0,1.0,1.0,2.0,135.97,1,0,1,0,1,0,0,0,0,0,0,1,0,0,0,1
52973,0,3.0,Computer,3,9.0,Debit Card,Male,3.0,4,Laptop & Accessory,2,Single,3,0,19.0,1.0,2.0,10.0,170.54,1,1,0,0,0,1,0,0,0,0,1,0,0,0,0,1
52297,0,14.0,Computer,3,16.0,Credit Card,Male,2.0,5,Laptop & Accessory,4,Single,2,0,13.0,3.0,11.0,9.0,161.51,1,1,0,0,1,0,0,0,0,0,1,0,0,0,0,1
50972,0,13.0,Phone,2,12.0,Credit Card,Male,2.0,3,Grocery,1,Single,2,1,21.0,1.0,7.0,7.0,264.37,1,0,1,0,1,0,0,0,0,1,0,0,0,0,0,1
54177,0,6.0,Phone,1,12.0,Debit Card,Male,4.0,2,Mobile,4,Married,2,1,13.0,2.0,2.0,6.0,157.98,1,0,1,0,0,1,0,0,0,0,0,1,0,0,1,0
54257,0,1.0,Phone,3,10.0,Upi,Female,3.0,4,Laptop & Accessory,3,Married,2,0,22.0,1.0,2.0,3.0,174.99,0,0,1,0,0,0,0,1,0,0,1,0,0,0,1,0
52599,0,6.0,Computer,3,8.0,E Wallet,Female,3.0,3,Laptop & Accessory,4,Single,9,0,15.0,1.0,1.0,7.0,151.47,0,1,0,0,0,0,1,0,0,0,1,0,0,0,0,1
55272,1,17.0,Phone,1,9.0,Cash On Delivery,Female,4.0,5,Fashion,1,Married,2,0,17.0,1.0,2.0,3.0,226.69,0,0,1,1,0,0,0,0,1,0,0,0,0,0,1,0
55200,1,1.0,Phone,2,16.0,Cash On Delivery,Female,3.0,4,Mobile,3,Married,3,0,16.0,3.0,3.0,3.0,152.42,0,0,1,1,0,0,0,0,0,0,0,1,0,0,1,0
50496,0,8.0,Phone,1,14.0,Credit Card,Female,2.0,4,Mobile,5,Single,2,0,11.0,1.0,1.0,1.0,125.59,0,0,1,0,1,0,0,0,0,0,0,1,0,0,0,1
55276,0,8.0,Phone,1,14.0,Credit Card,Male,3.0,4,Mobile,1,Single,3,0,14.0,1.0,2.0,1.0,154.72,1,0,1,0,1,0,0,0,0,0,0,1,0,0,0,1
50254,1,0.0,Computer,3,25.0,E Wallet,Male,3.0,2,Laptop & Accessory,2,Single,9,1,13.0,1.0,1.0,4.0,153.04,1,1,0,0,0,0,1,0,0,0,1,0,0,0,0,1
51302,0,5.0,Phone,1,35.0,Debit Card,Female,2.9315348837209303,4,Mobile,4,Single,2,0,13.0,3.0,4.0,1.0,128.37,0,0,1,0,0,1,0,0,0,0,0,1,0,0,0,1
54346,0,7.0,Phone,1,21.0,Credit Card,Female,4.0,4,Mobile,4,Married,3,0,14.0,2.0,2.0,7.0,152.56,0,0,1,0,1,0,0,0,0,0,0,1,0,0,1,0
52524,0,0.0,Phone,3,8.0,Credit Card,Female,2.9315348837209303,3,Mobile,3,Single,2,0,19.0,0.0,2.0,2.0,127.83000000000001,0,0,1,0,1,0,0,0,0,0,0,1,0,0,0,1
54814,0,24.0,Computer,1,9.0,Debit Card,Male,4.0,4,Grocery,5,Married,3,0,15.0,14.0,15.0,8.0,304.24,1,1,0,0,0,1,0,0,0,1,0,0,0,0,1,0
53844,1,1.0,Computer,3,10.0,Credit Card,Female,4.0,4,Mobile,1,Single,3,1,13.0,1.0,2.0,1.0,140.69,0,1,0,0,1,0,0,0,0,0,0,1,0,0,0,1
52420,0,6.0,Phone,1,14.0,Debit Card,Male,3.0,3,Laptop & Accessory,3,Single,3,1,17.0,1.0,1.0,0.0,163.88,1,0,1,0,0,1,0,0,0,0,1,0,0,0,0,1
54167,0,31.0,Phone,1,10.0,Credit Card,Female,3.0,2,Mobile,5,Married,6,1,21.0,1.0,2.0,1.0,151.7,0,0,1,0,1,0,0,0,0,0,0,1,0,0,1,0
51525,0,9.0,Phone,1,15.0,Debit Card,Female,3.0,3,Mobile,1,Single,2,0,12.0,1.0,2.0,1.0,122.88,0,0,1,0,0,1,0,0,0,0,0,1,0,0,0,1
51834,0,15.0,Phone,1,8.0,Debit Card,Female,2.0,3,Laptop & Accessory,1,Married,2,0,13.0,0.0,2.0,2.0,140.89,0,0,1,0,0,1,0,0,0,0,1,0,0,0,1,0
53683,0,13.0,Computer,1,32.0,Debit Card,Male,4.0,4,Fashion,3,Divorced,5,0,22.0,1.0,2.0,6.0,234.2,1,1,0,0,0,1,0,0,1,0,0,0,0,1,0,0
53909,0,15.0,Phone,3,13.0,E Wallet,Male,3.0,4,Fashion,3,Single,3,0,13.0,7.0,9.0,3.0,217.41,1,0,1,0,0,0,1,0,1,0,0,0,0,0,0,1
52118,0,29.0,Computer,1,15.0,Credit Card,Female,2.9315348837209303,3,Mobile,3,Married,3,0,19.0,1.0,1.0,3.0,129.42,0,1,0,0,1,0,0,0,0,0,0,1,0,0,1,0
50119,0,13.0,Phone,1,30.0,Cash On Delivery,Male,3.0,3,Laptop & Accessory,2,Married,2,0,17.0,2.0,4.0,7.0,133.19,1,0,1,1,0,0,0,0,0,0,1,0,0,0,1,0
54733,0,3.0,Phone,1,34.0,Credit Card,Female,4.0,4,Laptop & Accessory,3,Married,6,0,13.0,1.0,2.0,2.0,168.35,0,0,1,0,1,0,0,0,0,0,1,0,0,0,1,0
52567,0,18.0,Computer,1,7.0,Debit Card,Male,3.0,4,Fashion,3,Married,4,0,23.0,4.0,14.0,4.0,207.48000000000002,1,1,0,0,0,1,0,0,1,0,0,0,0,0,1,0
52133,0,28.0,Computer,1,8.0,Debit Card,Male,3.0,3,Fashion,4,Married,4,0,18.0,0.0,1.0,3.0,209.76,1,1,0,0,0,1,0,0,1,0,0,0,0,0,1,0
50060,0,26.0,Phone,1,19.0,Credit Card,Female,2.0,2,Laptop & Accessory,5,Married,2,0,11.0,1.0,1.0,3.0,144.5,0,0,1,0,1,0,0,0,0,0,1,0,0,0,1,0
51165,0,11.0,Computer,2,14.0,Upi,Male,3.0,3,Mobile,4,Married,6,0,13.0,3.0,3.0,8.0,125.91999999999999,1,1,0,0,0,0,0,1,0,0,0,1,0,0,1,0
52142,1,0.0,Phone,1,10.0,Cash On Delivery,Male,2.0,3,Mobile,1,Married,2,1,15.0,4.0,5.0,6.0,136.91,1,0,1,1,0,0,0,0,0,0,0,1,0,0,1,0
53888,0,1.0,Phone,3,16.0,Debit Card,Male,3.0,4,Mobile,5,Single,3,0,12.0,1.0,2.0,3.0,152.28,1,0,1,0,0,1,0,0,0,0,0,1,0,0,0,1
50827,0,14.0,Computer,3,16.0,Credit Card,Male,2.0,5,Laptop & Accessory,4,Single,2,0,13.0,3.0,11.0,9.0,161.51,1,1,0,0,1,0,0,0,0,0,1,0,0,0,0,1
53818,0,1.0,Phone,1,17.0,Cash On Delivery,Male,3.0,2,Mobile,3,Married,4,0,17.0,3.0,3.0,3.0,145.73,1,0,1,1,0,0,0,0,0,0,0,1,0,0,1,0
54221,0,6.0,Phone,1,7.0,Credit Card,Male,3.0,4,Laptop & Accessory,1,Married,3,1,23.0,6.0,8.0,9.0,186.62,1,0,1,0,1,0,0,0,0,0,1,0,0,0,1,0
52697,0,21.0,Computer,1,28.0,Credit Card,Female,2.0,3,Grocery,1,Married,4,0,11.0,1.0,4.0,7.0,271.74,0,1,0,0,1,0,0,0,0,1,0,0,0,0,1,0
55307,0,8.0,Computer,1,17.0,Debit Card,Male,3.0,2,Laptop & Accessory,1,Married,3,0,14.0,4.0,8.0,3.0,172.24,1,1,0,0,0,1,0,0,0,0,1,0,0,0,1,0
51056,0,9.0,Phone,1,13.0,Debit Card,Male,3.0,3,Mobile,4,Single,3,0,11.0,0.0,1.0,3.0,120.13,1,0,1,0,0,1,0,0,0,0,0,1,0,0,0,1
52893,0,8.0,Computer,1,17.0,Credit Card,Male,3.0,4,Mobile,3,Married,3,1,18.0,3.0,3.0,1.0,163.15,1,1,0,0,1,0,0,0,0,0,0,1,0,0,1,0
54855,0,7.0,Phone,1,7.0,Debit Card,Female,3.0,5,Laptop & Accessory,1,Single,2,0,15.0,2.0,2.0,5.0,194.49,0,0,1,0,0,1,0,0,0,0,1,0,0,0,0,1
51058,0,9.0,Computer,1,6.0,Credit Card,Female,2.0,4,Laptop & Accessory,3,Married,1,0,15.0,1.0,1.0,2.0,143.74,0,1,0,0,1,0,0,0,0,0,1,0,0,0,1,0
51779,0,5.0,Phone,3,16.0,E Wallet,Female,3.0,4,Fashion,1,Married,3,1,19.0,0.0,1.0,2.0,190.71,0,0,1,0,0,0,1,0,1,0,0,0,0,0,1,0
50834,0,7.0,Phone,1,15.0,Debit Card,Male,2.0,3,Fashion,2,Married,1,0,11.0,1.0,1.0,6.0,185.0,1,0,1,0,0,1,0,0,1,0,0,0,0,0,1,0
50433,0,8.0,Computer,1,8.0,Debit Card,Female,3.0,3,Laptop & Accessory,5,Married,3,0,11.0,0.0,1.0,0.0,150.93,0,1,0,0,0,1,0,0,0,0,1,0,0,0,1,0
53094,0,15.0,Phone,3,7.0,E Wallet,Male,3.0,3,Fashion,5,Divorced,3,0,17.0,2.0,2.0,8.0,208.92,1,0,1,0,0,0,1,0,1,0,0,0,0,1,0,0
50385,0,6.0,Computer,1,12.0,Debit Card,Male,1.0,3,Laptop & Accessory,2,Married,4,0,23.0,4.0,4.0,7.0,177.25,1,1,0,0,0,1,0,0,0,0,1,0,0,0,1,0
50183,0,11.0,Phone,1,31.0,Debit Card,Female,2.0,4,Fashion,4,Divorced,4,0,17.0,1.0,1.0,3.0,220.61,0,0,1,0,0,1,0,0,1,0,0,0,0,1,0,0
52660,0,18.0,Computer,3,8.0,Debit Card,Female,3.0,3,Laptop & Accessory,3,Married,5,0,22.0,3.0,5.0,7.0,151.54,0,1,0,0,0,1,0,0,0,0,1,0,0,0,1,0
51239,0,6.0,Phone,3,16.0,E Wallet,Male,2.0,3,Laptop & Accessory,3,Single,2,0,14.0,0.0,1.0,9.0,154.87,1,0,1,0,0,0,1,0,0,0,1,0,0,0,0,1
50854,0,13.0,Phone,1,8.0,Credit Card,Female,2.0,1,Laptop & Accessory,3,Married,6,0,20.0,5.0,11.0,8.0,163.77,0,0,1,0,1,0,0,0,0,0,1,0,0,0,1,0
50552,0,8.0,Phone,1,27.0,Debit Card,Female,2.0,3,Laptop & Accessory,2,Divorced,2,1,25.0,0.0,1.0,7.0,140.14,0,0,1,0,0,1,0,0,0,0,1,0,0,1,0,0
54585,0,31.0,Phone,3,36.0,E Wallet,Male,3.0,5,Grocery,1,Married,5,0,13.0,1.0,2.0,1.0,266.18,1,0,1,0,0,0,1,0,0,1,0,0,0,0,1,0
50908,1,2.0,Computer,1,8.0,Debit Card,Female,2.0,4,Mobile,5,Single,3,1,23.0,0.0,1.0,0.0,136.46,0,1,0,0,0,1,0,0,0,0,0,1,0,0,0,1
50616,0,8.0,Phone,1,16.0,Upi,Male,2.0,3,Mobile,2,Married,2,0,20.0,1.0,1.0,2.0,139.17,1,0,1,0,0,0,0,1,0,0,0,1,0,0,1,0
52456,1,9.0,Phone,1,8.0,Debit Card,Female,3.0,3,Mobile,5,Married,2,1,12.0,1.0,1.0,0.0,120.74000000000001,0,0,1,0,0,1,0,0,0,0,0,1,0,0,1,0
52414,1,0.0,Computer,1,14.0,Credit Card,Male,2.0,4,Mobile,5,Single,8,0,11.0,1.0,1.0,0.0,125.61000000000001,1,1,0,0,1,0,0,0,0,0,0,1,0,0,0,1
50202,0,12.0,Computer,1,5.0,Credit Card,Male,2.0,4,Others,2,Divorced,2,0,15.0,9.0,13.0,3.0,292.72,1,1,0,0,1,0,0,0,0,0,0,0,1,1,0,0
53104,0,16.0,Computer,1,35.0,Cash On Delivery,Female,3.0,5,Laptop & Accessory,2,Divorced,2,0,12.0,1.0,2.0,5.0,170.23,0,1,0,1,0,0,0,0,0,0,1,0,0,1,0,0
52375,0,13.0,Computer,1,15.0,Upi,Male,2.0,3,Laptop & Accessory,3,Married,4,0,11.0,0.0,1.0,7.0,139.75,1,1,0,0,0,0,0,1,0,0,1,0,0,0,1,0
54104,0,1.0,Phone,1,9.0,Upi,Male,3.0,4,Mobile,3,Married,8,1,20.0,1.0,2.0,3.0,164.77,1,0,1,0,0,0,0,1,0,0,0,1,0,0,1,0
52514,0,0.0,Computer,1,8.0,Cash On Delivery,Female,2.0,3,Mobile,1,Single,2,1,13.0,0.0,1.0,3.0,137.6,0,1,0,1,0,0,0,0,0,0,0,1,0,0,0,1
50692,0,12.0,Computer,1,15.0,Debit Card,Male,3.0,3,Laptop & Accessory,4,Single,21,0,15.0,1.0,1.0,3.0,167.82,1,1,0,0,0,1,0,0,0,0,1,0,0,0,0,1
53485,0,8.0,Computer,1,10.0,Debit Card,Male,3.0,4,Laptop & Accessory,2,Single,2,0,18.0,2.0,2.0,5.0,202.56,1,1,0,0,0,1,0,0,0,0,1,0,0,0,0,1
51859,1,0.0,Phone,1,16.0,Credit Card,Male,2.0,3,Mobile,3,Single,2,1,11.0,1.0,1.0,1.0,110.09,1,0,1,0,1,0,0,0,0,0,0,1,0,0,0,1
52958,0,1.0,Computer,1,12.0,Debit Card,Male,3.0,3,Laptop & Accessory,5,Married,3,0,13.0,2.0,2.0,6.0,165.0,1,1,0,0,0,1,0,0,0,0,1,0,0,0,1,0
53926,0,20.0,Phone,3,9.0,Debit Card,Male,4.0,4,Fashion,1,Married,6,1,13.0,1.0,2.0,3.0,228.68,1,0,1,0,0,1,0,0,1,0,0,0,0,0,1,0
54844,1,1.0,Phone,3,26.0,E Wallet,Male,3.0,5,Mobile,4,Married,3,1,19.0,1.0,2.0,1.0,149.13,1,0,1,0,0,0,1,0,0,0,0,1,0,0,1,0
53505,0,14.0,Phone,1,21.0,Credit Card,Male,3.0,5,Others,3,Single,3,0,15.0,5.0,5.0,10.0,321.26,1,0,1,0,1,0,0,0,0,0,0,0,1,0,0,1
53005,0,13.0,Phone,1,17.0,Credit Card,Male,3.0,4,Grocery,5,Divorced,3,1,15.0,12.0,12.0,11.0,295.68,1,0,1,0,1,0,0,0,0,1,0,0,0,1,0,0
53015,0,4.0,Phone,1,35.0,Credit Card,Female,4.0,4,Laptop & Accessory,2,Divorced,3,0,14.0,1.0,2.0,10.0,182.75,0,0,1,0,1,0,0,0,0,0,1,0,0,1,0,0
55228,0,21.0,Phone,3,21.0,Credit Card,Female,4.0,4,Laptop & Accessory,3,Married,5,1,18.0,2.0,2.0,3.0,170.91,0,0,1,0,1,0,0,0,0,0,1,0,0,0,1,0
52557,0,10.0,Computer,3,7.0,Credit Card,Male,2.0,5,Laptop & Accessory,1,Married,2,0,14.0,1.0,1.0,3.0,195.25,1,1,0,0,1,0,0,0,0,0,1,0,0,0,1,0
54605,0,22.0,Phone,3,9.0,E Wallet,Female,3.0,4,Laptop & Accessory,1,Married,4,0,15.0,7.0,7.0,8.0,165.51,0,0,1,0,0,0,1,0,0,0,1,0,0,0,1,0
53471,1,1.0,Computer,1,31.0,Cash On Delivery,Male,4.0,5,Fashion,5,Single,3,0,13.0,1.0,2.0,3.0,212.22,1,1,0,1,0,0,0,0,1,0,0,0,0,0,0,1
54578,0,14.0,Phone,3,9.0,Debit Card,Female,4.0,4,Others,3,Married,2,0,15.0,2.0,2.0,13.0,305.41,0,0,1,0,0,1,0,0,0,0,0,0,1,0,1,0
53832,0,4.0,Phone,1,14.0,Credit Card,Male,3.0,5,Mobile,4,Married,3,0,13.0,1.0,2.0,2.0,146.41,1,0,1,0,1,0,0,0,0,0,0,1,0,0,1,0
52387,0,1.0,Phone,3,11.0,Credit Card,Male,2.0,3,Laptop & Accessory,5,Single,1,0,18.0,0.0,1.0,3.0,184.63,1,0,1,0,1,0,0,0,0,0,1,0,0,0,0,1
50353,0,23.0,Computer,2,9.0,Credit Card,Male,2.0,3,Others,4,Divorced,2,0,11.0,1.0,10.0,7.0,282.0,1,1,0,0,1,0,0,0,0,0,0,0,1,1,0,0
54541,0,1.0,Phone,3,17.0,E Wallet,Female,4.0,4,Laptop & Accessory,3,Married,3,1,13.0,1.0,2.0,4.0,167.6,0,0,1,0,0,0,1,0,0,0,1,0,0,0,1,0
50969,0,15.0,Computer,1,8.0,Debit Card,Male,2.0,3,Fashion,1,Married,3,1,14.0,12.0,13.0,9.0,201.24,1,1,0,0,0,1,0,0,1,0,0,0,0,0,1,0
55138,0,8.0,Computer,1,33.0,Cash On Delivery,Female,4.0,5,Mobile,3,Married,3,0,21.0,2.0,2.0,1.0,145.29,0,1,0,1,0,0,0,0,0,0,0,1,0,0,1,0
53965,0,5.0,Phone,3,36.0,E Wallet,Female,4.0,5,Laptop & Accessory,1,Married,3,0,15.0,3.0,6.0,8.0,179.68,0,0,1,0,0,0,1,0,0,0,1,0,0,0,1,0
52603,1,0.0,Phone,3,22.0,E Wallet,Male,3.0,3,Fashion,3,Married,3,0,13.0,0.0,1.0,0.0,181.61,1,0,1,0,0,0,1,0,1,0,0,0,0,0,1,0
53479,0,2.0,Phone,1,17.0,Upi,Female,3.0,4,Laptop & Accessory,3,Single,5,0,14.0,2.0,2.0,8.0,161.6,0,0,1,0,0,0,0,1,0,0,1,0,0,0,0,1
52320,0,0.0,Computer,3,8.0,Debit Card,Male,2.0,5,Laptop & Accessory,1,Single,4,0,20.0,0.0,1.0,0.0,150.71,1,1,0,0,0,1,0,0,0,0,1,0,0,0,0,1
52152,0,25.0,Phone,1,5.0,Debit Card,Male,2.0,3,Fashion,4,Single,8,0,19.0,2.0,4.0,0.0,204.45,1,0,1,0,0,1,0,0,1,0,0,0,0,0,0,1
55593,0,11.0,Phone,1,17.0,Debit Card,Female,3.0,2,Fashion,1,Married,3,1,26.0,1.0,7.0,9.0,262.44,0,0,1,0,0,1,0,0,1,0,0,0,0,0,1,0
54702,0,10.0,Computer,1,15.0,Debit Card,Female,4.0,2,Fashion,5,Married,11,0,15.0,1.0,2.0,6.0,242.13,0,1,0,0,0,1,0,0,1,0,0,0,0,0,1,0
51465,0,16.0,Computer,3,32.0,Debit Card,Male,3.0,3,Grocery,1,Married,2,1,12.0,1.0,4.0,12.0,269.59,1,1,0,0,0,1,0,0,0,1,0,0,0,0,1,0
52197,0,29.0,Phone,1,10.0,Cash On Delivery,Female,3.0,3,Others,5,Married,5,0,15.0,4.0,4.0,2.0,299.43,0,0,1,1,0,0,0,0,0,0,0,0,1,0,1,0
52908,1,1.0,Phone,1,7.0,Cash On Delivery,Male,3.0,4,Mobile,3,Single,2,0,15.0,1.0,2.0,6.0,145.58,1,0,1,1,0,0,0,0,0,0,0,1,0,0,0,1
53455,0,2.0,Phone,3,17.0,Credit Card,Male,4.0,4,Mobile,4,Divorced,3,0,23.0,2.0,2.0,1.0,135.52,1,0,1,0,1,0,0,0,0,0,0,1,0,1,0,0
55314,1,1.0,Computer,3,10.0,Credit Card,Female,4.0,4,Mobile,1,Single,3,1,13.0,2.0,2.0,1.0,140.69,0,1,0,0,1,0,0,0,0,0,0,1,0,0,0,1
52734,0,5.0,Computer,1,21.0,Credit Card,Female,2.0,3,Laptop & Accessory,1,Married,6,0,18.0,0.0,1.0,2.0,166.67,0,1,0,0,1,0,0,0,0,0,1,0,0,0,1,0
53261,0,26.0,Computer,1,26.0,Credit Card,Male,3.0,4,Mobile,2,Divorced,2,0,19.0,2.0,2.0,3.0,167.58,1,1,0,0,1,0,0,0,0,0,0,1,0,1,0,0
51205,0,2.0,Phone,2,12.0,Credit Card,Male,2.9315348837209303,4,Mobile,4,Married,2,0,11.0,1.0,1.0,0.0,128.04,1,0,1,0,1,0,0,0,0,0,0,1,0,0,1,0
51161,0,19.0,Computer,3,32.0,Debit Card,Male,3.0,4,Laptop & Accessory,4,Single,9,0,15.0,2.0,2.0,2.0,179.91,1,1,0,0,0,1,0,0,0,0,1,0,0,0,0,1
51896,0,0.0,Phone,1,14.0,Credit Card,Male,2.0,3,Mobile,5,Married,2,0,14.0,1.0,1.0,2.0,125.0,1,0,1,0,1,0,0,0,0,0,0,1,0,0,1,0
50307,0,27.0,Phone,1,14.0,Debit Card,Female,2.0,3,Laptop & Accessory,3,Single,8,0,11.0,1.0,1.0,0.0,137.8,0,0,1,0,0,1,0,0,0,0,1,0,0,0,0,1
53864,0,10.0,Phone,1,12.0,Debit Card,Female,3.0,4,Fashion,5,Married,6,0,13.0,2.0,2.0,3.0,205.08,0,0,1,0,0,1,0,0,1,0,0,0,0,0,1,0
50231,0,0.0,Phone,3,6.0,Debit Card,Male,2.0,3,Laptop & Accessory,3,Divorced,2,0,17.0,2.0,7.0,7.0,152.96,1,0,1,0,0,1,0,0,0,0,1,0,0,1,0,0
52808,0,12.0,Phone,3,30.0,E Wallet,Female,2.0,4,Grocery,1,Married,1,0,11.0,3.0,9.0,3.0,220.31,0,0,1,0,0,0,1,0,0,1,0,0,0,0,1,0
51467,0,6.0,Computer,3,28.0,E Wallet,Male,3.0,3,Laptop & Accessory,4,Married,1,0,13.0,0.0,1.0,7.0,161.46,1,1,0,0,0,0,1,0,0,0,1,0,0,0,1,0
53774,1,4.0,Phone,1,16.0,Debit Card,Male,3.0,4,Mobile,5,Single,5,0,15.0,2.0,2.0,1.0,145.18,1,0,1,0,0,1,0,0,0,0,0,1,0,0,0,1
51277,0,28.0,Phone,2,32.0,Upi,Male,3.0,1,Others,4,Married,5,1,15.0,1.0,1.0,4.0,296.36,1,0,1,0,0,0,0,1,0,0,0,0,1,0,1,0
50026,1,0.0,Phone,1,15.0,Credit Card,Female,2.0,3,Mobile,5,Single,8,0,22.0,1.0,1.0,4.0,142.0,0,0,1,0,1,0,0,0,0,0,0,1,0,0,0,1
52368,0,10.0,Computer,1,11.0,Cash On Delivery,Male,2.0,1,Mobile,3,Single,1,0,14.0,0.0,1.0,3.0,135.0,1,1,0,1,0,0,0,0,0,0,0,1,0,0,0,1
55451,1,1.0,Computer,1,16.0,Debit Card,Male,4.0,4,Laptop & Accessory,5,Married,6,0,18.0,1.0,2.0,8.0,178.46,1,1,0,0,0,1,0,0,0,0,1,0,0,0,1,0
53310,0,7.0,Phone,3,7.0,Credit Card,Male,3.0,2,Laptop & Accessory,5,Married,3,0,23.0,1.0,2.0,9.0,165.37,1,0,1,0,1,0,0,0,0,0,1,0,0,0,1,0
54116,0,7.0,Phone,1,22.0,Credit Card,Female,4.0,4,Laptop & Accessory,1,Married,2,1,14.0,6.0,9.0,2.0,37.0,0,0,1,0,1,0,0,0,0,0,1,0,0,0,1,0
54170,0,10.0,Phone,1,34.0,Credit Card,Male,4.0,4,Laptop & Accessory,3,Married,8,0,14.0,1.0,8.0,8.0,177.37,1,0,1,0,1,0,0,0,0,0,1,0,0,0,1,0
55036,0,18.0,Phone,1,36.0,Upi,Male,3.0,4,Laptop & Accessory,1,Single,3,0,26.0,7.0,14.0,18.0,170.41,1,0,1,0,0,0,0,1,0,0,1,0,0,0,0,1
52919,0,9.0,Computer,3,7.0,E Wallet,Female,4.0,4,Fashion,3,Single,3,0,15.0,2.0,2.0,3.0,212.89,0,1,0,0,0,0,1,0,1,0,0,0,0,0,0,1
54034,0,3.0,Phone,1,14.0,Debit Card,Male,3.0,4,Mobile,5,Single,5,0,15.0,1.0,2.0,3.0,145.62,1,0,1,0,0,1,0,0,0,0,0,1,0,0,0,1
53986,0,15.0,Phone,3,11.0,E Wallet,Female,3.0,4,Fashion,3,Married,2,1,14.0,1.0,14.0,3.0,229.47,0,0,1,0,0,0,1,0,1,0,0,0,0,0,1,0
52959,0,19.0,Phone,1,27.0,Credit Card,Male,4.0,4,Grocery,2,Divorced,2,1,15.0,1.0,2.0,11.0,259.96,1,0,1,0,1,0,0,0,0,1,0,0,0,1,0,0
51619,0,10.0,Phone,3,12.0,Credit Card,Male,3.0,3,Laptop & Accessory,1,Married,5,0,14.0,1.0,1.0,1.0,165.02,1,0,1,0,1,0,0,0,0,0,1,0,0,0,1,0
53605,0,29.0,Computer,1,15.0,Credit Card,Male,3.0,5,Grocery,4,Married,3,1,16.0,4.0,16.0,1.0,260.77,1,1,0,0,1,0,0,0,0,1,0,0,0,0,1,0
52401,0,7.0,Computer,1,21.0,Credit Card,Male,3.0,3,Grocery,5,Married,8,0,14.0,1.0,6.0,9.0,270.07,1,1,0,0,1,0,0,0,0,1,0,0,0,0,1,0
51861,0,9.0,Computer,1,9.0,Debit Card,Male,2.0,4,Mobile,3,Married,2,0,18.0,1.0,1.0,0.0,112.81,1,1,0,0,0,1,0,0,0,0,0,1,0,0,1,0
53325,0,1.0,Phone,3,10.0,Upi,Male,4.0,4,Laptop & Accessory,5,Divorced,3,1,19.0,2.0,2.0,4.0,166.94,1,0,1,0,0,0,0,1,0,0,1,0,0,1,0,0
53119,0,21.0,Phone,1,9.0,Credit Card,Female,4.0,4,Laptop & Accessory,2,Married,7,0,14.0,1.0,2.0,5.0,175.7,0,0,1,0,1,0,0,0,0,0,1,0,0,0,1,0
50892,1,9.0,Phone,1,14.0,Debit Card,Female,2.0,4,Mobile,4,Single,2,0,12.0,0.0,1.0,0.0,112.61000000000001,0,0,1,0,0,1,0,0,0,0,0,1,0,0,0,1
54379,0,19.0,Computer,3,13.0,Credit Card,Female,3.0,5,Fashion,1,Single,8,0,13.0,6.0,13.0,3.0,213.65,0,1,0,0,1,0,0,0,1,0,0,0,0,0,0,1
55016,0,11.0,Phone,1,8.0,Debit Card,Female,3.0,5,Laptop & Accessory,1,Married,3,0,14.0,1.0,4.0,12.0,189.74,0,0,1,0,0,1,0,0,0,0,1,0,0,0,1,0
52263,0,7.0,Phone,3,8.0,E Wallet,Female,2.0,3,Laptop & Accessory,5,Single,1,1,12.0,1.0,1.0,2.0,145.38,0,0,1,0,0,0,1,0,0,0,1,0,0,0,0,1
51836,0,11.0,Phone,1,14.0,Debit Card,Female,2.0,3,Mobile,5,Single,4,0,17.0,0.0,1.0,0.0,126.19,0,0,1,0,0,1,0,0,0,0,0,1,0,0,0,1
53838,0,23.0,Phone,1,32.0,Debit Card,Female,3.0,4,Mobile,5,Married,3,0,15.0,1.0,2.0,5.0,157.11,0,0,1,0,0,1,0,0,0,0,0,1,0,0,1,0
52749,0,12.0,Phone,3,21.0,E Wallet,Male,3.0,3,Grocery,5,Single,1,0,12.0,4.0,2.0,10.0,233.41000000000003,1,0,1,0,0,0,1,0,0,1,0,0,0,0,0,1
52496,0,8.0,Phone,1,24.0,Debit Card,Male,2.0,1,Laptop & Accessory,5,Married,2,0,11.0,1.0,1.0,10.0,152.08,1,0,1,0,0,1,0,0,0,0,1,0,0,0,1,0
52218,0,6.0,Computer,3,31.0,Credit Card,Female,2.0,3,Laptop & Accessory,3,Married,2,0,12.0,0.0,1.0,1.0,145.39,0,1,0,0,1,0,0,0,0,0,1,0,0,0,1,0
50355,1,0.0,Computer,1,13.0,Debit Card,Female,2.9315348837209303,3,Mobile,3,Divorced,2,1,16.0,0.0,1.0,2.0,128.86,0,1,0,0,0,1,0,0,0,0,0,1,0,1,0,0
52063,0,0.0,Phone,1,22.0,Cash On Delivery,Female,2.9315348837209303,3,Mobile,4,Married,10,0,14.0,2.0,2.0,2.0,128.11,0,0,1,1,0,0,0,0,0,0,0,1,0,0,1,0
55621,0,3.0,Phone,1,35.0,Credit Card,Female,4.0,5,Mobile,5,Single,3,0,15.0,1.0,2.0,5.0,162.85,0,0,1,0,1,0,0,0,0,0,0,1,0,0,0,1
55573,0,4.0,Phone,1,8.0,Credit Card,Male,4.0,4,Mobile,4,Married,3,0,14.0,2.0,2.0,8.0,162.48,1,0,1,0,1,0,0,0,0,0,0,1,0,0,1,0
52119,0,9.0,Phone,1,18.0,Credit Card,Female,2.0,4,Fashion,1,Single,1,0,11.0,5.0,7.0,8.0,188.58,0,0,1,0,1,0,0,0,1,0,0,0,0,0,0,1
51388,1,9.0,Phone,1,31.0,Debit Card,Male,2.0,5,Mobile,3,Single,2,0,12.0,0.0,1.0,1.0,122.93,1,0,1,0,0,1,0,0,0,0,0,1,0,0,0,1
52392,0,17.0,Phone,1,26.0,Debit Card,Male,2.0,3,Mobile,4,Single,2,0,13.0,1.0,1.0,3.0,134.2,1,0,1,0,0,1,0,0,0,0,0,1,0,0,0,1
54232,0,3.0,Phone,1,9.0,Debit Card,Male,4.0,4,Mobile,4,Married,2,0,24.0,2.0,2.0,5.0,152.03,1,0,1,0,0,1,0,0,0,0,0,1,0,0,1,0
54617,0,5.0,Phone,3,14.0,Debit Card,Male,3.0,5,Fashion,1,Married,11,0,22.0,2.0,2.0,2.0,240.57,1,0,1,0,0,1,0,0,1,0,0,0,0,0,1,0
51776,0,8.0,Phone,1,28.0,Debit Card,Male,2.0,5,Mobile,3,Single,1,0,15.0,1.0,4.0,3.0,142.3,1,0,1,0,0,1,0,0,0,0,0,1,0,0,0,1
50072,0,8.0,Computer,1,8.0,Credit Card,Female,2.0,3,Laptop & Accessory,4,Single,6,0,11.0,1.0,1.0,2.0,144.25,0,1,0,0,1,0,0,0,0,0,1,0,0,0,0,1
55051,0,28.0,Computer,1,8.0,Debit Card,Female,3.0,4,Fashion,3,Married,9,0,18.0,1.0,2.0,3.0,230.02,0,1,0,0,0,1,0,0,1,0,0,0,0,0,1,0
52871,0,5.0,Phone,1,19.0,Credit Card,Female,4.0,4,Mobile,2,Divorced,10,1,24.0,2.0,2.0,3.0,164.29,0,0,1,0,1,0,0,0,0,0,0,1,0,1,0,0
52910,0,28.0,Phone,3,10.0,E Wallet,Female,3.0,4,Laptop & Accessory,5,Divorced,4,0,15.0,2.0,2.0,6.0,184.4,0,0,1,0,0,0,1,0,0,0,1,0,0,1,0,0
50976,0,8.0,Phone,3,14.0,Debit Card,Female,3.0,4,Mobile,3,Married,1,0,23.0,2.0,4.0,2.0,124.30000000000001,0,0,1,0,0,1,0,0,0,0,0,1,0,0,1,0
52397,0,17.0,Computer,3,7.0,E Wallet,Female,3.0,3,Laptop & Accessory,3,Married,8,0,12.0,0.0,1.0,0.0,147.68,0,1,0,0,0,0,1,0,0,0,1,0,0,0,1,0
54547,0,11.0,Phone,1,21.0,Debit Card,Female,4.0,4,Mobile,5,Married,3,0,13.0,11.0,13.0,18.0,155.34,0,0,1,0,0,1,0,0,0,0,0,1,0,0,1,0
54053,0,19.0,Computer,1,7.0,Credit Card,Male,3.0,4,Laptop & Accessory,3,Single,6,0,13.0,2.0,2.0,4.0,178.99,1,1,0,0,1,0,0,0,0,0,1,0,0,0,0,1
52160,0,13.0,Phone,1,20.0,Credit Card,Male,2.0,4,Others,3,Single,2,0,15.0,3.0,4.0,9.0,296.26,1,0,1,0,1,0,0,0,0,0,0,0,1,0,0,1
51097,0,18.0,Computer,1,6.0,Debit Card,Male,3.0,4,Fashion,3,Married,4,0,23.0,3.0,14.0,4.0,207.48000000000002,1,1,0,0,0,1,0,0,1,0,0,0,0,0,1,0
50858,0,11.0,Computer,1,14.0,Debit Card,Male,2.0,1,Mobile,3,Married,2,0,11.0,0.0,1.0,3.0,126.1,1,1,0,0,0,1,0,0,0,0,0,1,0,0,1,0
51071,0,22.0,Phone,1,6.0,Debit Card,Male,2.0,3,Grocery,3,Single,5,0,14.0,1.0,2.0,0.0,253.79000000000002,1,0,1,0,0,1,0,0,0,1,0,0,0,0,0,1
55589,0,6.0,Phone,3,8.0,Credit Card,Male,4.0,5,Mobile,4,Married,2,0,15.0,3.0,3.0,3.0,147.69,1,0,1,0,1,0,0,0,0,0,0,1,0,0,1,0
53797,1,1.0,Phone,3,7.0,Debit Card,Male,4.0,5,Laptop & Accessory,5,Married,3,0,12.0,4.0,7.0,3.0,222.14,1,0,1,0,0,1,0,0,0,0,1,0,0,0,1,0
55034,0,10.0,Phone,1,13.0,Debit Card,Male,3.0,6,Mobile,3,Married,3,0,15.0,2.0,2.0,8.0,152.41,1,0,1,0,0,1,0,0,0,0,0,1,0,0,1,0
55321,0,19.0,Phone,1,9.0,Upi,Female,3.0,5,Laptop & Accessory,1,Married,3,0,20.0,4.0,4.0,10.0,182.7,0,0,1,0,0,0,0,1,0,0,1,0,0,0,1,0
55093,1,1.0,Phone,1,14.0,Cash On Delivery,Female,3.0,4,Mobile,3,Married,5,1,14.0,5.0,8.0,8.0,158.39,0,0,1,1,0,0,0,0,0,0,0,1,0,0,1,0
53051,0,31.0,Phone,1,7.0,Credit Card,Male,3.0,4,Laptop & Accessory,3,Divorced,4,0,12.0,2.0,2.0,3.0,192.55,1,0,1,0,1,0,0,0,0,0,1,0,0,1,0,0
51109,0,3.0,Phone,1,22.0,Debit Card,Male,2.9315348837209303,3,Mobile,1,Married,2,0,12.0,0.0,1.0,8.0,128.62,1,0,1,0,0,1,0,0,0,0,0,1,0,0,1,0
52714,0,7.0,Computer,1,28.0,Upi,Male,2.0,4,Laptop & Accessory,1,Married,2,1,15.0,3.0,6.0,11.0,157.47,1,1,0,0,0,0,0,1,0,0,1,0,0,0,1,0
51369,0,9.0,Phone,1,21.0,Debit Card,Male,3.0,3,Mobile,1,Single,2,0,14.0,1.0,1.0,0.0,112.32,1,0,1,0,0,1,0,0,0,0,0,1,0,0,0,1
50176,0,14.0,Phone,3,8.0,Debit Card,Male,2.0,3,Grocery,4,Single,2,0,19.0,1.0,2.0,4.0,260.15,1,0,1,0,0,1,0,0,0,1,0,0,0,0,0,1
52579,0,3.0,Phone,1,22.0,Debit Card,Male,2.9315348837209303,3,Mobile,1,Married,2,0,12.0,0.0,1.0,8.0,128.62,1,0,1,0,0,1,0,0,0,0,0,1,0,0,1,0
51367,1,0.0,Phone,3,15.0,Debit Card,Male,2.0,4,Mobile,5,Single,8,0,23.0,0.0,1.0,3.0,134.07,1,0,1,0,0,1,0,0,0,0,0,1,0,0,0,1
52462,0,28.0,Phone,3,32.0,E Wallet,Male,2.0,4,Others,1,Married,2,0,15.0,0.0,2.0,13.0,295.86,1,0,1,0,0,0,1,0,0,0,0,0,1,0,1,0
52925,1,1.0,Phone,1,21.0,Credit Card,Male,3.0,4,Mobile,2,Divorced,7,1,14.0,1.0,2.0,5.0,149.36,1,0,1,0,1,0,0,0,0,0,0,1,0,1,0,0
55568,0,1.0,Phone,1,8.0,Debit Card,Male,3.0,5,Laptop & Accessory,3,Single,3,0,13.0,2.0,2.0,3.0,171.17,1,0,1,0,0,1,0,0,0,0,1,0,0,0,0,1
51156,0,10.0,Phone,2,14.0,Upi,Male,2.0,3,Laptop & Accessory,4,Married,3,0,13.0,4.0,4.0,7.0,140.71,1,0,1,0,0,0,0,1,0,0,1,0,0,0,1,0
50551,0,4.0,Phone,3,14.0,Debit Card,Male,2.0,4,Mobile,3,Divorced,4,0,15.0,3.0,5.0,2.0,123.28999999999999,1,0,1,0,0,1,0,0,0,0,0,1,0,1,0,0
52339,0,0.0,Phone,3,24.0,Debit Card,Male,3.0,1,Laptop & Accessory,3,Married,3,0,11.0,1.0,1.0,2.0,162.32,1,0,1,0,0,1,0,0,0,0,1,0,0,0,1,0
54643,1,1.0,Phone,3,20.0,Credit Card,Male,3.0,4,Laptop & Accessory,5,Married,4,0,18.0,1.0,2.0,3.0,167.33,1,0,1,0,1,0,0,0,0,0,1,0,0,0,1,0
50953,1,0.0,Phone,1,14.0,Cash On Delivery,Male,3.0,4,Mobile,5,Single,7,0,13.0,0.0,1.0,7.0,123.62,1,0,1,1,0,0,0,0,0,0,0,1,0,0,0,1
54471,0,5.0,Phone,2,9.0,Upi,Male,4.0,5,Laptop & Accessory,5,Married,5,0,13.0,1.0,2.0,1.0,189.1,1,0,1,0,0,0,0,1,0,0,1,0,0,0,1,0
54124,0,1.0,Phone,3,15.0,Upi,Female,3.0,4,Laptop & Accessory,3,Married,2,1,23.0,2.0,2.0,5.0,174.07,0,0,1,0,0,0,0,1,0,0,1,0,0,0,1,0
50092,1,0.0,Computer,3,32.0,E Wallet,Female,2.0,4,Laptop & Accessory,5,Single,6,0,15.0,0.0,1.0,1.0,166.96,0,1,0,0,0,0,1,0,0,0,1,0,0,0,0,1
54501,0,11.0,Phone,1,12.0,Credit Card,Male,4.0,4,Laptop & Accessory,1,Married,9,0,17.0,2.0,2.0,5.0,188.47,1,0,1,0,1,0,0,0,0,0,1,0,0,0,1,0
55156,0,17.0,Phone,1,13.0,Credit Card,Female,4.0,5,Laptop & Accessory,3,Single,3,1,15.0,1.0,2.0,9.0,165.81,0,0,1,0,1,0,0,0,0,0,1,0,0,0,0,1
54550,0,11.0,Phone,1,17.0,Debit Card,Male,3.0,4,Laptop & Accessory,4,Single,4,1,13.0,1.0,2.0,2.0,166.97,1,0,1,0,0,1,0,0,0,0,1,0,0,0,0,1
53328,0,6.0,Computer,1,7.0,Debit Card,Male,4.0,4,Mobile,2,Married,2,0,13.0,1.0,2.0,3.0,148.14,1,1,0,0,0,1,0,0,0,0,0,1,0,0,1,0
55591,0,12.0,Phone,1,17.0,Credit Card,Female,4.0,6,Fashion,3,Married,5,0,13.0,1.0,2.0,12.0,257.06,0,0,1,0,1,0,0,0,1,0,0,0,0,0,1,0
52880,0,25.0,Phone,1,10.0,Credit Card,Female,4.0,4,Grocery,4,Single,5,0,19.0,1.0,2.0,1.0,262.34,0,0,1,0,1,0,0,0,0,1,0,0,0,0,0,1
50794,0,24.0,Computer,3,15.0,Debit Card,Male,2.0,3,Others,4,Married,5,1,15.0,2.0,11.0,10.0,298.47,1,1,0,0,0,1,0,0,0,0,0,0,1,0,1,0
53048,1,1.0,Computer,3,7.0,Cash On Delivery,Female,3.0,5,Mobile,4,Single,3,1,12.0,2.0,2.0,3.0,146.74,0,1,0,1,0,0,0,0,0,0,0,1,0,0,0,1
51315,0,9.0,Phone,3,9.0,Credit Card,Female,3.0,4,Fashion,1,Married,1,0,19.0,3.0,3.0,4.0,176.44,0,0,1,0,1,0,0,0,1,0,0,0,0,0,1,0
55032,1,1.0,Phone,1,24.0,Debit Card,Female,4.0,4,Mobile,4,Married,3,0,14.0,2.0,2.0,1.0,147.1,0,0,1,0,0,1,0,0,0,0,0,1,0,0,1,0
55241,0,20.0,Phone,3,10.0,Debit Card,Female,3.0,4,Grocery,4,Married,10,0,13.0,1.0,6.0,2.0,291.06,0,0,1,0,0,1,0,0,0,1,0,0,0,0,1,0
51354,0,11.0,Computer,1,29.0,Debit Card,Male,2.0,4,Fashion,3,Single,1,0,21.0,1.0,1.0,8.0,195.26,1,1,0,0,0,1,0,0,1,0,0,0,0,0,0,1
52776,0,11.0,Phone,1,16.0,Credit Card,Female,3.0,5,Fashion,3,Married,4,0,12.0,0.0,2.0,11.0,232.06,0,0,1,0,1,0,0,0,1,0,0,0,0,0,1,0
54263,1,1.0,Computer,1,13.0,Debit Card,Female,4.0,5,Mobile,1,Single,3,1,19.0,1.0,2.0,1.0,154.26,0,1,0,0,0,1,0,0,0,0,0,1,0,0,0,1
50815,1,0.0,Phone,1,13.0,Debit Card,Male,3.0,3,Laptop & Accessory,3,Divorced,2,0,18.0,1.0,1.0,1.0,148.83,1,0,1,0,0,1,0,0,0,0,1,0,0,1,0,0
54569,0,26.0,Phone,1,11.0,Debit Card,Female,2.0,4,Grocery,1,Married,4,0,14.0,1.0,2.0,5.0,290.55,0,0,1,0,0,1,0,0,0,1,0,0,0,0,1,0
52896,1,1.0,Phone,3,34.0,E Wallet,Female,3.0,4,Fashion,2,Divorced,3,0,23.0,2.0,2.0,10.0,201.39,0,0,1,0,0,0,1,0,1,0,0,0,0,1,0,0
54428,0,1.0,Computer,1,12.0,Debit Card,Male,3.0,2,Laptop & Accessory,5,Married,3,0,13.0,2.0,2.0,6.0,165.0,1,1,0,0,0,1,0,0,0,0,1,0,0,0,1,0
50168,0,4.0,Computer,3,11.0,E Wallet,Female,2.9315348837209303,3,Mobile,4,Married,2,0,11.0,0.0,2.0,2.0,127.88999999999999,0,1,0,0,0,0,1,0,0,0,0,1,0,0,1,0
55136,1,19.0,Phone,3,20.0,E Wallet,Male,3.0,2,Grocery,3,Single,8,1,18.0,1.0,4.0,9.0,261.95,1,0,1,0,0,0,1,0,0,1,0,0,0,0,0,1
53918,0,5.0,Phone,1,9.0,Debit Card,Male,4.0,4,Mobile,3,Married,3,0,15.0,1.0,2.0,4.0,159.77,1,0,1,0,0,1,0,0,0,0,0,1,0,0,1,0
50350,0,0.0,Phone,1,29.0,Credit Card,Male,2.9315348837209303,2,Mobile,2,Divorced,2,1,11.0,0.0,1.0,4.0,127.25,1,0,1,0,1,0,0,0,0,0,0,1,0,1,0,0
52619,1,0.0,Phone,1,14.0,Credit Card,Female,3.0,3,Mobile,5,Married,2,1,17.0,0.0,1.0,0.0,123.97999999999999,0,0,1,0,1,0,0,0,0,0,0,1,0,0,1,0
50053,1,0.0,Phone,1,8.0,Debit Card,Male,2.0,4,Mobile,2,Single,2,0,22.0,0.0,1.0,0.0,111.02000000000001,1,0,1,0,0,1,0,0,0,0,0,1,0,0,0,1
53423,1,1.0,Computer,1,12.0,Credit Card,Female,3.0,4,Mobile,4,Single,2,0,18.0,1.0,2.0,3.0,149.22,0,1,0,0,1,0,0,0,0,0,0,1,0,0,0,1
53537,0,9.0,Phone,1,9.0,Debit Card,Male,3.0,5,Fashion,4,Married,4,0,19.0,7.0,7.0,3.0,227.74,1,0,1,0,0,1,0,0,1,0,0,0,0,0,1,0
50984,0,8.0,Phone,1,14.0,Credit Card,Male,3.0,4,Mobile,5,Single,2,0,19.0,0.0,1.0,2.0,124.5,1,0,1,0,1,0,0,0,0,0,0,1,0,0,0,1
52455,0,7.0,Phone,3,35.0,Cash On Delivery,Male,2.0,3,Fashion,4,Married,4,0,12.0,1.0,1.0,3.0,192.5,1,0,1,1,0,0,0,0,1,0,0,0,0,0,1,0
54532,0,3.0,Phone,1,30.0,Debit Card,Male,3.0,4,Mobile,1,Single,11,0,17.0,1.0,2.0,3.0,147.01,1,0,1,0,0,1,0,0,0,0,0,1,0,0,0,1
52443,0,9.0,Phone,1,27.0,Cash On Delivery,Male,2.0,4,Mobile,5,Married,1,0,14.0,0.0,1.0,0.0,122.96000000000001,1,0,1,1,0,0,0,0,0,0,0,1,0,0,1,0
51575,1,0.0,Phone,1,14.0,Credit Card,Male,2.0,4,Mobile,1,Single,2,1,13.0,0.0,1.0,1.0,123.88999999999999,1,0,1,0,1,0,0,0,0,0,0,1,0,0,0,1
54297,1,15.0,Computer,1,15.0,Debit Card,Male,3.0,6,Fashion,1,Single,4,0,16.0,2.0,2.0,4.0,231.5,1,1,0,0,0,1,0,0,1,0,0,0,0,0,0,1
50876,0,25.0,Phone,1,14.0,Upi,Female,2.9315348837209303,3,Mobile,5,Divorced,10,0,13.0,1.0,1.0,4.0,129.5,0,0,1,0,0,0,0,1,0,0,0,1,0,1,0,0
50008,1,9.0,Phone,1,6.0,Credit Card,Male,3.0,3,Mobile,2,Divorced,3,1,16.0,2.0,2.0,0.0,122.93,1,0,1,0,1,0,0,0,0,0,0,1,0,1,0,0
54499,0,4.0,Phone,3,12.0,E Wallet,Female,2.0,5,Laptop & Accessory,3,Married,3,0,14.0,2.0,2.0,3.0,186.18,0,0,1,0,0,0,1,0,0,0,1,0,0,0,1,0
50112,1,0.0,Phone,1,8.0,Debit Card,Female,2.9315348837209303,3,Mobile,5,Divorced,8,0,20.0,1.0,1.0,7.0,127.07,0,0,1,0,0,1,0,0,0,0,0,1,0,1,0,0
53710,0,10.0,Phone,3,23.0,E Wallet,Female,4.0,5,Laptop & Accessory,5,Divorced,6,0,14.0,2.0,2.0,3.0,181.47,0,0,1,0,0,0,1,0,0,0,1,0,0,1,0,0
51006,0,8.0,Phone,1,34.0,Debit Card,Male,2.0,1,Laptop & Accessory,3,Married,2,0,17.0,5.0,6.0,8.0,134.07,1,0,1,0,0,1,0,0,0,0,1,0,0,0,1,0
54421,0,6.0,Computer,1,14.0,Debit Card,Male,4.0,2,Mobile,4,Married,3,0,21.0,1.0,2.0,4.0,152.94,1,1,0,0,0,1,0,0,0,0,0,1,0,0,1,0
54384,0,12.0,Phone,3,10.0,Debit Card,Male,4.0,4,Fashion,3,Married,2,0,13.0,2.0,6.0,3.0,231.08999999999997,1,0,1,0,0,1,0,0,1,0,0,0,0,0,1,0
51945,0,9.0,Phone,2,19.0,Upi,Male,2.0,3,Mobile,4,Married,5,0,13.0,1.0,1.0,4.0,121.43,1,0,1,0,0,0,0,1,0,0,0,1,0,0,1,0
50102,0,10.0,Computer,3,10.0,E Wallet,Male,2.0,3,Mobile,2,Married,5,0,17.0,1.0,5.0,8.0,0.0,1,1,0,0,0,0,1,0,0,0,0,1,0,0,1,0
50197,0,4.0,Phone,3,13.0,E Wallet,Male,3.0,3,Laptop & Accessory,2,Married,5,0,12.0,0.0,1.0,7.0,175.47,1,0,1,0,0,0,1,0,0,0,1,0,0,0,1,0
53417,0,5.0,Computer,1,7.0,Debit Card,Female,4.0,4,Laptop & Accessory,5,Divorced,3,0,13.0,2.0,2.0,4.0,166.48,0,1,0,0,0,1,0,0,0,0,1,0,0,1,0,0
52747,0,28.0,Phone,2,32.0,Upi,Male,3.0,1,Others,4,Married,5,1,15.0,1.0,1.0,4.0,296.36,1,0,1,0,0,0,0,1,0,0,0,0,1,0,1,0
50577,0,26.0,Phone,3,8.0,Credit Card,Male,2.0,3,Grocery,3,Married,7,0,13.0,2.0,2.0,2.0,248.51999999999998,1,0,1,0,1,0,0,0,0,1,0,0,0,0,1,0
52885,0,19.0,Computer,1,9.0,Credit Card,Male,4.0,5,Grocery,2,Divorced,11,0,15.0,10.0,12.0,9.0,292.92,1,1,0,0,1,0,0,0,0,1,0,0,0,1,0,0
54139,0,15.0,Phone,3,10.0,Debit Card,Male,3.0,5,Laptop & Accessory,4,Married,4,0,12.0,1.0,2.0,3.0,214.38,1,0,1,0,0,1,0,0,0,0,1,0,0,0,1,0
51107,0,19.0,Phone,1,19.0,Debit Card,Male,2.0,3,Laptop & Accessory,4,Single,7,0,14.0,1.0,1.0,9.0,155.62,1,0,1,0,0,1,0,0,0,0,1,0,0,0,0,1
51495,0,9.0,Phone,1,9.0,Credit Card,Female,3.0,3,Mobile,4,Single,2,0,14.0,1.0,1.0,0.0,114.83000000000001,0,0,1,0,1,0,0,0,0,0,0,1,0,0,0,1
53639,0,4.0,Phone,1,24.0,Credit Card,Female,4.0,4,Fashion,5,Divorced,3,1,24.0,1.0,2.0,9.0,244.16000000000003,0,0,1,0,1,0,0,0,1,0,0,0,0,1,0,0
55164,0,1.0,Phone,1,8.0,Cash On Delivery,Male,3.0,4,Mobile,1,Married,6,0,12.0,1.0,2.0,3.0,157.29,1,0,1,1,0,0,0,0,0,0,0,1,0,0,1,0
54779,0,1.0,Phone,1,9.0,Credit Card,Male,4.0,2,Mobile,5,Single,9,0,14.0,1.0,2.0,2.0,159.24,1,0,1,0,1,0,0,0,0,0,0,1,0,0,0,1
50839,0,11.0,Phone,3,8.0,Debit Card,Female,2.0,3,Laptop & Accessory,5,Married,4,0,15.0,0.0,1.0,7.0,168.93,0,0,1,0,0,1,0,0,0,0,1,0,0,0,1,0
54439,0,1.0,Computer,1,7.0,Debit Card,Female,3.0,4,Laptop & Accessory,4,Married,3,0,21.0,2.0,2.0,5.0,188.97,0,1,0,0,0,1,0,0,0,0,1,0,0,0,1,0
54931,0,20.0,Phone,1,7.0,Credit Card,Male,3.0,4,Others,1,Married,11,0,15.0,2.0,3.0,3.0,321.27,1,0,1,0,1,0,0,0,0,0,0,0,1,0,1,0
54265,0,11.0,Computer,1,9.0,Debit Card,Male,4.0,5,Laptop & Accessory,1,Married,7,0,15.0,2.0,2.0,1.0,176.63,1,1,0,0,0,1,0,0,0,0,1,0,0,0,1,0
53073,1,1.0,Computer,1,10.0,Cash On Delivery,Male,4.0,4,Mobile,5,Single,2,0,23.0,1.0,2.0,5.0,156.02,1,1,0,1,0,0,0,0,0,0,0,1,0,0,0,1
53311,0,9.0,Phone,1,34.0,Credit Card,Female,3.0,5,Mobile,5,Single,3,0,12.0,2.0,2.0,2.0,150.59,0,0,1,0,1,0,0,0,0,0,0,1,0,0,0,1
54491,0,17.0,Computer,1,17.0,Debit Card,Female,3.0,5,Laptop & Accessory,3,Married,3,0,12.0,2.0,2.0,1.0,177.57,0,1,0,0,0,1,0,0,0,0,1,0,0,0,1,0
52844,0,19.0,Phone,1,16.0,Debit Card,Male,3.0,4,Laptop & Accessory,4,Married,10,0,19.0,2.0,2.0,16.0,148.48,1,0,1,0,0,1,0,0,0,0,1,0,0,0,1,0
51244,0,7.0,Computer,1,28.0,Upi,Male,2.0,4,Laptop & Accessory,1,Married,2,1,15.0,3.0,6.0,11.0,157.47,1,1,0,0,0,0,0,1,0,0,1,0,0,0,1,0
52131,0,13.0,Phone,1,26.0,Cash On Delivery,Male,3.0,3,Fashion,1,Married,5,0,20.0,3.0,11.0,1.0,203.22,1,0,1,1,0,0,0,0,1,0,0,0,0,0,1,0
52122,1,0.0,Computer,3,14.0,E Wallet,Female,2.0,3,Mobile,1,Single,2,1,14.0,1.0,1.0,2.0,123.22999999999999,0,1,0,0,0,0,1,0,0,0,0,1,0,0,0,1
52141,0,10.0,Phone,3,16.0,Debit Card,Female,2.0,4,Laptop & Accessory,1,Married,3,1,14.0,1.0,1.0,0.0,166.94,0,0,1,0,0,1,0,0,0,0,1,0,0,0,1,0
53083,0,28.0,Phone,1,12.0,Credit Card,Male,3.0,4,Others,5,Divorced,6,0,15.0,2.0,2.0,3.0,319.06,1,0,1,0,1,0,0,0,0,0,0,0,1,1,0,0
51677,0,0.0,Computer,3,6.0,E Wallet,Male,3.0,3,Laptop & Accessory,4,Married,1,1,13.0,0.0,1.0,4.0,163.49,1,1,0,0,0,0,1,0,0,0,1,0,0,0,1,0
54843,0,6.0,Computer,1,7.0,Debit Card,Female,4.0,5,Mobile,4,Married,8,0,21.0,1.0,2.0,3.0,148.32,0,1,0,0,0,1,0,0,0,0,0,1,0,0,1,0
51656,0,4.0,Phone,2,8.0,Upi,Male,3.0,4,Laptop & Accessory,5,Married,4,0,12.0,0.0,1.0,0.0,164.1,1,0,1,0,0,0,0,1,0,0,1,0,0,0,1,0
51217,0,4.0,Phone,1,26.0,Debit Card,Male,2.0,3,Laptop & Accessory,3,Married,2,0,11.0,0.0,1.0,2.0,141.97,1,0,1,0,0,1,0,0,0,0,1,0,0,0,1,0
50693,0,9.0,Computer,1,24.0,Debit Card,Male,3.0,3,Laptop & Accessory,2,Single,3,0,20.0,1.0,1.0,9.0,177.79,1,1,0,0,0,1,0,0,0,0,1,0,0,0,0,1
52768,0,8.0,Phone,1,17.0,Credit Card,Male,2.0,3,Mobile,3,Married,8,1,11.0,2.0,2.0,2.0,126.6,1,0,1,0,1,0,0,0,0,0,0,1,0,0,1,0
55179,0,10.0,Phone,1,11.0,Debit Card,Male,3.0,5,Laptop & Accessory,1,Single,3,0,17.0,1.0,2.0,9.0,183.1,1,0,1,0,0,1,0,0,0,0,1,0,0,0,0,1
51850,1,8.0,Computer,3,32.0,Debit Card,Female,3.0,3,Laptop & Accessory,5,Married,3,0,14.0,0.0,1.0,0.0,142.86,0,1,0,0,0,1,0,0,0,0,1,0,0,0,1,0
53210,0,3.0,Computer,1,7.0,Debit Card,Male,4.0,6,Mobile,2,Married,3,0,19.0,3.0,3.0,9.0,152.2,1,1,0,0,0,1,0,0,0,0,0,1,0,0,1,0
55084,0,8.0,Computer,2,18.0,Debit Card,Male,3.0,5,Laptop & Accessory,4,Married,6,0,12.0,1.0,2.0,9.0,169.9,1,1,0,0,0,1,0,0,0,0,1,0,0,0,1,0
51587,0,5.0,Computer,3,32.0,E Wallet,Male,3.0,3,Laptop & Accessory,1,Married,1,0,18.0,2.0,2.0,2.0,144.65,1,1,0,0,0,0,1,0,0,0,1,0,0,0,1,0
52506,0,18.0,Phone,1,8.0,Upi,Female,2.0,4,Laptop & Accessory,1,Married,2,0,19.0,3.0,3.0,9.0,157.7,0,0,1,0,0,0,0,1,0,0,1,0,0,0,1,0
50701,0,2.0,Phone,1,14.0,Credit Card,Male,3.0,4,Laptop & Accessory,2,Divorced,2,1,13.0,0.0,1.0,2.0,150.56,1,0,1,0,1,0,0,0,0,0,1,0,0,1,0,0
53834,0,19.0,Computer,3,33.0,E Wallet,Male,3.0,5,Laptop & Accessory,5,Married,3,0,16.0,1.0,5.0,6.0,168.85,1,1,0,0,0,0,1,0,0,0,1,0,0,0,1,0
50215,0,0.0,Phone,3,14.0,E Wallet,Female,2.0,3,Laptop & Accessory,4,Divorced,2,0,18.0,0.0,1.0,7.0,162.14,0,0,1,0,0,0,1,0,0,0,1,0,0,1,0,0
53080,0,11.0,Phone,1,17.0,Debit Card,Male,3.0,4,Laptop & Accessory,4,Single,4,1,13.0,1.0,2.0,2.0,166.97,1,0,1,0,0,1,0,0,0,0,1,0,0,0,0,1
53473,0,4.0,Phone,1,27.0,Upi,Male,3.0,4,Laptop & Accessory,5,Divorced,2,0,16.0,2.0,2.0,3.0,224.57,1,0,1,0,0,0,0,1,0,0,1,0,0,1,0,0
50042,0,14.0,Phone,1,14.0,Debit Card,Male,2.0,3,Mobile,3,Married,5,0,12.0,1.0,1.0,8.0,124.50999999999999,1,0,1,0,0,1,0,0,0,0,0,1,0,0,1,0
53403,0,7.0,Phone,1,20.0,Debit Card,Female,3.0,4,Mobile,2,Single,5,0,19.0,2.0,2.0,3.0,159.52,0,0,1,0,0,1,0,0,0,0,0,1,0,0,0,1
53890,0,10.0,Phone,1,33.0,Debit Card,Male,4.0,4,Laptop & Accessory,3,Married,8,0,15.0,2.0,2.0,3.0,178.47,1,0,1,0,0,1,0,0,0,0,1,0,0,0,1,0
52510,0,13.0,Phone,1,22.0,Debit Card,Female,2.0,3,Fashion,1,Single,7,1,15.0,3.0,3.0,3.0,179.45,0,0,1,0,0,1,0,0,1,0,0,0,0,0,0,1
53226,0,15.0,Phone,2,17.0,Upi,Male,4.0,5,Others,2,Married,5,0,15.0,13.0,13.0,7.0,316.41,1,0,1,0,0,0,0,1,0,0,0,0,1,0,1,0
50334,0,13.0,Computer,3,34.0,Upi,Male,2.0,5,Fashion,5,Married,4,0,15.0,1.0,1.0,3.0,209.32,1,1,0,0,0,0,0,1,1,0,0,0,0,0,1,0
52159,1,2.0,Computer,1,8.0,Debit Card,Male,2.0,3,Grocery,1,Married,8,0,11.0,10.0,11.0,3.0,221.69,1,1,0,0,0,1,0,0,0,1,0,0,0,0,1,0
52214,0,1.0,Phone,1,25.0,Credit Card,Male,3.0,4,Mobile,5,Married,2,0,12.0,1.0,3.0,3.0,131.96,1,0,1,0,1,0,0,0,0,0,0,1,0,0,1,0
51553,0,9.0,Computer,1,24.0,Credit Card,Female,3.0,3,Mobile,1,Single,2,0,13.0,0.0,1.0,7.0,121.53,0,1,0,0,1,0,0,0,0,0,0,1,0,0,0,1
51334,0,8.0,Phone,1,6.0,Debit Card,Female,2.9315348837209303,5,Mobile,1,Married,2,0,12.0,0.0,1.0,1.0,129.77,0,0,1,0,0,1,0,0,0,0,0,1,0,0,1,0
52376,0,4.0,Phone,3,14.0,Debit Card,Male,2.0,3,Fashion,1,Married,2,0,18.0,2.0,9.0,9.0,207.93,1,0,1,0,0,1,0,0,1,0,0,0,0,0,1,0
53193,0,27.0,Phone,3,7.0,Credit Card,Female,3.0,4,Laptop & Accessory,5,Single,9,0,21.0,7.0,9.0,11.0,208.81,0,0,1,0,1,0,0,0,0,0,1,0,0,0,0,1
54088,0,28.0,Phone,1,16.0,Debit Card,Female,4.0,4,Laptop & Accessory,3,Married,5,0,12.0,1.0,3.0,4.0,153.97,0,0,1,0,0,1,0,0,0,0,1,0,0,0,1,0
50769,0,2.0,Phone,1,6.0,Debit Card,Female,3.0,3,Mobile,2,Married,2,0,15.0,0.0,1.0,2.0,137.6,0,0,1,0,0,1,0,0,0,0,0,1,0,0,1,0
54926,0,12.0,Computer,1,10.0,Upi,Male,3.0,4,Mobile,3,Married,5,0,17.0,3.0,3.0,3.0,153.21,1,1,0,0,0,0,0,1,0,0,0,1,0,0,1,0
52300,0,15.0,Computer,1,8.0,Debit Card,Male,2.0,3,Grocery,3,Married,1,1,13.0,1.0,2.0,10.0,278.61,1,1,0,0,0,1,0,0,0,1,0,0,0,0,1,0
50776,0,9.0,Computer,1,9.0,Cash On Delivery,Male,2.0,3,Mobile,4,Divorced,2,0,12.0,1.0,1.0,7.0,136.92,1,1,0,1,0,0,0,0,0,0,0,1,0,1,0,0
52647,0,30.0,Computer,3,8.0,Credit Card,Male,2.0,3,Grocery,4,Married,5,0,22.0,1.0,14.0,14.0,262.91,1,1,0,0,1,0,0,0,0,1,0,0,0,0,1,0
53182,0,17.0,Computer,1,16.0,Credit Card,Male,4.0,4,Laptop & Accessory,3,Married,5,1,14.0,3.0,5.0,8.0,181.79,1,1,0,0,1,0,0,0,0,0,1,0,0,0,1,0
50341,0,19.0,Computer,1,24.0,Credit Card,Female,2.0,3,Fashion,3,Divorced,6,0,11.0,1.0,1.0,2.0,205.27,0,1,0,0,1,0,0,0,1,0,0,0,0,1,0,0
51987,0,5.0,Computer,3,11.0,Debit Card,Male,2.0,3,Laptop & Accessory,4,Married,2,0,14.0,2.0,5.0,3.0,165.24,1,1,0,0,0,1,0,0,0,0,1,0,0,0,1,0
52593,0,4.0,Phone,3,11.0,Cash On Delivery,Male,2.0,3,Laptop & Accessory,3,Married,2,0,19.0,1.0,1.0,2.0,183.46,1,0,1,1,0,0,0,0,0,0,1,0,0,0,1,0
54336,0,30.0,Phone,1,15.0,Debit Card,Female,4.0,4,Mobile,5,Married,6,1,19.0,3.0,3.0,3.0,167.57,0,0,1,0,0,1,0,0,0,0,0,1,0,0,1,0
50791,1,0.0,Computer,1,14.0,Debit Card,Female,2.0,4,Mobile,3,Single,2,0,20.0,2.0,2.0,2.0,126.25,0,1,0,0,0,1,0,0,0,0,0,1,0,0,0,1
50099,0,11.0,Phone,3,9.0,Debit Card,Male,3.0,3,Fashion,3,Married,1,0,12.0,1.0,5.0,13.0,206.08999999999997,1,0,1,0,0,1,0,0,1,0,0,0,0,0,1,0
52766,0,14.0,Phone,1,7.0,Debit Card,Male,2.9315348837209303,3,Mobile,1,Married,4,0,22.0,0.0,1.0,0.0,127.82,1,0,1,0,0,1,0,0,0,0,0,1,0,0,1,0
52085,0,0.0,Phone,1,8.0,Debit Card,Female,2.0,3,Laptop & Accessory,1,Married,1,0,18.0,2.0,2.0,2.0,142.27,0,0,1,0,0,1,0,0,0,0,1,0,0,0,1,0
50222,0,14.0,Phone,1,12.0,Credit Card,Male,3.0,4,Laptop & Accessory,4,Single,7,1,15.0,1.0,1.0,2.0,160.32,1,0,1,0,1,0,0,0,0,0,1,0,0,0,0,1
53606,1,1.0,Computer,1,17.0,Debit Card,Female,3.0,5,Mobile,3,Single,3,0,21.0,3.0,3.0,3.0,151.25,0,1,0,0,0,1,0,0,0,0,0,1,0,0,0,1
53397,1,4.0,Computer,3,31.0,Debit Card,Female,4.0,2,Grocery,4,Single,6,1,17.0,2.0,2.0,1.0,256.94,0,1,0,0,0,1,0,0,0,1,0,0,0,0,0,1
54923,1,1.0,Computer,1,9.0,Debit Card,Male,3.0,4,Mobile,5,Married,8,1,15.0,1.0,2.0,3.0,145.42,1,1,0,0,0,1,0,0,0,0,0,1,0,0,1,0
51420,0,9.0,Phone,1,12.0,Debit Card,Female,2.9315348837209303,1,Mobile,1,Married,4,0,12.0,0.0,1.0,0.0,130.38,0,0,1,0,0,1,0,0,0,0,0,1,0,0,1,0
52403,1,0.0,Computer,3,19.0,Cash On Delivery,Female,2.0,3,Laptop & Accessory,4,Single,6,0,11.0,1.0,1.0,0.0,157.65,0,1,0,1,0,0,0,0,0,0,1,0,0,0,0,1
54386,0,31.0,Phone,1,10.0,Debit Card,Male,4.0,5,Mobile,1,Married,5,0,18.0,1.0,2.0,1.0,146.77,1,0,1,0,0,1,0,0,0,0,0,1,0,0,1,0
54847,0,15.0,Phone,1,13.0,Credit Card,Male,3.0,4,Mobile,5,Single,4,1,14.0,2.0,3.0,18.0,172.21,1,0,1,0,1,0,0,0,0,0,0,1,0,0,0,1
54402,0,6.0,Computer,3,33.0,E Wallet,Male,4.0,4,Laptop & Accessory,1,Married,2,0,19.0,3.0,3.0,3.0,169.65,1,1,0,0,0,0,1,0,0,0,1,0,0,0,1,0
52676,0,16.0,Phone,1,12.0,Credit Card,Female,2.0,4,Others,3,Married,8,0,15.0,6.0,6.0,14.0,293.92,0,0,1,0,1,0,0,0,0,0,0,0,1,0,1,0
54985,0,16.0,Phone,1,36.0,Credit Card,Male,3.0,6,Laptop & Accessory,1,Single,6,0,20.0,2.0,2.0,1.0,167.72,1,0,1,0,1,0,0,0,0,0,1,0,0,0,0,1
51494,0,9.0,Phone,1,15.0,Debit Card,Male,3.0,3,Mobile,5,Married,3,0,21.0,0.0,1.0,4.0,122.38,1,0,1,0,0,1,0,0,0,0,0,1,0,0,1,0
51309,0,0.0,Phone,3,14.0,Upi,Female,2.0,3,Laptop & Accessory,3,Married,1,1,22.0,1.0,1.0,4.0,149.07,0,0,1,0,0,0,0,1,0,0,1,0,0,0,1,0
52340,0,25.0,Computer,1,34.0,Credit Card,Female,2.0,1,Grocery,3,Married,3,1,11.0,1.0,2.0,2.0,232.47000000000003,0,1,0,0,1,0,0,0,0,1,0,0,0,0,1,0
52741,1,0.0,Computer,3,32.0,E Wallet,Male,3.0,3,Laptop & Accessory,1,Married,2,1,11.0,0.0,1.0,8.0,156.17,1,1,0,0,0,0,1,0,0,0,1,0,0,0,1,0
55161,0,26.0,Phone,1,15.0,Upi,Female,3.0,4,Mobile,5,Married,11,0,14.0,2.0,2.0,5.0,154.5,0,0,1,0,0,0,0,1,0,0,0,1,0,0,1,0
52377,1,9.0,Phone,3,15.0,E Wallet,Male,2.0,3,Fashion,1,Married,5,0,11.0,4.0,4.0,3.0,200.96,1,0,1,0,0,0,1,0,1,0,0,0,0,0,1,0
53997,0,5.0,Computer,3,14.0,E Wallet,Female,4.0,4,Fashion,5,Married,4,0,15.0,3.0,3.0,3.0,221.37,0,1,0,0,0,0,1,0,1,0,0,0,0,0,1,0
54972,0,12.0,Phone,3,9.0,E Wallet,Male,3.0,4,Fashion,4,Single,9,0,17.0,2.0,2.0,1.0,198.51,1,0,1,0,0,0,1,0,1,0,0,0,0,0,0,1
50711,0,8.0,Phone,2,14.0,Cash On Delivery,Male,3.0,3,Mobile,3,Single,2,0,17.0,0.0,1.0,4.0,143.23,1,0,1,1,0,0,0,0,0,0,0,1,0,0,0,1
53212,0,1.0,Computer,3,10.0,Credit Card,Female,4.0,3,Laptop & Accessory,2,Married,3,1,21.0,2.0,2.0,5.0,171.47,0,1,0,0,1,0,0,0,0,0,1,0,0,0,1,0
54646,0,1.0,Phone,1,13.0,Credit Card,Female,4.0,5,Mobile,3,Married,2,0,13.0,1.0,2.0,4.0,146.87,0,0,1,0,1,0,0,0,0,0,0,1,0,0,1,0
51527,0,9.0,Phone,1,33.0,Credit Card,Female,3.0,3,Mobile,4,Single,3,0,15.0,0.0,1.0,2.0,123.11000000000001,0,0,1,0,1,0,0,0,0,0,0,1,0,0,0,1
54061,0,21.0,Computer,1,21.0,Cash On Delivery,Male,4.0,4,Laptop & Accessory,4,Married,10,0,19.0,1.0,2.0,8.0,179.67,1,1,0,1,0,0,0,0,0,0,1,0,0,0,1,0
50289,0,15.0,Computer,1,34.0,Cash On Delivery,Female,2.0,4,Laptop & Accessory,2,Divorced,1,0,11.0,0.0,1.0,4.0,145.23,0,1,0,1,0,0,0,0,0,0,1,0,0,1,0,0
53766,0,6.0,Phone,1,17.0,Credit Card,Male,1.0,4,Fashion,1,Single,4,0,26.0,1.0,2.0,1.0,237.44,1,0,1,0,1,0,0,0,1,0,0,0,0,0,0,1
54011,0,16.0,Computer,1,17.0,Cash On Delivery,Male,3.0,4,Mobile,3,Married,5,0,23.0,2.0,4.0,4.0,154.36,1,1,0,1,0,0,0,0,0,0,0,1,0,0,1,0
51777,0,27.0,Phone,1,5.0,Debit Card,Female,2.0,3,Laptop & Accessory,3,Single,8,0,11.0,0.0,1.0,0.0,137.8,0,0,1,0,0,1,0,0,0,0,1,0,0,0,0,1
53110,0,4.0,Computer,1,10.0,Debit Card,Male,3.0,4,Mobile,2,Divorced,6,0,16.0,1.0,2.0,5.0,145.97,1,1,0,0,0,1,0,0,0,0,0,1,0,1,0,0
50453,0,10.0,Phone,1,16.0,Debit Card,Female,2.9315348837209303,3,Mobile,5,Married,1,1,13.0,3.0,4.0,3.0,127.82,0,0,1,0,0,1,0,0,0,0,0,1,0,0,1,0
54181,0,1.0,Computer,1,18.0,Upi,Female,4.0,2,Laptop & Accessory,3,Married,2,0,19.0,1.0,2.0,4.0,165.11,0,1,0,0,0,0,0,1,0,0,1,0,0,0,1,0
52044,0,8.0,Phone,3,24.0,Credit Card,Female,2.0,3,Laptop & Accessory,3,Married,2,0,16.0,1.0,1.0,0.0,146.01,0,0,1,0,1,0,0,0,0,0,1,0,0,0,1,0
54581,0,3.0,Phone,1,10.0,Credit Card,Male,4.0,5,Fashion,3,Married,3,0,19.0,1.0,2.0,8.0,244.35000000000002,1,0,1,0,1,0,0,0,1,0,0,0,0,0,1,0
53049,0,10.0,Computer,3,7.0,Credit Card,Female,3.0,4,Laptop & Accessory,2,Single,6,0,16.0,2.0,2.0,1.0,191.53,0,1,0,0,1,0,0,0,0,0,1,0,0,0,0,1
54517,0,16.0,Phone,1,9.0,Upi,Male,4.0,5,Laptop & Accessory,1,Single,5,0,24.0,2.0,2.0,1.0,192.81,1,0,1,0,0,0,0,1,0,0,1,0,0,0,0,1
55211,0,16.0,Computer,1,16.0,Credit Card,Female,4.0,4,Mobile,1,Single,3,0,14.0,1.0,6.0,9.0,161.73,0,1,0,0,1,0,0,0,0,0,0,1,0,0,0,1
51579,0,23.0,Phone,3,6.0,Credit Card,Female,3.0,3,Others,1,Married,4,0,15.0,1.0,1.0,6.0,295.17,0,0,1,0,1,0,0,0,0,0,0,0,1,0,1,0
50802,0,16.0,Phone,3,10.0,E Wallet,Female,2.0,4,Fashion,2,Single,4,0,14.0,10.0,15.0,17.0,202.31,0,0,1,0,0,0,1,0,1,0,0,0,0,0,0,1
52931,0,13.0,Phone,1,7.0,Credit Card,Female,4.0,4,Mobile,3,Married,9,0,15.0,1.0,2.0,3.0,147.32,0,0,1,0,1,0,0,0,0,0,0,1,0,0,1,0
51438,0,3.0,Phone,3,10.0,Credit Card,Female,3.0,4,Laptop & Accessory,4,Married,2,1,12.0,2.0,2.0,7.0,152.09,0,0,1,0,1,0,0,0,0,0,1,0,0,0,1,0
55118,0,14.0,Computer,1,23.0,Debit Card,Male,4.0,4,Mobile,3,Married,11,0,17.0,2.0,2.0,1.0,160.44,1,1,0,0,0,1,0,0,0,0,0,1,0,0,1,0
54056,1,1.0,Computer,3,31.0,Cash On Delivery,Male,3.0,2,Mobile,5,Single,3,0,18.0,2.0,2.0,1.0,135.91,1,1,0,1,0,0,0,0,0,0,0,1,0,0,0,1
53322,0,18.0,Phone,1,15.0,Debit Card,Male,4.0,2,Mobile,2,Divorced,4,1,25.0,2.0,2.0,3.0,153.18,1,0,1,0,0,1,0,0,0,0,0,1,0,1,0,0
55617,0,9.0,Computer,1,25.0,Debit Card,Male,4.0,4,Laptop & Accessory,3,Married,3,1,15.0,1.0,2.0,3.0,181.89,1,1,0,0,0,1,0,0,0,0,1,0,0,0,1,0
53990,0,14.0,Phone,1,7.0,Debit Card,Female,3.0,4,Laptop & Accessory,1,Married,6,0,18.0,1.0,2.0,4.0,190.13,0,0,1,0,0,1,0,0,0,0,1,0,0,0,1,0
53656,0,1.0,Phone,1,26.0,Credit Card,Male,4.0,4,Mobile,2,Divorced,5,0,12.0,2.0,2.0,3.0,161.69,1,0,1,0,1,0,0,0,0,0,0,1,0,1,0,0
53706,0,8.0,Computer,1,7.0,Upi,Male,4.0,4,Mobile,5,Married,7,0,15.0,2.0,2.0,4.0,154.96,1,1,0,0,0,0,0,1,0,0,0,1,0,0,1,0
54277,0,8.0,Phone,1,12.0,Credit Card,Female,3.0,5,Fashion,5,Single,4,0,13.0,3.0,2.0,9.0,241.31,0,0,1,0,1,0,0,0,1,0,0,0,0,0,0,1
54122,0,6.0,Phone,3,7.0,E Wallet,Female,3.0,4,Fashion,1,Married,3,0,20.0,4.0,6.0,3.0,229.22,0,0,1,0,0,0,1,0,1,0,0,0,0,0,1,0
53358,1,5.0,Phone,1,9.0,Debit Card,Female,3.0,6,Mobile,2,Married,6,1,14.0,1.0,2.0,1.0,152.78,0,0,1,0,0,1,0,0,0,0,0,1,0,0,1,0
51207,0,21.0,Phone,1,16.0,Debit Card,Male,3.0,4,Others,4,Married,5,0,15.0,3.0,12.0,9.0,296.65,1,0,1,0,0,1,0,0,0,0,0,0,1,0,1,0
52862,1,1.0,Computer,3,7.0,Cash On Delivery,Female,4.0,6,Mobile,5,Single,2,0,22.0,2.0,2.0,1.0,148.25,0,1,0,1,0,0,0,0,0,0,0,1,0,0,0,1
50458,0,13.0,Computer,1,8.0,Credit Card,Female,2.0,1,Laptop & Accessory,4,Divorced,2,0,24.0,0.0,3.0,7.0,142.44,0,1,0,0,1,0,0,0,0,0,1,0,0,1,0,0
50731,0,10.0,Phone,1,6.0,Debit Card,Female,2.0,4,Laptop & Accessory,2,Divorced,2,0,13.0,3.0,3.0,11.0,164.74,0,0,1,0,0,1,0,0,0,0,1,0,0,1,0,0
51612,0,4.0,Phone,1,29.0,Credit Card,Male,3.0,4,Laptop & Accessory,1,Married,1,0,21.0,0.0,7.0,8.0,155.82,1,0,1,0,1,0,0,0,0,0,1,0,0,0,1,0
53107,0,12.0,Computer,1,9.0,Debit Card,Male,3.0,4,Mobile,2,Divorced,3,1,24.0,2.0,2.0,1.0,142.02,1,1,0,0,0,1,0,0,0,0,0,1,0,1,0,0
52004,0,17.0,Phone,1,14.0,Debit Card,Male,3.0,3,Mobile,5,Married,2,1,13.0,5.0,7.0,1.0,125.59,1,0,1,0,0,1,0,0,0,0,0,1,0,0,1,0
51151,0,24.0,Phone,1,9.0,Cash On Delivery,Female,2.0,3,Fashion,3,Married,3,0,11.0,2.0,2.0,3.0,231.16000000000003,0,0,1,1,0,0,0,0,1,0,0,0,0,0,1,0
51449,0,7.0,Phone,1,12.0,Upi,Female,2.0,3,Laptop & Accessory,3,Single,2,0,14.0,0.0,2.0,10.0,148.09,0,0,1,0,0,0,0,1,0,0,1,0,0,0,0,1
51884,0,14.0,Phone,2,6.0,Upi,Male,2.0,4,Others,3,Married,2,0,12.0,1.0,2.0,10.0,291.89,1,0,1,0,0,0,0,1,0,0,0,0,1,0,1,0
50650,0,28.0,Computer,1,8.0,Credit Card,Male,2.0,4,Grocery,5,Single,8,0,15.0,1.0,6.0,2.0,267.56,1,1,0,0,1,0,0,0,0,1,0,0,0,0,0,1
51330,0,18.0,Phone,3,26.0,Debit Card,Female,2.0,3,Laptop & Accessory,3,Single,9,0,15.0,1.0,1.0,1.0,148.5,0,0,1,0,0,1,0,0,0,0,1,0,0,0,0,1
50998,0,2.0,Phone,1,9.0,Credit Card,Male,2.0,3,Mobile,5,Single,2,1,18.0,0.0,1.0,5.0,147.23,1,0,1,0,1,0,0,0,0,0,0,1,0,0,0,1
53668,0,8.0,Computer,1,33.0,Cash On Delivery,Female,4.0,5,Mobile,3,Married,3,0,21.0,2.0,2.0,1.0,145.29,0,1,0,1,0,0,0,0,0,0,0,1,0,0,1,0
54274,0,1.0,Phone,1,25.0,Debit Card,Male,3.0,4,Mobile,3,Married,2,0,13.0,1.0,2.0,3.0,152.74,1,0,1,0,0,1,0,0,0,0,0,1,0,0,1,0
53079,0,16.0,Phone,1,7.0,Debit Card,Female,4.0,4,Mobile,5,Married,5,0,17.0,2.0,2.0,3.0,150.76,0,0,1,0,0,1,0,0,0,0,0,1,0,0,1,0
51500,0,5.0,Computer,3,14.0,E Wallet,Female,2.0,3,Fashion,1,Single,2,0,14.0,2.0,3.0,7.0,189.98,0,1,0,0,0,0,1,0,1,0,0,0,0,0,0,1
52836,1,1.0,Phone,3,13.0,Debit Card,Male,4.0,6,Laptop & Accessory,3,Divorced,6,1,19.0,7.0,8.0,8.0,186.72,1,0,1,0,0,1,0,0,0,0,1,0,0,1,0,0
50280,0,1.0,Phone,1,23.0,Credit Card,Male,3.0,3,Laptop & Accessory,5,Married,2,0,12.0,0.0,1.0,8.0,145.58,1,0,1,0,1,0,0,0,0,0,1,0,0,0,1,0
55035,0,4.0,Phone,1,14.0,Debit Card,Male,3.0,4,Laptop & Accessory,3,Married,3,0,14.0,5.0,9.0,10.0,159.91,1,0,1,0,0,1,0,0,0,0,1,0,0,0,1,0
54032,0,5.0,Phone,1,27.0,Debit Card,Male,3.0,4,Laptop & Accessory,3,Married,3,0,12.0,1.0,2.0,3.0,166.97,1,0,1,0,0,1,0,0,0,0,1,0,0,0,1,0
52827,1,12.0,Phone,1,7.0,Debit Card,Male,4.0,5,Fashion,3,Single,11,1,14.0,1.0,2.0,1.0,178.81,1,0,1,0,0,1,0,0,1,0,0,0,0,0,0,1
50207,0,0.0,Computer,3,6.0,E Wallet,Male,3.0,3,Laptop & Accessory,4,Divorced,1,1,13.0,0.0,1.0,4.0,163.49,1,1,0,0,0,0,1,0,0,0,1,0,0,1,0,0
54832,0,8.0,Phone,1,17.0,Debit Card,Male,3.0,4,Mobile,4,Married,3,0,15.0,2.0,2.0,1.0,145.08,1,0,1,0,0,1,0,0,0,0,0,1,0,0,1,0
50811,0,5.0,Phone,3,14.0,Credit Card,Male,2.0,1,Laptop & Accessory,2,Divorced,2,0,15.0,0.0,1.0,8.0,162.09,1,0,1,0,1,0,0,0,0,0,1,0,0,1,0,0
52222,0,0.0,Phone,3,27.0,E Wallet,Male,2.9315348837209303,1,Mobile,1,Single,2,0,17.0,2.0,2.0,2.0,126.78,1,0,1,0,0,0,1,0,0,0,0,1,0,0,0,1
52799,0,9.0,Phone,3,17.0,E Wallet,Female,3.0,4,Laptop & Accessory,1,Married,5,0,13.0,1.0,1.0,0.0,166.52,0,0,1,0,0,0,1,0,0,0,1,0,0,0,1,0
55231,0,2.0,Computer,3,14.0,Debit Card,Male,3.0,4,Laptop & Accessory,5,Single,2,0,15.0,2.0,2.0,4.0,173.98,1,1,0,0,0,1,0,0,0,0,1,0,0,0,0,1
54997,1,1.0,Phone,3,30.0,Debit Card,Female,3.0,5,Fashion,5,Married,3,0,14.0,2.0,4.0,11.0,198.36,0,0,1,0,0,1,0,0,1,0,0,0,0,0,1,0
54326,0,24.0,Phone,1,18.0,Debit Card,Female,3.0,4,Others,4,Single,5,0,16.0,1.0,5.0,5.0,324.26,0,0,1,0,0,1,0,0,0,0,0,0,1,0,0,1
54331,0,1.0,Phone,1,24.0,Cash On Delivery,Male,3.0,4,Mobile,4,Married,2,1,17.0,1.0,2.0,2.0,155.58,1,0,1,1,0,0,0,0,0,0,0,1,0,0,1,0
53649,0,8.0,Phone,1,16.0,Debit Card,Male,3.0,4,Fashion,2,Married,2,0,12.0,2.0,2.0,3.0,210.0,1,0,1,0,0,1,0,0,1,0,0,0,0,0,1,0
53694,0,1.0,Phone,1,7.0,Cash On Delivery,Male,3.0,4,Mobile,2,Divorced,6,0,12.0,2.0,2.0,3.0,157.29,1,0,1,1,0,0,0,0,0,0,0,1,0,1,0,0
52156,0,19.0,Phone,3,9.0,E Wallet,Male,2.0,3,Grocery,3,Married,4,0,12.0,1.0,4.0,9.0,274.65,1,0,1,0,0,0,1,0,0,1,0,0,0,0,1,0
53845,0,21.0,Phone,2,33.0,Debit Card,Female,4.0,4,Others,3,Married,5,0,15.0,2.0,2.0,1.0,321.58,0,0,1,0,0,1,0,0,0,0,0,0,1,0,1,0
53833,0,19.0,Phone,1,12.0,Credit Card,Female,3.0,6,Laptop & Accessory,5,Single,3,1,15.0,2.0,2.0,5.0,182.69,0,0,1,0,1,0,0,0,0,0,1,0,0,0,0,1
54740,0,8.0,Phone,1,9.0,Credit Card,Female,3.0,5,Mobile,5,Single,3,0,12.0,2.0,2.0,4.0,168.81,0,0,1,0,1,0,0,0,0,0,0,1,0,0,0,1
55417,0,12.0,Computer,1,9.0,Credit Card,Female,4.0,5,Mobile,4,Married,6,0,15.0,1.0,2.0,6.0,149.68,0,1,0,0,1,0,0,0,0,0,0,1,0,0,1,0
54904,0,31.0,Phone,1,9.0,Debit Card,Female,4.0,5,Grocery,1,Single,5,1,14.0,1.0,5.0,4.0,262.26,0,0,1,0,0,1,0,0,0,1,0,0,0,0,0,1
50663,0,28.0,Computer,1,8.0,Debit Card,Male,3.0,3,Fashion,4,Divorced,4,0,18.0,1.0,1.0,3.0,209.76,1,1,0,0,0,1,0,0,1,0,0,0,0,1,0,0
51644,0,9.0,Computer,1,24.0,Debit Card,Male,2.0,1,Mobile,1,Married,5,0,18.0,1.0,1.0,0.0,136.88,1,1,0,0,0,1,0,0,0,0,0,1,0,0,1,0
55149,0,15.0,Computer,1,29.0,Debit Card,Female,4.0,4,Laptop & Accessory,1,Married,5,1,15.0,3.0,4.0,4.0,179.67,0,1,0,0,0,1,0,0,0,0,1,0,0,0,1,0
51469,0,24.0,Phone,1,12.0,Debit Card,Male,2.0,3,Others,3,Single,8,0,15.0,8.0,15.0,15.0,295.37,1,0,1,0,0,1,0,0,0,0,0,0,1,0,0,1
54790,0,2.0,Phone,2,15.0,Credit Card,Male,4.0,5,Mobile,1,Married,3,0,14.0,2.0,2.0,5.0,174.36,1,0,1,0,1,0,0,0,0,0,0,1,0,0,1,0
52275,0,1.0,Computer,1,8.0,Debit Card,Male,2.0,4,Mobile,1,Married,2,1,12.0,0.0,2.0,2.0,138.67,1,1,0,0,0,1,0,0,0,0,0,1,0,0,1,0
55542,0,2.0,Computer,1,23.0,Credit Card,Male,3.0,4,Mobile,3,Single,3,0,15.0,1.0,2.0,5.0,146.44,1,1,0,0,1,0,0,0,0,0,0,1,0,0,0,1
50413,0,0.0,Computer,1,16.0,Debit Card,Male,2.0,3,Fashion,5,Married,2,0,21.0,1.0,1.0,7.0,187.93,1,1,0,0,0,1,0,0,1,0,0,0,0,0,1,0
53248,0,9.0,Computer,1,9.0,Debit Card,Female,4.0,4,Laptop & Accessory,5,Married,4,0,12.0,1.0,2.0,1.0,175.93,0,1,0,0,0,1,0,0,0,0,1,0,0,0,1,0
51976,0,0.0,Phone,1,6.0,Debit Card,Male,2.0,4,Laptop & Accessory,1,Married,7,0,22.0,2.0,2.0,2.0,147.75,1,0,1,0,0,1,0,0,0,0,1,0,0,0,1,0
50002,1,9.0,Phone,1,8.0,Upi,Male,3.0,4,Mobile,3,Single,7,1,15.0,0.0,1.0,0.0,120.9,1,0,1,0,0,0,0,1,0,0,0,1,0,0,0,1
50979,0,21.0,Phone,3,22.0,Debit Card,Female,3.0,3,Laptop & Accessory,3,Married,9,0,14.0,1.0,7.0,7.0,164.39,0,0,1,0,0,1,0,0,0,0,1,0,0,0,1,0
51079,0,26.0,Phone,1,30.0,Credit Card,Male,2.0,1,Fashion,1,Married,4,0,15.0,0.0,1.0,2.0,170.05,1,0,1,0,1,0,0,0,1,0,0,0,0,0,1,0
50041,0,23.0,Phone,1,17.0,Debit Card,Female,2.0,3,Others,4,Single,4,0,15.0,2.0,4.0,4.0,299.26,0,0,1,0,0,1,0,0,0,0,0,0,1,0,0,1
51768,1,0.0,Phone,2,14.0,Cash On Delivery,Male,2.0,4,Mobile,1,Single,2,0,12.0,0.0,1.0,0.0,125.63999999999999,1,0,1,1,0,0,0,0,0,0,0,1,0,0,0,1
51233,0,15.0,Phone,1,12.0,Credit Card,Male,2.0,3,Fashion,5,Married,10,0,13.0,3.0,2.0,7.0,233.48000000000002,1,0,1,0,1,0,0,0,1,0,0,0,0,0,1,0
55400,0,5.0,Computer,1,31.0,Cash On Delivery,Female,2.0,4,Laptop & Accessory,1,Single,4,0,21.0,1.0,2.0,5.0,177.38,0,1,0,1,0,0,0,0,0,0,1,0,0,0,0,1
54835,0,31.0,Phone,1,12.0,Cash On Delivery,Female,3.0,5,Fashion,4,Married,4,1,14.0,2.0,2.0,3.0,230.52,0,0,1,1,0,0,0,0,1,0,0,0,0,0,1,0
50185,0,4.0,Phone,1,11.0,Cash On Delivery,Male,2.0,3,Mobile,2,Divorced,1,1,12.0,0.0,1.0,3.0,148.21,1,0,1,1,0,0,0,0,0,0,0,1,0,1,0,0
55120,0,14.0,Phone,1,9.0,Debit Card,Male,4.0,4,Laptop & Accessory,1,Single,3,0,14.0,4.0,9.0,9.0,171.61,1,0,1,0,0,1,0,0,0,0,1,0,0,0,0,1
51005,0,15.0,Phone,1,15.0,Upi,Male,3.0,4,Others,1,Single,9,0,15.0,1.0,1.0,1.0,296.13,1,0,1,0,0,0,0,1,0,0,0,0,1,0,0,1
54866,0,13.0,Phone,3,9.0,Debit Card,Male,3.0,2,Fashion,3,Single,2,0,19.0,1.0,2.0,8.0,203.8,1,0,1,0,0,1,0,0,1,0,0,0,0,0,0,1
50633,0,7.0,Phone,3,6.0,E Wallet,Male,3.0,1,Laptop & Accessory,2,Married,1,0,11.0,1.0,1.0,9.0,197.25,1,0,1,0,0,0,1,0,0,0,1,0,0,0,1,0
52703,0,15.0,Phone,1,12.0,Credit Card,Male,2.0,3,Fashion,5,Married,10,0,13.0,5.0,2.0,7.0,233.48000000000002,1,0,1,0,1,0,0,0,1,0,0,0,0,0,1,0
51009,0,16.0,Phone,1,33.0,Cash On Delivery,Male,2.0,1,Mobile,4,Married,6,0,12.0,1.0,1.0,2.0,148.76,1,0,1,1,0,0,0,0,0,0,0,1,0,0,1,0
52438,0,9.0,Phone,1,34.0,Cash On Delivery,Male,3.0,3,Mobile,1,Married,5,0,20.0,1.0,1.0,3.0,121.32,1,0,1,1,0,0,0,0,0,0,0,1,0,0,1,0
52388,0,17.0,Computer,1,11.0,Debit Card,Male,2.0,4,Mobile,3,Single,4,0,14.0,0.0,1.0,3.0,131.62,1,1,0,0,0,1,0,0,0,0,0,1,0,0,0,1
55504,0,3.0,Phone,1,14.0,Debit Card,Male,3.0,4,Mobile,5,Single,5,0,15.0,1.0,2.0,3.0,145.62,1,0,1,0,0,1,0,0,0,0,0,1,0,0,0,1
54479,0,1.0,Phone,1,12.0,Debit Card,Female,3.0,4,Mobile,4,Single,3,1,13.0,1.0,2.0,3.0,149.78,0,0,1,0,0,1,0,0,0,0,0,1,0,0,0,1
51983,0,5.0,Computer,1,6.0,Debit Card,Male,3.0,3,Mobile,1,Married,1,0,12.0,1.0,1.0,2.0,123.13999999999999,1,1,0,0,0,1,0,0,0,0,0,1,0,0,1,0
53741,0,16.0,Computer,1,16.0,Credit Card,Female,4.0,4,Mobile,1,Single,3,0,14.0,5.0,6.0,9.0,161.73,0,1,0,0,1,0,0,0,0,0,0,1,0,0,0,1
52210,1,9.0,Computer,1,11.0,Debit Card,Male,3.0,4,Mobile,5,Married,7,0,17.0,0.0,1.0,0.0,121.07,1,1,0,0,0,1,0,0,0,0,0,1,0,0,1,0
53187,0,1.0,Phone,3,29.0,Cash On Delivery,Male,3.0,4,Mobile,3,Single,3,0,12.0,2.0,2.0,3.0,159.47,1,0,1,1,0,0,0,0,0,0,0,1,0,0,0,1
54552,0,14.0,Phone,1,9.0,Credit Card,Female,4.0,5,Laptop & Accessory,3,Married,8,0,23.0,2.0,2.0,1.0,159.48,0,0,1,0,1,0,0,0,0,0,1,0,0,0,1,0
55100,1,1.0,Phone,1,14.0,Debit Card,Male,4.0,4,Laptop & Accessory,3,Married,3,0,19.0,1.0,2.0,2.0,173.83,1,0,1,0,0,1,0,0,0,0,1,0,0,0,1,0
55496,0,13.0,Phone,1,26.0,Upi,Male,3.0,4,Laptop & Accessory,1,Married,10,0,15.0,1.0,3.0,3.0,164.02,1,0,1,0,0,0,0,1,0,0,1,0,0,0,1,0
54958,1,1.0,Phone,1,28.0,Credit Card,Male,3.0,4,Mobile,3,Married,3,0,21.0,2.0,2.0,1.0,148.77,1,0,1,0,1,0,0,0,0,0,0,1,0,0,1,0
52464,0,9.0,Phone,1,9.0,Debit Card,Female,2.0,3,Mobile,1,Married,2,0,21.0,1.0,1.0,0.0,120.61000000000001,0,0,1,0,0,1,0,0,0,0,0,1,0,0,1,0
55430,0,17.0,Phone,2,9.0,Debit Card,Male,4.0,4,Mobile,1,Single,2,0,14.0,2.0,2.0,9.0,160.39,1,0,1,0,0,1,0,0,0,0,0,1,0,0,0,1
52382,1,0.0,Computer,1,8.0,Debit Card,Male,3.0,3,Mobile,1,Married,7,1,13.0,0.0,2.0,2.0,137.22,1,1,0,0,0,1,0,0,0,0,0,1,0,0,1,0
53439,1,1.0,Computer,3,36.0,Credit Card,Male,4.0,6,Laptop & Accessory,5,Single,10,0,19.0,1.0,3.0,3.0,174.69,1,1,0,0,1,0,0,0,0,0,1,0,0,0,0,1
54228,0,19.0,Phone,1,14.0,Debit Card,Male,3.0,4,Fashion,5,Married,4,0,18.0,1.0,2.0,3.0,222.24,1,0,1,0,0,1,0,0,1,0,0,0,0,0,1,0
55219,1,1.0,Phone,3,31.0,Credit Card,Female,3.0,5,Laptop & Accessory,4,Single,2,1,24.0,5.0,11.0,11.0,170.99,0,0,1,0,1,0,0,0,0,0,1,0,0,0,0,1
51952,0,7.0,Computer,1,14.0,Debit Card,Female,3.0,4,Mobile,1,Single,2,0,16.0,1.0,1.0,3.0,125.53,0,1,0,0,0,1,0,0,0,0,0,1,0,0,0,1
50361,0,9.0,Phone,1,12.0,Credit Card,Female,3.0,4,Mobile,3,Married,1,0,12.0,1.0,1.0,3.0,121.87,0,0,1,0,1,0,0,0,0,0,0,1,0,0,1,0
52185,0,15.0,Phone,3,10.0,E Wallet,Male,2.0,3,Laptop & Accessory,5,Single,8,0,13.0,1.0,1.0,5.0,151.55,1,0,1,0,0,0,1,0,0,0,1,0,0,0,0,1
51975,0,1.0,Phone,2,14.0,Credit Card,Male,3.0,4,Mobile,1,Married,2,0,13.0,1.0,1.0,4.0,149.36,1,0,1,0,1,0,0,0,0,0,0,1,0,0,1,0
51719,0,0.0,Phone,1,6.0,Credit Card,Male,2.0,3,Mobile,4,Married,2,0,11.0,0.0,1.0,4.0,138.16,1,0,1,0,1,0,0,0,0,0,0,1,0,0,1,0
50727,0,29.0,Phone,1,10.0,Cash On Delivery,Female,3.0,3,Others,5,Married,5,0,15.0,0.0,4.0,2.0,299.43,0,0,1,1,0,0,0,0,0,0,0,0,1,0,1,0
52083,0,14.0,Phone,1,13.0,Credit Card,Female,2.0,3,Laptop & Accessory,3,Single,7,0,14.0,2.0,2.0,1.0,150.03,0,0,1,0,1,0,0,0,0,0,1,0,0,0,0,1
53503,0,17.0,Computer,1,34.0,Debit Card,Female,3.0,4,Fashion,5,Divorced,10,0,12.0,1.0,2.0,2.0,233.2,0,1,0,0,0,1,0,0,1,0,0,0,0,1,0,0
53234,0,18.0,Computer,1,31.0,Credit Card,Male,3.0,6,Mobile,3,Single,4,0,15.0,1.0,2.0,5.0,162.08,1,1,0,0,1,0,0,0,0,0,0,1,0,0,0,1
51180,0,13.0,Phone,1,18.0,Debit Card,Female,2.0,3,Laptop & Accessory,5,Married,3,0,12.0,7.0,7.0,7.0,144.48,0,0,1,0,0,1,0,0,0,0,1,0,0,0,1,0
50450,0,7.0,Phone,1,6.0,Debit Card,Female,3.0,1,Mobile,2,Single,3,0,16.0,0.0,1.0,3.0,132.8,0,0,1,0,0,1,0,0,0,0,0,1,0,0,0,1
54024,1,10.0,Phone,3,17.0,Debit Card,Female,4.0,4,Fashion,4,Married,7,0,22.0,1.0,2.0,8.0,198.14,0,0,1,0,0,1,0,0,1,0,0,0,0,0,1,0
54473,0,5.0,Phone,1,9.0,Debit Card,Male,3.0,4,Mobile,1,Married,2,1,19.0,3.0,3.0,3.0,151.95,1,0,1,0,0,1,0,0,0,0,0,1,0,0,1,0
51510,0,0.0,Computer,1,14.0,Credit Card,Male,3.0,4,Mobile,3,Married,2,1,15.0,0.0,1.0,1.0,125.66,1,1,0,0,1,0,0,0,0,0,0,1,0,0,1,0
52434,0,15.0,Phone,1,8.0,Credit Card,Male,3.0,4,Mobile,4,Married,5,0,14.0,0.0,1.0,0.0,148.41,1,0,1,0,1,0,0,0,0,0,0,1,0,0,1,0
53749,1,1.0,Phone,3,31.0,Credit Card,Female,3.0,5,Laptop & Accessory,4,Single,2,1,24.0,3.0,11.0,11.0,170.99,0,0,1,0,1,0,0,0,0,0,1,0,0,0,0,1
54682,0,1.0,Computer,3,10.0,Credit Card,Female,4.0,2,Laptop & Accessory,1,Married,3,1,21.0,2.0,2.0,5.0,171.47,0,1,0,0,1,0,0,0,0,0,1,0,0,0,1,0
52198,0,2.0,Phone,1,12.0,Credit Card,Female,2.9315348837209303,3,Mobile,1,Married,2,0,13.0,0.0,1.0,8.0,131.31,0,0,1,0,1,0,0,0,0,0,0,1,0,0,1,0
54906,0,29.0,Computer,1,25.0,Credit Card,Male,4.0,4,Laptop & Accessory,4,Married,5,1,15.0,3.0,7.0,8.0,188.85,1,1,0,0,1,0,0,0,0,0,1,0,0,0,1,0
51346,1,4.0,Phone,3,6.0,Debit Card,Female,3.0,3,Laptop & Accessory,1,Single,9,1,11.0,0.0,1.0,5.0,159.93,0,0,1,0,0,1,0,0,0,0,1,0,0,0,0,1
50508,0,15.0,Computer,1,14.0,Credit Card,Male,2.0,3,Mobile,2,Single,6,1,14.0,0.0,2.0,2.0,125.15,1,1,0,0,1,0,0,0,0,0,0,1,0,0,0,1
54461,0,15.0,Phone,3,9.0,Debit Card,Male,3.0,4,Grocery,4,Single,3,0,20.0,1.0,2.0,5.0,285.15,1,0,1,0,0,1,0,0,0,1,0,0,0,0,0,1
54726,0,1.0,Phone,1,17.0,Credit Card,Male,4.0,2,Mobile,3,Single,3,0,19.0,1.0,2.0,3.0,160.05,1,0,1,0,1,0,0,0,0,0,0,1,0,0,0,1
54131,0,10.0,Computer,1,11.0,Debit Card,Female,4.0,4,Laptop & Accessory,4,Married,9,0,14.0,2.0,2.0,3.0,176.31,0,1,0,0,0,1,0,0,0,0,1,0,0,0,1,0
53992,0,31.0,Computer,3,9.0,Credit Card,Male,3.0,4,Grocery,4,Married,6,0,23.0,11.0,15.0,15.0,25.0,1,1,0,0,1,0,0,0,0,1,0,0,0,0,1,0
51571,0,9.0,Phone,1,9.0,Debit Card,Male,3.0,4,Mobile,1,Married,4,0,17.0,0.0,1.0,0.0,121.77000000000001,1,0,1,0,0,1,0,0,0,0,0,1,0,0,1,0
50733,1,7.0,Phone,1,16.0,Debit Card,Male,2.9315348837209303,3,Mobile,3,Single,2,1,11.0,1.0,1.0,2.0,129.36,1,0,1,0,0,1,0,0,0,0,0,1,0,0,0,1
53543,0,3.0,Phone,1,13.0,Credit Card,Female,3.0,4,Mobile,2,Divorced,3,0,14.0,1.0,2.0,9.0,156.31,0,0,1,0,1,0,0,0,0,0,0,1,0,1,0,0
54417,0,16.0,Phone,1,9.0,Credit Card,Female,3.0,5,Mobile,5,Married,2,1,12.0,8.0,8.0,9.0,150.93,0,0,1,0,1,0,0,0,0,0,0,1,0,0,1,0
52624,0,9.0,Phone,1,16.0,Debit Card,Male,2.0,3,Fashion,5,Married,8,1,13.0,2.0,5.0,7.0,183.21,1,0,1,0,0,1,0,0,1,0,0,0,0,0,1,0
55363,0,12.0,Phone,1,11.0,Credit Card,Female,3.0,4,Mobile,3,Married,9,0,20.0,1.0,2.0,1.0,158.06,0,0,1,0,1,0,0,0,0,0,0,1,0,0,1,0
53133,0,10.0,Computer,3,17.0,Credit Card,Male,3.0,4,Fashion,2,Single,3,0,15.0,2.0,10.0,3.0,224.8,1,1,0,0,1,0,0,0,1,0,0,0,0,0,0,1
51595,0,18.0,Computer,1,13.0,Debit Card,Male,3.0,1,Laptop & Accessory,3,Married,5,0,17.0,1.0,1.0,2.0,164.34,1,1,0,0,0,1,0,0,0,0,1,0,0,0,1,0
52725,1,0.0,Computer,2,28.0,Upi,Female,2.9315348837209303,4,Mobile,4,Married,2,0,12.0,1.0,1.0,0.0,128.63,0,1,0,0,0,0,0,1,0,0,0,1,0,0,1,0
54922,1,1.0,Phone,1,22.0,Upi,Male,3.0,4,Laptop & Accessory,3,Married,9,0,15.0,1.0,2.0,1.0,173.34,1,0,1,0,0,0,0,1,0,0,1,0,0,0,1,0
53364,0,7.0,Phone,1,7.0,Upi,Male,4.0,5,Mobile,5,Single,5,1,12.0,1.0,2.0,3.0,152.99,1,0,1,0,0,0,0,1,0,0,0,1,0,0,0,1
52986,0,16.0,Computer,3,33.0,E Wallet,Female,4.0,4,Grocery,4,Divorced,7,0,15.0,3.0,2.0,9.0,260.25,0,1,0,0,0,0,1,0,0,1,0,0,0,1,0,0
55566,0,5.0,Computer,1,17.0,Credit Card,Female,3.0,4,Fashion,3,Married,6,0,21.0,4.0,2.0,9.0,235.31,0,1,0,0,1,0,0,0,1,0,0,0,0,0,1,0
55600,0,10.0,Phone,3,10.0,Credit Card,Female,4.0,5,Fashion,1,Married,2,0,20.0,1.0,4.0,5.0,201.44,0,0,1,0,1,0,0,0,1,0,0,0,0,0,1,0
53579,0,9.0,Computer,3,15.0,E Wallet,Female,4.0,5,Fashion,2,Divorced,6,1,12.0,3.0,5.0,3.0,228.77,0,1,0,0,0,0,1,0,1,0,0,0,0,1,0,0
50554,0,9.0,Phone,1,26.0,Credit Card,Male,2.0,3,Mobile,3,Divorced,5,0,17.0,0.0,1.0,0.0,122.59,1,0,1,0,1,0,0,0,0,0,0,1,0,1,0,0
54506,0,1.0,Phone,1,33.0,Debit Card,Male,3.0,4,Mobile,1,Married,3,0,13.0,1.0,2.0,3.0,154.04,1,0,1,0,0,1,0,0,0,0,0,1,0,0,1,0
54796,0,9.0,Phone,1,16.0,Debit Card,Female,4.0,5,Fashion,3,Married,3,1,21.0,4.0,2.0,16.0,231.85000000000002,0,0,1,0,0,1,0,0,1,0,0,0,0,0,1,0
51029,1,9.0,Computer,3,9.0,Credit Card,Female,3.0,3,Mobile,1,Single,2,1,12.0,0.0,1.0,0.0,115.69,0,1,0,0,1,0,0,0,0,0,0,1,0,0,0,1
54601,1,1.0,Computer,2,30.0,Upi,Female,3.0,4,Fashion,5,Married,11,1,16.0,2.0,2.0,3.0,224.5,0,1,0,0,0,0,0,1,1,0,0,0,0,0,1,0
50705,1,0.0,Phone,3,15.0,E Wallet,Female,3.0,3,Laptop & Accessory,5,Single,1,1,17.0,0.0,1.0,3.0,182.24,0,0,1,0,0,0,1,0,0,0,1,0,0,0,0,1
52548,0,11.0,Phone,1,10.0,Credit Card,Female,2.0,3,Mobile,3,Married,8,0,19.0,0.0,1.0,0.0,133.06,0,0,1,0,1,0,0,0,0,0,0,1,0,0,1,0
55113,1,1.0,Computer,3,8.0,Debit Card,Female,3.0,4,Mobile,4,Single,3,1,12.0,3.0,3.0,3.0,148.02,0,1,0,0,0,1,0,0,0,0,0,1,0,0,0,1
51116,0,12.0,Computer,1,6.0,Debit Card,Male,3.0,3,Laptop & Accessory,1,Married,2,1,15.0,3.0,5.0,8.0,164.72,1,1,0,0,0,1,0,0,0,0,1,0,0,0,1,0
54237,0,9.0,Phone,3,7.0,E Wallet,Male,3.0,5,Laptop & Accessory,5,Single,2,0,15.0,2.0,3.0,9.0,168.12,1,0,1,0,0,0,1,0,0,0,1,0,0,0,0,1
50736,1,0.0,Computer,1,9.0,Debit Card,Male,2.9315348837209303,4,Mobile,2,Divorced,1,1,11.0,0.0,1.0,0.0,128.53,1,1,0,0,0,1,0,0,0,0,0,1,0,1,0,0
51461,0,10.0,Phone,3,9.0,Debit Card,Male,2.0,3,Fashion,1,Single,3,0,12.0,0.0,1.0,3.0,174.28,1,0,1,0,0,1,0,0,1,0,0,0,0,0,0,1
51602,0,15.0,Phone,1,14.0,Credit Card,Female,2.0,4,Mobile,5,Married,1,1,11.0,7.0,7.0,8.0,125.93,0,0,1,0,1,0,0,0,0,0,0,1,0,0,1,0
53047,0,16.0,Phone,1,9.0,Upi,Male,4.0,5,Laptop & Accessory,2,Single,5,0,24.0,1.0,2.0,1.0,192.81,1,0,1,0,0,0,0,1,0,0,1,0,0,0,0,1
55273,1,2.0,Phone,1,9.0,Credit Card,Male,3.0,4,Laptop & Accessory,4,Married,6,0,12.0,2.0,2.0,5.0,173.55,1,0,1,0,1,0,0,0,0,0,1,0,0,0,1,0
51628,0,2.0,Computer,3,8.0,Debit Card,Male,2.0,3,Laptop & Accessory,1,Single,2,0,18.0,0.0,1.0,9.0,145.54,1,1,0,0,0,1,0,0,0,0,1,0,0,0,0,1
51114,0,0.0,Phone,1,10.0,Credit Card,Female,2.0,3,Mobile,4,Single,2,0,13.0,1.0,1.0,2.0,132.95,0,0,1,0,1,0,0,0,0,0,0,1,0,0,0,1
52480,0,8.0,Phone,1,13.0,Debit Card,Male,2.9315348837209303,4,Mobile,1,Married,2,0,18.0,1.0,1.0,1.0,126.9,1,0,1,0,0,1,0,0,0,0,0,1,0,0,1,0
51292,0,11.0,Phone,3,6.0,Debit Card,Male,2.0,3,Laptop & Accessory,4,Married,1,0,15.0,4.0,5.0,8.0,144.4,1,0,1,0,0,1,0,0,0,0,1,0,0,0,1,0
53999,0,12.0,Phone,3,9.0,E Wallet,Female,4.0,6,Laptop & Accessory,1,Married,4,1,21.0,1.0,2.0,4.0,179.05,0,0,1,0,0,0,1,0,0,0,1,0,0,0,1,0
52323,0,9.0,Computer,1,32.0,Cash On Delivery,Female,3.0,4,Mobile,3,Married,2,0,20.0,1.0,1.0,0.0,120.28999999999999,0,1,0,1,0,0,0,0,0,0,0,1,0,0,1,0
51633,0,11.0,Phone,1,29.0,Debit Card,Male,2.0,3,Laptop & Accessory,1,Married,10,0,14.0,0.0,1.0,2.0,157.45,1,0,1,0,0,1,0,0,0,0,1,0,0,0,1,0
51317,0,29.0,Computer,1,6.0,Debit Card,Male,2.0,3,Laptop & Accessory,3,Married,2,0,21.0,0.0,1.0,9.0,163.06,1,1,0,0,0,1,0,0,0,0,1,0,0,0,1,0
50409,0,13.0,Computer,3,11.0,Debit Card,Male,2.0,4,Fashion,5,Divorced,6,1,21.0,0.0,1.0,12.0,204.75,1,1,0,0,0,1,0,0,1,0,0,0,0,1,0,0
52533,0,11.0,Computer,1,7.0,Debit Card,Male,2.0,3,Laptop & Accessory,1,Married,8,0,15.0,1.0,2.0,9.0,147.35,1,1,0,0,0,1,0,0,0,0,1,0,0,0,1,0
50282,0,25.0,Phone,1,9.0,Credit Card,Male,2.0,4,Fashion,3,Divorced,3,1,14.0,0.0,1.0,4.0,179.69,1,0,1,0,1,0,0,0,1,0,0,0,0,1,0,0
50785,0,0.0,Phone,1,31.0,Debit Card,Female,2.9315348837209303,1,Mobile,2,Single,2,1,12.0,1.0,1.0,1.0,129.94,0,0,1,0,0,1,0,0,0,0,0,1,0,0,0,1
55332,1,4.0,Phone,1,14.0,Debit Card,Male,4.0,4,Mobile,5,Single,5,1,15.0,1.0,2.0,4.0,146.66,1,0,1,0,0,1,0,0,0,0,0,1,0,0,0,1
53831,0,18.0,Phone,1,14.0,Credit Card,Female,3.0,4,Others,1,Married,2,1,15.0,2.0,2.0,11.0,315.49,0,0,1,0,1,0,0,0,0,0,0,0,1,0,1,0
53535,0,4.0,Phone,3,17.0,E Wallet,Male,4.0,5,Laptop & Accessory,3,Divorced,3,0,19.0,2.0,2.0,5.0,190.78,1,0,1,0,0,0,1,0,0,0,1,0,0,1,0,0
50982,1,0.0,Phone,3,6.0,Debit Card,Male,3.0,4,Laptop & Accessory,5,Married,2,0,11.0,3.0,6.0,7.0,197.14,1,0,1,0,0,1,0,0,0,0,1,0,0,0,1,0
52927,1,1.0,Phone,1,9.0,Debit Card,Female,3.0,4,Mobile,5,Divorced,9,0,21.0,2.0,2.0,8.0,152.07,0,0,1,0,0,1,0,0,0,0,0,1,0,1,0,0
50844,0,9.0,Computer,3,13.0,E Wallet,Female,2.0,1,Laptop & Accessory,5,Divorced,3,0,16.0,5.0,6.0,13.0,146.39,0,1,0,0,0,0,1,0,0,0,1,0,0,1,0,0
51022,0,7.0,Computer,1,16.0,Debit Card,Male,2.0,1,Laptop & Accessory,1,Married,2,0,13.0,5.0,7.0,2.0,147.24,1,1,0,0,0,1,0,0,0,0,1,0,0,0,1,0
50605,0,8.0,Phone,1,31.0,Credit Card,Female,2.0,3,Fashion,3,Married,2,1,11.0,2.0,10.0,1.0,203.88,0,0,1,0,1,0,0,0,1,0,0,0,0,0,1,0
52895,1,2.0,Phone,1,36.0,Credit Card,Male,4.0,4,Laptop & Accessory,5,Divorced,9,1,20.0,1.0,2.0,1.0,191.73,1,0,1,0,1,0,0,0,0,0,1,0,0,1,0,0
50504,0,10.0,Phone,3,22.0,E Wallet,Male,3.0,4,Laptop & Accessory,3,Married,5,0,19.0,1.0,1.0,0.0,163.34,1,0,1,0,0,0,1,0,0,0,1,0,0,0,1,0
52841,1,1.0,Phone,1,16.0,Credit Card,Female,3.0,4,Mobile,5,Single,9,0,23.0,2.0,2.0,5.0,167.0,0,0,1,0,1,0,0,0,0,0,0,1,0,0,0,1
55337,0,23.0,Phone,1,29.0,Upi,Female,4.0,4,Grocery,4,Married,5,0,17.0,1.0,2.0,3.0,289.13,0,0,1,0,0,0,0,1,0,1,0,0,0,0,1,0
51258,0,4.0,Computer,1,9.0,Credit Card,Male,2.9315348837209303,3,Mobile,5,Married,2,1,13.0,0.0,2.0,3.0,130.65,1,1,0,0,1,0,0,0,0,0,0,1,0,0,1,0
54996,0,9.0,Phone,2,15.0,Cash On Delivery,Male,4.0,4,Mobile,3,Single,3,0,18.0,1.0,2.0,5.0,168.23,1,0,1,1,0,0,0,0,0,0,0,1,0,0,0,1
52767,0,20.0,Computer,1,7.0,Credit Card,Female,3.0,3,Fashion,4,Married,1,0,18.0,0.0,5.0,3.0,219.57,0,1,0,0,1,0,0,0,1,0,0,0,0,0,1,0
53056,0,20.0,Computer,1,14.0,Credit Card,Female,2.0,4,Laptop & Accessory,3,Divorced,4,0,15.0,1.0,2.0,1.0,177.58,0,1,0,0,1,0,0,0,0,0,1,0,0,1,0,0
55483,0,20.0,Phone,1,9.0,Debit Card,Male,3.0,4,Fashion,1,Married,5,0,15.0,1.0,5.0,3.0,210.78,1,0,1,0,0,1,0,0,1,0,0,0,0,0,1,0
51981,0,8.0,Phone,1,15.0,Debit Card,Female,3.0,4,Fashion,3,Married,2,1,20.0,3.0,5.0,15.0,206.85000000000002,0,0,1,0,0,1,0,0,1,0,0,0,0,0,1,0
53738,0,7.0,Computer,3,14.0,Credit Card,Male,3.0,4,Laptop & Accessory,5,Divorced,2,0,15.0,1.0,2.0,4.0,168.73,1,1,0,0,1,0,0,0,0,0,1,0,0,1,0,0
50384,0,8.0,Phone,1,12.0,Debit Card,Male,2.0,5,Laptop & Accessory,2,Single,2,0,13.0,11.0,11.0,8.0,166.46,1,0,1,0,0,1,0,0,0,0,1,0,0,0,0,1
53317,0,6.0,Phone,1,15.0,Credit Card,Female,4.0,2,Laptop & Accessory,3,Divorced,7,0,13.0,2.0,2.0,4.0,176.75,0,0,1,0,1,0,0,0,0,0,1,0,0,1,0,0
50725,1,6.0,Phone,3,15.0,E Wallet,Female,2.0,5,Laptop & Accessory,3,Single,9,0,13.0,1.0,1.0,3.0,153.46,0,0,1,0,0,0,1,0,0,0,1,0,0,0,0,1
54072,0,2.0,Computer,1,23.0,Credit Card,Male,3.0,4,Mobile,3,Single,3,0,15.0,1.0,2.0,5.0,146.44,1,1,0,0,1,0,0,0,0,0,0,1,0,0,0,1
54777,0,25.0,Phone,3,33.0,E Wallet,Female,4.0,4,Grocery,3,Married,4,0,15.0,1.0,5.0,18.0,288.07,0,0,1,0,0,0,1,0,0,1,0,0,0,0,1,0
51400,0,0.0,Phone,3,29.0,E Wallet,Female,2.0,4,Laptop & Accessory,1,Married,8,1,19.0,0.0,1.0,0.0,141.57,0,0,1,0,0,0,1,0,0,0,1,0,0,0,1,0
50784,0,6.0,Phone,3,16.0,E Wallet,Male,2.0,1,Fashion,3,Married,1,1,14.0,1.0,1.0,8.0,183.8,1,0,1,0,0,0,1,0,1,0,0,0,0,0,1,0
50061,0,6.0,Phone,1,20.0,Credit Card,Female,2.9315348837209303,3,Mobile,4,Divorced,2,0,13.0,0.0,1.0,6.0,127.56,0,0,1,0,1,0,0,0,0,0,0,1,0,1,0,0
52061,0,6.0,Computer,1,6.0,Upi,Female,2.0,1,Laptop & Accessory,4,Married,2,1,13.0,1.0,1.0,2.0,154.88,0,1,0,0,0,0,0,1,0,0,1,0,0,0,1,0
53379,1,1.0,Phone,3,28.0,Upi,Male,3.0,5,Mobile,4,Single,3,1,14.0,1.0,2.0,1.0,146.21,1,0,1,0,0,0,0,1,0,0,0,1,0,0,0,1
53722,1,10.0,Phone,3,16.0,E Wallet,Male,3.0,4,Fashion,1,Married,6,0,12.0,1.0,5.0,3.0,225.96,1,0,1,0,0,0,1,0,1,0,0,0,0,0,1,0
53621,0,25.0,Computer,1,13.0,Credit Card,Female,3.0,5,Mobile,3,Single,2,0,15.0,8.0,8.0,8.0,153.38,0,1,0,0,1,0,0,0,0,0,0,1,0,0,0,1
54464,0,5.0,Phone,3,14.0,Cash On Delivery,Male,4.0,2,Laptop & Accessory,1,Married,6,0,12.0,4.0,8.0,8.0,194.29,1,0,1,1,0,0,0,0,0,0,1,0,0,0,1,0
53016,0,5.0,Computer,1,14.0,Debit Card,Female,3.0,5,Fashion,3,Divorced,3,0,25.0,4.0,9.0,3.0,214.43,0,1,0,0,0,1,0,0,1,0,0,0,0,1,0,0
50345,1,0.0,Computer,3,17.0,Upi,Male,2.0,2,Laptop & Accessory,3,Divorced,9,0,12.0,1.0,1.0,2.0,147.07,1,1,0,0,0,0,0,1,0,0,1,0,0,1,0,0
54917,0,6.0,Computer,1,36.0,Credit Card,Female,4.0,4,Mobile,3,Single,11,0,13.0,7.0,8.0,8.0,165.25,0,1,0,0,1,0,0,0,0,0,0,1,0,0,0,1
55168,1,1.0,Computer,1,21.0,Upi,Female,3.0,4,Fashion,1,Single,2,1,13.0,5.0,8.0,8.0,200.53,0,1,0,0,0,0,0,1,1,0,0,0,0,0,0,1
50088,0,0.0,Computer,3,26.0,Debit Card,Female,2.0,3,Laptop & Accessory,3,Single,2,0,14.0,1.0,1.0,7.0,199.81,0,1,0,0,0,1,0,0,0,0,1,0,0,0,0,1
50251,0,22.0,Phone,1,13.0,Upi,Male,2.0,4,Fashion,3,Single,9,0,24.0,1.0,1.0,0.0,145.0,1,0,1,0,0,0,0,1,1,0,0,0,0,0,0,1
52314,0,9.0,Computer,3,13.0,E Wallet,Female,2.0,1,Laptop & Accessory,5,Married,3,0,16.0,5.0,6.0,13.0,146.39,0,1,0,0,0,0,1,0,0,0,1,0,0,0,1,0
51657,0,18.0,Computer,1,13.0,Debit Card,Male,3.0,3,Fashion,5,Married,2,0,18.0,2.0,9.0,11.0,152.1,1,1,0,0,0,1,0,0,1,0,0,0,0,0,1,0
51699,0,10.0,Phone,1,12.0,Credit Card,Male,2.0,1,Laptop & Accessory,5,Married,5,1,13.0,6.0,6.0,7.0,159.74,1,0,1,0,1,0,0,0,0,0,1,0,0,0,1,0
55222,0,1.0,Computer,3,20.0,Debit Card,Female,4.0,4,Mobile,4,Married,3,0,14.0,1.0,2.0,1.0,145.33,0,1,0,0,0,1,0,0,0,0,0,1,0,0,1,0
52051,0,12.0,Phone,3,8.0,Debit Card,Male,2.0,1,Fashion,3,Single,1,0,18.0,0.0,1.0,7.0,178.8,1,0,1,0,0,1,0,0,1,0,0,0,0,0,0,1
50264,0,15.0,Phone,1,14.0,Debit Card,Female,3.0,3,Mobile,5,Married,4,0,16.0,1.0,1.0,2.0,125.75999999999999,0,0,1,0,0,1,0,0,0,0,0,1,0,0,1,0
51658,0,4.0,Phone,1,8.0,Debit Card,Male,2.9315348837209303,3,Mobile,1,Married,1,1,18.0,2.0,2.0,2.0,126.94999999999999,1,0,1,0,0,1,0,0,0,0,0,1,0,0,1,0
54253,0,4.0,Phone,3,11.0,Credit Card,Female,4.0,5,Laptop & Accessory,4,Married,3,1,13.0,3.0,3.0,8.0,177.09,0,0,1,0,1,0,0,0,0,0,1,0,0,0,1,0
52762,0,11.0,Phone,3,7.0,Debit Card,Male,2.0,3,Laptop & Accessory,4,Married,1,0,15.0,1.0,5.0,8.0,144.4,1,0,1,0,0,1,0,0,0,0,1,0,0,0,1,0
50405,0,11.0,Phone,1,6.0,Debit Card,Female,2.0,2,Laptop & Accessory,2,Single,1,0,13.0,1.0,1.0,8.0,176.25,0,0,1,0,0,1,0,0,0,0,1,0,0,0,0,1
55102,0,4.0,Phone,1,13.0,Cash On Delivery,Female,3.0,5,Laptop & Accessory,1,Married,2,0,13.0,6.0,7.0,8.0,171.27,0,0,1,1,0,0,0,0,0,0,1,0,0,0,1,0
50045,0,5.0,Phone,1,12.0,Debit Card,Male,2.9315348837209303,3,Mobile,3,Single,4,0,20.0,0.0,1.0,4.0,130.38,1,0,1,0,0,1,0,0,0,0,0,1,0,0,0,1
54618,1,1.0,Computer,3,12.0,E Wallet,Male,4.0,4,Mobile,4,Single,3,1,15.0,2.0,2.0,1.0,143.78,1,1,0,0,0,0,1,0,0,0,0,1,0,0,0,1
51665,0,5.0,Phone,3,14.0,Cash On Delivery,Female,3.0,4,Laptop & Accessory,4,Married,2,1,11.0,11.0,11.0,9.0,152.28,0,0,1,1,0,0,0,0,0,0,1,0,0,0,1,0
50531,0,9.0,Phone,2,9.0,Upi,Male,2.0,3,Mobile,4,Married,4,1,11.0,0.0,1.0,3.0,122.77000000000001,1,0,1,0,0,0,0,1,0,0,0,1,0,0,1,0
51201,0,15.0,Phone,1,14.0,Debit Card,Male,2.0,3,Mobile,3,Single,5,0,13.0,1.0,1.0,0.0,139.68,1,0,1,0,0,1,0,0,0,0,0,1,0,0,0,1
54558,0,1.0,Phone,3,11.0,Debit Card,Female,4.0,5,Laptop & Accessory,1,Single,3,1,12.0,1.0,2.0,4.0,169.87,0,0,1,0,0,1,0,0,0,0,1,0,0,0,0,1
54226,0,29.0,Phone,1,15.0,Credit Card,Female,3.0,4,Grocery,3,Married,4,1,15.0,1.0,2.0,3.0,272.56,0,0,1,0,1,0,0,0,0,1,0,0,0,0,1,0
51321,0,14.0,Phone,1,34.0,Debit Card,Female,2.0,4,Grocery,4,Married,1,0,23.0,1.0,2.0,10.0,235.7,0,0,1,0,0,1,0,0,0,1,0,0,0,0,1,0
51291,0,9.0,Computer,1,6.0,Credit Card,Male,2.0,4,Mobile,3,Married,2,0,12.0,0.0,1.0,0.0,120.08000000000001,1,1,0,0,1,0,0,0,0,0,0,1,0,0,1,0
53108,0,14.0,Phone,3,9.0,Debit Card,Female,4.0,4,Others,3,Divorced,2,0,15.0,1.0,2.0,13.0,305.41,0,0,1,0,0,1,0,0,0,0,0,0,1,1,0,0
51970,0,26.0,Phone,3,13.0,E Wallet,Female,3.0,4,Fashion,1,Married,8,1,18.0,0.0,1.0,3.0,209.33999999999997,0,0,1,0,0,0,1,0,1,0,0,0,0,0,1,0
50821,0,23.0,Phone,1,34.0,Debit Card,Female,2.0,3,Grocery,5,Divorced,5,1,11.0,1.0,1.0,2.0,268.8,0,0,1,0,0,1,0,0,0,1,0,0,0,1,0,0
55506,0,9.0,Phone,1,23.0,Upi,Female,3.0,5,Laptop & Accessory,4,Married,2,1,12.0,1.0,2.0,3.0,172.88,0,0,1,0,0,0,0,1,0,0,1,0,0,0,1,0
53964,1,1.0,Phone,1,15.0,Credit Card,Female,4.0,4,Mobile,5,Married,3,1,18.0,1.0,2.0,1.0,148.98,0,0,1,0,1,0,0,0,0,0,0,1,0,0,1,0
51953,1,12.0,Phone,3,17.0,E Wallet,Female,2.0,3,Fashion,1,Married,2,0,18.0,0.0,7.0,7.0,176.54,0,0,1,0,0,0,1,0,1,0,0,0,0,0,1,0
53929,0,1.0,Phone,1,11.0,Credit Card,Female,3.0,4,Mobile,4,Single,3,0,14.0,2.0,2.0,3.0,157.95,0,0,1,0,1,0,0,0,0,0,0,1,0,0,0,1
54031,0,10.0,Phone,3,17.0,Cash On Delivery,Female,4.0,5,Laptop & Accessory,3,Married,3,1,14.0,2.0,2.0,8.0,181.73,0,0,1,1,0,0,0,0,0,0,1,0,0,0,1,0
51701,0,0.0,Phone,3,6.0,Debit Card,Male,2.0,3,Laptop & Accessory,3,Married,2,0,17.0,0.0,7.0,7.0,152.96,1,0,1,0,0,1,0,0,0,0,1,0,0,0,1,0
52353,1,0.0,Computer,1,20.0,Upi,Female,2.0,3,Fashion,1,Single,1,1,12.0,4.0,7.0,7.0,175.53,0,1,0,0,0,0,0,1,1,0,0,0,0,0,0,1
50025,1,14.0,Computer,1,14.0,Debit Card,Male,2.0,5,Fashion,2,Single,3,0,15.0,0.0,1.0,3.0,206.5,1,1,0,0,0,1,0,0,1,0,0,0,0,0,0,1
50249,0,0.0,Phone,1,6.0,Credit Card,Male,2.0,3,Mobile,4,Married,2,0,11.0,0.0,1.0,4.0,138.16,1,0,1,0,1,0,0,0,0,0,0,1,0,0,1,0
50287,0,30.0,Phone,1,13.0,Debit Card,Female,2.0,3,Others,5,Divorced,6,0,15.0,0.0,11.0,10.0,295.66,0,0,1,0,0,1,0,0,0,0,0,0,1,1,0,0
52739,0,0.0,Phone,3,15.0,E Wallet,Male,2.0,3,Laptop & Accessory,1,Single,2,0,14.0,1.0,1.0,7.0,141.05,1,0,1,0,0,0,1,0,0,0,1,0,0,0,0,1
51647,0,9.0,Phone,3,16.0,Credit Card,Female,3.0,4,Mobile,3,Single,2,0,12.0,0.0,1.0,0.0,112.0,0,0,1,0,1,0,0,0,0,0,0,1,0,0,0,1
50209,0,16.0,Phone,1,13.0,Debit Card,Female,2.0,3,Fashion,5,Divorced,9,0,16.0,1.0,1.0,0.0,199.85,0,0,1,0,0,1,0,0,1,0,0,0,0,1,0,0
50947,0,22.0,Phone,1,9.0,Credit Card,Female,2.0,4,Laptop & Accessory,5,Divorced,5,0,25.0,1.0,1.0,2.0,147.89,0,0,1,0,1,0,0,0,0,0,1,0,0,1,0,0
55181,0,21.0,Phone,1,8.0,Cash On Delivery,Male,4.0,4,Mobile,1,Married,9,0,13.0,2.0,2.0,3.0,159.2,1,0,1,1,0,0,0,0,0,0,0,1,0,0,1,0
50512,1,9.0,Computer,1,31.0,Debit Card,Female,3.0,3,Mobile,4,Married,2,1,19.0,0.0,7.0,8.0,120.22,0,1,0,0,0,1,0,0,0,0,0,1,0,0,1,0
51127,0,3.0,Phone,3,21.0,E Wallet,Male,3.0,4,Fashion,5,Married,3,0,11.0,0.0,1.0,7.0,171.4,1,0,1,0,0,0,1,0,1,0,0,0,0,0,1,0
54340,0,12.0,Phone,1,16.0,Debit Card,Female,4.0,4,Mobile,1,Single,3,0,13.0,2.0,3.0,2.0,147.88,0,0,1,0,0,1,0,0,0,0,0,1,0,0,0,1
51139,0,15.0,Phone,1,18.0,Credit Card,Male,2.9315348837209303,3,Mobile,4,Married,9,0,22.0,1.0,1.0,4.0,127.66,1,0,1,0,1,0,0,0,0,0,0,1,0,0,1,0
52219,0,9.0,Phone,1,12.0,Debit Card,Male,2.9315348837209303,5,Mobile,3,Married,2,0,14.0,1.0,1.0,7.0,127.41,1,0,1,0,0,1,0,0,0,0,0,1,0,0,1,0
55107,1,4.0,Phone,3,32.0,E Wallet,Male,3.0,5,Fashion,4,Single,4,1,13.0,2.0,2.0,3.0,215.94,1,0,1,0,0,0,1,0,1,0,0,0,0,0,0,1
54224,0,31.0,Phone,3,32.0,Debit Card,Female,5.0,4,Fashion,5,Single,9,0,12.0,7.0,8.0,10.0,201.37,0,0,1,0,0,1,0,0,1,0,0,0,0,0,0,1
54236,0,5.0,Phone,1,15.0,Debit Card,Female,4.0,4,Laptop & Accessory,1,Single,3,0,24.0,2.0,2.0,9.0,169.24,0,0,1,0,0,1,0,0,0,0,1,0,0,0,0,1
54719,0,6.0,Computer,1,31.0,Debit Card,Male,4.0,4,Laptop & Accessory,1,Married,3,0,16.0,2.0,5.0,8.0,178.09,1,1,0,0,0,1,0,0,0,0,1,0,0,0,1,0
54649,0,16.0,Phone,1,9.0,Debit Card,Female,3.0,4,Laptop & Accessory,1,Married,3,0,14.0,1.0,3.0,3.0,165.89,0,0,1,0,0,1,0,0,0,0,1,0,0,0,1,0
50533,0,2.0,Phone,1,14.0,Credit Card,Female,3.0,4,Mobile,2,Married,7,0,14.0,1.0,1.0,3.0,125.32,0,0,1,0,1,0,0,0,0,0,0,1,0,0,1,0
53936,0,1.0,Computer,2,17.0,Credit Card,Male,3.0,4,Mobile,1,Married,2,0,15.0,2.0,3.0,2.0,146.45,1,1,0,0,1,0,0,0,0,0,0,1,0,0,1,0
53934,0,19.0,Phone,2,11.0,Debit Card,Female,3.0,6,Fashion,3,Married,6,0,22.0,2.0,2.0,3.0,222.56,0,0,1,0,0,1,0,0,1,0,0,0,0,0,1,0
54015,0,3.0,Phone,1,36.0,Debit Card,Male,4.0,6,Laptop & Accessory,3,Married,10,0,18.0,2.0,2.0,7.0,188.84,1,0,1,0,0,1,0,0,0,0,1,0,0,0,1,0
55443,0,7.0,Phone,1,15.0,Debit Card,Male,3.0,2,Mobile,5,Married,8,0,20.0,4.0,8.0,7.0,156.43,1,0,1,0,0,1,0,0,0,0,0,1,0,0,1,0
54436,0,11.0,Computer,1,7.0,Credit Card,Female,4.0,4,Fashion,1,Married,4,1,19.0,1.0,2.0,3.0,261.03,0,1,0,0,1,0,0,0,1,0,0,0,0,0,1,0
50729,0,0.0,Phone,1,14.0,Debit Card,Male,2.0,3,Mobile,5,Single,2,0,25.0,0.0,1.0,0.0,125.52000000000001,1,0,1,0,0,1,0,0,0,0,0,1,0,0,0,1
53935,0,4.0,Computer,1,9.0,Cash On Delivery,Female,4.0,5,Mobile,5,Single,2,0,17.0,1.0,2.0,8.0,174.68,0,1,0,1,0,0,0,0,0,0,0,1,0,0,0,1
51457,1,0.0,Computer,1,13.0,Debit Card,Male,3.0,5,Laptop & Accessory,3,Single,2,1,24.0,1.0,1.0,6.0,160.74,1,1,0,0,0,1,0,0,0,0,1,0,0,0,0,1
53808,0,8.0,Phone,1,7.0,Debit Card,Male,3.0,4,Laptop & Accessory,1,Married,11,0,18.0,2.0,3.0,2.0,179.84,1,0,1,0,0,1,0,0,0,0,1,0,0,0,1,0
54503,0,5.0,Phone,1,14.0,Credit Card,Female,3.0,4,Fashion,1,Single,3,1,15.0,5.0,5.0,11.0,196.43,0,0,1,0,1,0,0,0,1,0,0,0,0,0,0,1
53043,0,22.0,Phone,3,36.0,Credit Card,Female,4.0,4,Fashion,3,Divorced,5,0,22.0,1.0,2.0,1.0,250.04000000000002,0,0,1,0,1,0,0,0,1,0,0,0,0,1,0,0
54098,0,1.0,Phone,1,7.0,Debit Card,Male,3.0,5,Laptop & Accessory,3,Single,3,0,13.0,2.0,2.0,3.0,171.17,1,0,1,0,0,1,0,0,0,0,1,0,0,0,0,1
54025,0,1.0,Computer,1,22.0,Debit Card,Female,4.0,5,Mobile,5,Married,2,0,20.0,8.0,8.0,4.0,172.74,0,1,0,0,0,1,0,0,0,0,0,1,0,0,1,0
53446,0,19.0,Phone,3,18.0,Debit Card,Female,3.0,4,Grocery,2,Divorced,5,0,15.0,2.0,2.0,2.0,301.5,0,0,1,0,0,1,0,0,0,1,0,0,0,1,0,0
50083,0,9.0,Computer,1,24.0,Credit Card,Female,3.0,3,Mobile,2,Single,2,0,13.0,1.0,1.0,7.0,121.53,0,1,0,0,1,0,0,0,0,0,0,1,0,0,0,1
55520,0,8.0,Phone,3,10.0,Credit Card,Female,4.0,5,Laptop & Accessory,1,Married,5,1,13.0,1.0,2.0,2.0,206.03,0,0,1,0,1,0,0,0,0,0,1,0,0,0,1,0
52683,0,1.0,Phone,3,9.0,Credit Card,Female,2.9315348837209303,3,Mobile,4,Married,2,0,19.0,1.0,1.0,0.0,128.56,0,0,1,0,1,0,0,0,0,0,0,1,0,0,1,0
53854,0,11.0,Phone,1,17.0,Credit Card,Female,4.0,4,Mobile,4,Married,3,0,12.0,2.0,8.0,8.0,164.36,0,0,1,0,1,0,0,0,0,0,0,1,0,0,1,0
53221,0,1.0,Phone,1,7.0,Debit Card,Female,4.0,4,Fashion,5,Divorced,3,0,12.0,2.0,2.0,8.0,199.12,0,0,1,0,0,1,0,0,1,0,0,0,0,1,0,0
50624,1,0.0,Computer,3,35.0,Credit Card,Male,3.0,5,Laptop & Accessory,5,Single,9,0,18.0,0.0,2.0,2.0,149.69,1,1,0,0,1,0,0,0,0,0,1,0,0,0,0,1
55257,0,14.0,Phone,2,13.0,Credit Card,Male,3.0,4,Grocery,1,Single,3,1,22.0,1.0,8.0,8.0,289.37,1,0,1,0,1,0,0,0,0,1,0,0,0,0,0,1
51654,0,30.0,Computer,1,6.0,Debit Card,Male,2.0,5,Laptop & Accessory,3,Married,3,1,13.0,1.0,1.0,2.0,156.6,1,1,0,0,0,1,0,0,0,0,1,0,0,0,1,0
54505,0,9.0,Phone,1,12.0,Cash On Delivery,Male,4.0,4,Fashion,4,Single,2,0,14.0,2.0,2.0,14.0,205.95,1,0,1,1,0,0,0,0,1,0,0,0,0,0,0,1
54589,0,21.0,Phone,1,9.0,Credit Card,Female,4.0,4,Laptop & Accessory,1,Married,7,0,14.0,1.0,2.0,5.0,175.7,0,0,1,0,1,0,0,0,0,0,1,0,0,0,1,0
53518,0,5.0,Computer,1,13.0,Debit Card,Male,3.0,5,Mobile,3,Married,3,1,15.0,2.0,2.0,3.0,152.03,1,1,0,0,0,1,0,0,0,0,0,1,0,0,1,0
53763,0,3.0,Computer,1,9.0,Debit Card,Female,4.0,4,Mobile,4,Divorced,2,0,14.0,1.0,2.0,3.0,156.8,0,1,0,0,0,1,0,0,0,0,0,1,0,1,0,0
53859,0,1.0,Computer,1,9.0,Cash On Delivery,Female,3.0,4,Mobile,1,Single,3,1,14.0,2.0,2.0,4.0,162.6,0,1,0,1,0,0,0,0,0,0,0,1,0,0,0,1
50949,0,1.0,Phone,1,35.0,Debit Card,Male,3.0,5,Laptop & Accessory,4,Divorced,2,0,14.0,1.0,1.0,7.0,165.49,1,0,1,0,0,1,0,0,0,0,1,0,0,1,0,0
52523,0,23.0,Phone,1,23.0,Debit Card,Female,2.0,4,Fashion,5,Married,6,0,15.0,0.0,2.0,11.0,232.69,0,0,1,0,0,1,0,0,1,0,0,0,0,0,1,0
55420,0,4.0,Phone,1,23.0,Debit Card,Male,3.0,2,Laptop & Accessory,3,Married,5,0,17.0,2.0,2.0,8.0,177.94,1,0,1,0,0,1,0,0,0,0,1,0,0,0,1,0
50426,0,0.0,Phone,1,14.0,Credit Card,Male,2.0,3,Mobile,5,Divorced,2,0,14.0,0.0,1.0,2.0,125.0,1,0,1,0,1,0,0,0,0,0,0,1,0,1,0,0
51931,1,9.0,Phone,1,12.0,Debit Card,Male,3.0,1,Mobile,5,Married,2,1,21.0,0.0,1.0,0.0,116.00999999999999,1,0,1,0,0,1,0,0,0,0,0,1,0,0,1,0
53166,0,1.0,Phone,3,35.0,E Wallet,Male,4.0,4,Laptop & Accessory,4,Divorced,3,0,21.0,2.0,2.0,5.0,187.72,1,0,1,0,0,0,1,0,0,0,1,0,0,1,0,0
54030,1,1.0,Phone,1,14.0,Debit Card,Male,4.0,4,Mobile,4,Single,3,1,24.0,2.0,2.0,1.0,149.72,1,0,1,0,0,1,0,0,0,0,0,1,0,0,0,1
52139,0,9.0,Phone,1,21.0,Debit Card,Male,2.0,3,Mobile,3,Married,2,0,16.0,0.0,2.0,2.0,122.07,1,0,1,0,0,1,0,0,0,0,0,1,0,0,1,0
55050,0,1.0,Phone,1,21.0,Debit Card,Male,3.0,4,Mobile,5,Married,3,1,15.0,6.0,7.0,9.0,147.35,1,0,1,0,0,1,0,0,0,0,0,1,0,0,1,0
50644,0,13.0,Phone,3,32.0,E Wallet,Male,3.0,3,Laptop & Accessory,5,Divorced,2,0,14.0,5.0,7.0,5.0,183.96,1,0,1,0,0,0,1,0,0,0,1,0,0,1,0,0
50955,0,12.0,Phone,1,12.0,Debit Card,Female,2.0,3,Fashion,4,Single,5,0,18.0,0.0,2.0,2.0,183.76,0,0,1,0,0,1,0,0,1,0,0,0,0,0,0,1
52348,0,8.0,Computer,1,24.0,Debit Card,Male,2.0,3,Fashion,1,Single,3,0,11.0,2.0,2.0,2.0,193.62,1,1,0,0,0,1,0,0,1,0,0,0,0,0,0,1
52645,0,13.0,Phone,1,7.0,Debit Card,Female,2.0,3,Laptop & Accessory,1,Married,5,0,17.0,0.0,1.0,3.0,165.13,0,0,1,0,0,1,0,0,0,0,1,0,0,0,1,0
50217,0,11.0,Phone,1,21.0,Debit Card,Male,3.0,4,Fashion,2,Married,1,1,14.0,1.0,2.0,3.0,215.10000000000002,1,0,1,0,0,1,0,0,1,0,0,0,0,0,1,0
50319,1,0.0,Computer,1,10.0,Cash On Delivery,Male,2.0,4,Mobile,3,Single,6,0,16.0,1.0,1.0,2.0,138.94,1,1,0,1,0,0,0,0,0,0,0,1,0,0,0,1
55248,0,8.0,Phone,3,14.0,Cash On Delivery,Male,3.0,4,Mobile,3,Married,2,1,26.0,4.0,6.0,8.0,148.08,1,0,1,1,0,0,0,0,0,0,0,1,0,0,1,0
51198,0,19.0,Phone,1,8.0,Debit Card,Male,2.0,3,Fashion,1,Married,4,0,14.0,1.0,4.0,7.0,185.78,1,0,1,0,0,1,0,0,1,0,0,0,0,0,1,0
52610,0,28.0,Phone,1,8.0,Credit Card,Male,2.0,4,Others,5,Married,9,0,12.0,1.0,1.0,0.0,290.38,1,0,1,0,1,0,0,0,0,0,0,0,1,0,1,0
51598,0,2.0,Phone,1,14.0,Debit Card,Male,2.0,3,Mobile,1,Single,2,0,19.0,1.0,1.0,5.0,123.4,1,0,1,0,0,1,0,0,0,0,0,1,0,0,0,1
55377,0,17.0,Phone,3,9.0,Credit Card,Male,4.0,4,Laptop & Accessory,1,Married,3,1,18.0,4.0,9.0,9.0,203.47,1,0,1,0,1,0,0,0,0,0,1,0,0,0,1,0
50416,1,9.0,Phone,1,6.0,Debit Card,Female,3.0,5,Mobile,4,Single,8,1,13.0,1.0,3.0,7.0,122.16,0,0,1,0,0,1,0,0,0,0,0,1,0,0,0,1
52070,0,0.0,Phone,1,23.0,Credit Card,Female,2.0,4,Laptop & Accessory,3,Married,2,0,15.0,0.0,3.0,2.0,143.77,0,0,1,0,1,0,0,0,0,0,1,0,0,0,1,0
53190,0,7.0,Phone,3,15.0,E Wallet,Male,3.0,4,Laptop & Accessory,3,Married,2,0,13.0,2.0,2.0,3.0,196.04,1,0,1,0,0,0,1,0,0,0,1,0,0,0,1,0
50479,0,9.0,Phone,1,8.0,Debit Card,Female,3.0,4,Mobile,3,Single,2,0,14.0,1.0,1.0,0.0,122.74000000000001,0,0,1,0,0,1,0,0,0,0,0,1,0,0,0,1
55315,0,21.0,Phone,2,33.0,Debit Card,Female,4.0,4,Others,3,Married,5,0,15.0,2.0,2.0,1.0,321.58,0,0,1,0,0,1,0,0,0,0,0,0,1,0,1,0
54094,0,13.0,Phone,3,22.0,E Wallet,Male,4.0,4,Grocery,5,Single,2,0,13.0,5.0,2.0,11.0,258.41,1,0,1,0,0,0,1,0,0,1,0,0,0,0,0,1
54918,0,8.0,Phone,3,7.0,E Wallet,Male,4.0,2,Laptop & Accessory,1,Married,2,0,12.0,1.0,2.0,3.0,222.25,1,0,1,0,0,0,1,0,0,0,1,0,0,0,1,0
54266,0,31.0,Computer,2,9.0,Upi,Female,3.0,5,Others,1,Married,11,0,15.0,1.0,3.0,3.0,313.44,0,1,0,0,0,0,0,1,0,0,0,0,1,0,1,0
55264,0,22.0,Phone,3,23.0,Debit Card,Female,4.0,4,Laptop & Accessory,3,Married,10,0,15.0,8.0,8.0,8.0,189.39,0,0,1,0,0,1,0,0,0,0,1,0,0,0,1,0
52473,0,9.0,Phone,1,16.0,Cash On Delivery,Male,2.0,1,Mobile,3,Married,3,0,16.0,0.0,2.0,2.0,120.72999999999999,1,0,1,1,0,0,0,0,0,0,0,1,0,0,1,0
51972,0,5.0,Phone,1,14.0,Credit Card,Female,3.0,1,Laptop & Accessory,3,Married,6,0,12.0,1.0,1.0,3.0,151.75,0,0,1,0,1,0,0,0,0,0,1,0,0,0,1,0
54013,0,20.0,Phone,1,9.0,Debit Card,Male,3.0,4,Fashion,1,Married,5,0,15.0,2.0,5.0,3.0,210.78,1,0,1,0,0,1,0,0,1,0,0,0,0,0,1,0
53436,0,29.0,Computer,1,25.0,Credit Card,Male,4.0,4,Laptop & Accessory,4,Divorced,5,1,15.0,7.0,7.0,8.0,188.85,1,1,0,0,1,0,0,0,0,0,1,0,0,1,0,0
53087,0,17.0,Phone,1,15.0,Upi,Female,4.0,4,Laptop & Accessory,3,Married,6,1,15.0,1.0,2.0,3.0,170.22,0,0,1,0,0,0,0,1,0,0,1,0,0,0,1,0
53657,1,21.0,Phone,1,14.0,Credit Card,Female,3.0,5,Fashion,5,Divorced,9,1,15.0,5.0,6.0,3.0,225.08,0,0,1,0,1,0,0,0,1,0,0,0,0,1,0,0
54307,0,4.0,Phone,1,9.0,Credit Card,Male,3.0,5,Mobile,1,Single,2,0,14.0,1.0,2.0,3.0,152.2,1,0,1,0,1,0,0,0,0,0,0,1,0,0,0,1
55485,0,3.0,Phone,1,36.0,Debit Card,Male,4.0,6,Laptop & Accessory,3,Married,10,0,18.0,1.0,2.0,7.0,188.84,1,0,1,0,0,1,0,0,0,0,1,0,0,0,1,0
52035,1,0.0,Phone,1,10.0,Cash On Delivery,Male,2.9315348837209303,3,Mobile,5,Single,2,0,19.0,1.0,1.0,0.0,129.73,1,0,1,1,0,0,0,0,0,0,0,1,0,0,0,1
54485,0,4.0,Phone,1,35.0,Credit Card,Female,4.0,4,Laptop & Accessory,1,Married,3,0,14.0,2.0,2.0,10.0,182.75,0,0,1,0,1,0,0,0,0,0,1,0,0,0,1,0
54759,1,1.0,Phone,1,9.0,Credit Card,Male,3.0,4,Mobile,3,Single,8,0,18.0,3.0,3.0,2.0,168.82,1,0,1,0,1,0,0,0,0,0,0,1,0,0,0,1
54078,0,3.0,Phone,1,7.0,Debit Card,Male,3.0,4,Laptop & Accessory,5,Married,2,0,13.0,2.0,2.0,3.0,178.73,1,0,1,0,0,1,0,0,0,0,1,0,0,0,1,0
50891,0,7.0,Computer,1,6.0,Upi,Male,2.9315348837209303,3,Mobile,5,Married,6,0,14.0,1.0,1.0,3.0,129.96,1,1,0,0,0,0,0,1,0,0,0,1,0,0,1,0
53736,0,14.0,Phone,1,9.0,Credit Card,Male,4.0,4,Mobile,3,Married,4,0,15.0,1.0,2.0,3.0,148.45,1,0,1,0,1,0,0,0,0,0,0,1,0,0,1,0
55301,0,18.0,Phone,1,14.0,Credit Card,Female,3.0,4,Others,1,Married,2,1,15.0,1.0,2.0,11.0,315.49,0,0,1,0,1,0,0,0,0,0,0,0,1,0,1,0
51213,0,1.0,Phone,3,9.0,Credit Card,Female,2.9315348837209303,3,Mobile,4,Married,2,0,19.0,1.0,1.0,0.0,128.56,0,0,1,0,1,0,0,0,0,0,0,1,0,0,1,0
53350,0,2.0,Phone,3,12.0,Credit Card,Male,4.0,4,Laptop & Accessory,2,Single,3,0,15.0,2.0,2.0,3.0,174.08,1,0,1,0,1,0,0,0,0,0,1,0,0,0,0,1
54901,0,9.0,Phone,1,17.0,Upi,Male,3.0,4,Mobile,1,Married,3,0,21.0,1.0,2.0,3.0,164.17,1,0,1,0,0,0,0,1,0,0,0,1,0,0,1,0
51680,0,18.0,Phone,1,14.0,Upi,Male,3.0,3,Laptop & Accessory,1,Married,10,0,14.0,8.0,9.0,8.0,136.97,1,0,1,0,0,0,0,1,0,0,1,0,0,0,1,0
55556,1,1.0,Computer,3,33.0,E Wallet,Male,4.0,4,Laptop & Accessory,1,Married,3,1,12.0,1.0,2.0,9.0,181.17,1,1,0,0,0,0,1,0,0,0,1,0,0,0,1,0
54502,0,12.0,Phone,1,22.0,Debit Card,Male,4.0,5,Fashion,1,Married,2,1,15.0,3.0,2.0,10.0,240.10000000000002,1,0,1,0,0,1,0,0,1,0,0,0,0,0,1,0
51036,0,18.0,Phone,1,8.0,Upi,Female,2.0,4,Laptop & Accessory,1,Married,2,0,19.0,2.0,3.0,9.0,157.7,0,0,1,0,0,0,0,1,0,0,1,0,0,0,1,0
54903,0,24.0,Phone,1,16.0,Debit Card,Male,4.0,4,Mobile,1,Married,6,0,19.0,2.0,2.0,1.0,148.8,1,0,1,0,0,1,0,0,0,0,0,1,0,0,1,0
53254,0,1.0,Phone,3,33.0,Credit Card,Female,3.0,4,Laptop & Accessory,2,Single,3,0,24.0,1.0,2.0,5.0,186.8,0,0,1,0,1,0,0,0,0,0,1,0,0,0,0,1
53757,0,7.0,Phone,1,11.0,Credit Card,Female,3.0,5,Mobile,4,Divorced,10,0,12.0,1.0,2.0,3.0,163.38,0,0,1,0,1,0,0,0,0,0,0,1,0,1,0,0
53973,0,7.0,Phone,1,15.0,Debit Card,Male,3.0,2,Mobile,5,Married,8,0,20.0,7.0,8.0,7.0,156.43,1,0,1,0,0,1,0,0,0,0,0,1,0,0,1,0
54944,0,15.0,Phone,1,14.0,Cash On Delivery,Female,3.0,2,Mobile,3,Married,3,0,14.0,1.0,2.0,9.0,158.76,0,0,1,1,0,0,0,0,0,0,0,1,0,0,1,0
53154,1,1.0,Phone,1,31.0,Cash On Delivery,Male,4.0,6,Mobile,2,Single,3,1,19.0,2.0,2.0,1.0,148.4,1,0,1,1,0,0,0,0,0,0,0,1,0,0,0,1
51835,0,16.0,Phone,1,12.0,Upi,Male,2.0,4,Grocery,1,Married,5,1,14.0,1.0,1.0,0.0,266.27,1,0,1,0,0,0,0,1,0,1,0,0,0,0,1,0
54715,0,1.0,Phone,1,14.0,Credit Card,Female,3.0,5,Laptop & Accessory,5,Single,10,0,20.0,2.0,2.0,8.0,193.11,0,0,1,0,1,0,0,0,0,0,1,0,0,0,0,1
50846,0,0.0,Phone,3,14.0,Credit Card,Female,3.0,1,Mobile,2,Divorced,9,0,14.0,1.0,1.0,0.0,125.34,0,0,1,0,1,0,0,0,0,0,0,1,0,1,0,0
55487,1,1.0,Phone,3,9.0,E Wallet,Male,3.0,5,Laptop & Accessory,4,Single,9,1,13.0,2.0,3.0,3.0,224.07,1,0,1,0,0,0,1,0,0,0,1,0,0,0,0,1
51732,0,10.0,Phone,1,20.0,Debit Card,Female,2.9315348837209303,3,Mobile,5,Married,2,0,12.0,10.0,12.0,17.0,130.34,0,0,1,0,0,1,0,0,0,0,0,1,0,0,1,0
53006,0,17.0,Computer,1,17.0,Debit Card,Female,3.0,4,Mobile,2,Single,2,0,20.0,1.0,2.0,8.0,149.55,0,1,0,0,0,1,0,0,0,0,0,1,0,0,0,1
55452,1,1.0,Phone,1,17.0,Credit Card,Male,3.0,4,Laptop & Accessory,5,Single,3,0,16.0,1.0,2.0,9.0,167.13,1,0,1,0,1,0,0,0,0,0,1,0,0,0,0,1
52976,0,11.0,Phone,1,7.0,Debit Card,Female,3.0,4,Mobile,2,Single,3,0,13.0,2.0,6.0,8.0,146.15,0,0,1,0,0,1,0,0,0,0,0,1,0,0,0,1
55557,1,17.0,Phone,3,31.0,Debit Card,Male,4.0,4,Fashion,5,Single,8,1,14.0,1.0,3.0,3.0,229.48,1,0,1,0,0,1,0,0,1,0,0,0,0,0,0,1
54699,0,15.0,Phone,2,7.0,Upi,Male,3.0,5,Others,3,Married,3,0,15.0,2.0,3.0,11.0,316.89,1,0,1,0,0,0,0,1,0,0,0,0,1,0,1,0
52183,0,13.0,Computer,1,15.0,Credit Card,Female,2.0,3,Fashion,3,Single,10,0,17.0,1.0,2.0,13.0,234.99,0,1,0,0,1,0,0,0,1,0,0,0,0,0,0,1
55538,0,23.0,Computer,1,9.0,Debit Card,Male,3.0,4,Others,1,Married,5,0,15.0,5.0,5.0,4.0,316.61,1,1,0,0,0,1,0,0,0,0,0,0,1,0,1,0
50292,0,9.0,Computer,1,8.0,Debit Card,Male,2.0,3,Mobile,2,Divorced,2,1,23.0,1.0,1.0,0.0,117.02000000000001,1,1,0,0,0,1,0,0,0,0,0,1,0,1,0,0
50123,0,7.0,Phone,1,8.0,Debit Card,Male,2.0,4,Laptop & Accessory,5,Divorced,7,0,13.0,0.0,5.0,9.0,159.57,1,0,1,0,0,1,0,0,0,0,1,0,0,1,0,0
54435,0,1.0,Phone,1,10.0,Credit Card,Male,4.0,5,Mobile,3,Single,3,0,18.0,2.0,2.0,1.0,157.3,1,0,1,0,1,0,0,0,0,0,0,1,0,0,0,1
51008,0,13.0,Phone,3,20.0,Debit Card,Female,2.0,3,Laptop & Accessory,5,Married,2,0,15.0,0.0,1.0,2.0,146.39,0,0,1,0,0,1,0,0,0,0,1,0,0,0,1,0
55157,0,1.0,Phone,3,17.0,E Wallet,Female,4.0,5,Laptop & Accessory,1,Married,3,1,12.0,2.0,5.0,5.0,182.69,0,0,1,0,0,0,1,0,0,0,1,0,0,0,1,0
50488,0,1.0,Phone,3,8.0,E Wallet,Female,2.0,3,Laptop & Accessory,4,Divorced,2,1,20.0,7.0,7.0,5.0,147.79,0,0,1,0,0,0,1,0,0,0,1,0,0,1,0,0
55277,0,29.0,Phone,3,33.0,E Wallet,Male,3.0,5,Others,1,Married,3,0,15.0,1.0,3.0,14.0,320.86,1,0,1,0,0,0,1,0,0,0,0,0,1,0,1,0
53772,0,9.0,Phone,1,23.0,Debit Card,Female,4.0,5,Fashion,4,Single,3,0,20.0,2.0,4.0,3.0,211.06,0,0,1,0,0,1,0,0,1,0,0,0,0,0,0,1
52990,0,25.0,Phone,1,9.0,Credit Card,Male,3.0,6,Laptop & Accessory,4,Married,7,0,19.0,1.0,2.0,3.0,179.82,1,0,1,0,1,0,0,0,0,0,1,0,0,0,1,0
50630,0,6.0,Computer,3,14.0,Debit Card,Female,2.0,4,Mobile,2,Single,1,0,19.0,2.0,2.0,2.0,123.41999999999999,0,1,0,0,0,1,0,0,0,0,0,1,0,0,0,1
55498,0,2.0,Phone,3,10.0,Credit Card,Female,4.0,4,Mobile,4,Married,3,0,20.0,2.0,2.0,1.0,153.56,0,0,1,0,1,0,0,0,0,0,0,1,0,0,1,0
52276,0,24.0,Computer,1,12.0,Credit Card,Female,2.9315348837209303,4,Mobile,3,Single,1,0,14.0,3.0,7.0,7.0,128.38,0,1,0,0,1,0,0,0,0,0,0,1,0,0,0,1
54654,0,18.0,Phone,2,7.0,Debit Card,Female,3.0,5,Laptop & Accessory,3,Single,6,0,12.0,2.0,2.0,3.0,184.85,0,0,1,0,0,1,0,0,0,0,1,0,0,0,0,1
53023,0,28.0,Computer,1,27.0,Debit Card,Female,3.0,4,Laptop & Accessory,3,Single,5,0,13.0,2.0,2.0,4.0,173.69,0,1,0,0,0,1,0,0,0,0,1,0,0,0,0,1
51347,0,22.0,Computer,1,14.0,Debit Card,Male,3.0,4,Laptop & Accessory,4,Married,2,0,23.0,0.0,1.0,7.0,151.3,1,1,0,0,0,1,0,0,0,0,1,0,0,0,1,0
54492,0,1.0,Computer,3,7.0,E Wallet,Male,4.0,4,Laptop & Accessory,4,Married,2,1,14.0,1.0,2.0,5.0,188.49,1,1,0,0,0,0,1,0,0,0,1,0,0,0,1,0
53065,0,2.0,Phone,3,16.0,Debit Card,Male,4.0,4,Laptop & Accessory,2,Single,3,0,17.0,2.0,2.0,8.0,177.53,1,0,1,0,0,1,0,0,0,0,1,0,0,0,0,1
50687,0,11.0,Phone,3,8.0,E Wallet,Male,2.0,3,Fashion,4,Single,8,0,16.0,1.0,1.0,0.0,173.51,1,0,1,0,0,0,1,0,1,0,0,0,0,0,0,1
52704,0,4.0,Phone,3,16.0,Credit Card,Female,2.0,3,Laptop & Accessory,1,Married,3,1,11.0,1.0,1.0,4.0,165.83,0,0,1,0,1,0,0,0,0,0,1,0,0,0,1,0
50020,1,19.0,Phone,1,20.0,Debit Card,Female,3.0,3,Mobile,4,Divorced,10,1,18.0,1.0,4.0,3.0,149.63,0,0,1,0,0,1,0,0,0,0,0,1,0,1,0,0
55509,0,14.0,Phone,1,8.0,Debit Card,Male,4.0,4,Grocery,5,Married,4,0,15.0,3.0,12.0,17.0,293.23,1,0,1,0,0,1,0,0,0,1,0,0,0,0,1,0
55590,0,13.0,Phone,1,31.0,Debit Card,Male,3.0,4,Laptop & Accessory,1,Single,9,0,14.0,1.0,2.0,8.0,166.08,1,0,1,0,0,1,0,0,0,0,1,0,0,0,0,1
53921,0,1.0,Phone,1,36.0,Credit Card,Male,4.0,4,Mobile,5,Married,3,0,14.0,2.0,2.0,3.0,164.07,1,0,1,0,1,0,0,0,0,0,0,1,0,0,1,0
51303,0,13.0,Phone,1,14.0,Debit Card,Male,2.0,3,Mobile,1,Married,9,0,19.0,0.0,1.0,0.0,124.06,1,0,1,0,0,1,0,0,0,0,0,1,0,0,1,0
52380,0,18.0,Phone,1,26.0,Credit Card,Male,3.0,5,Fashion,5,Married,3,1,18.0,1.0,1.0,7.0,208.51,1,0,1,0,1,0,0,0,1,0,0,0,0,0,1,0
51110,0,20.0,Computer,3,8.0,E Wallet,Male,2.0,3,Laptop & Accessory,4,Married,8,0,11.0,0.0,1.0,0.0,149.78,1,1,0,0,0,0,1,0,0,0,1,0,0,0,1,0
50478,0,3.0,Phone,1,8.0,Credit Card,Female,2.0,4,Laptop & Accessory,2,Single,6,1,24.0,1.0,1.0,0.0,168.77,0,0,1,0,1,0,0,0,0,0,1,0,0,0,0,1
52874,0,24.0,Phone,1,7.0,Credit Card,Male,3.0,5,Mobile,3,Divorced,4,0,16.0,1.0,2.0,3.0,161.9,1,0,1,0,1,0,0,0,0,0,0,1,0,1,0,0
55623,0,13.0,Phone,3,31.0,E Wallet,Female,3.0,5,Grocery,1,Married,2,0,12.0,4.0,2.0,7.0,245.31,0,0,1,0,0,0,1,0,0,1,0,0,0,0,1,0
54924,0,8.0,Phone,3,17.0,Debit Card,Female,3.0,4,Mobile,3,Married,3,1,20.0,1.0,2.0,1.0,147.2,0,0,1,0,0,1,0,0,0,0,0,1,0,0,1,0
55147,0,13.0,Phone,3,28.0,Debit Card,Male,3.0,5,Laptop & Accessory,1,Married,5,1,13.0,1.0,2.0,5.0,186.2,1,0,1,0,0,1,0,0,0,0,1,0,0,0,1,0
55469,0,12.0,Phone,3,9.0,E Wallet,Female,4.0,6,Laptop & Accessory,1,Married,4,1,21.0,1.0,2.0,4.0,179.05,0,0,1,0,0,0,1,0,0,0,1,0,0,0,1,0
55603,1,1.0,Phone,1,8.0,Credit Card,Male,3.0,4,Mobile,1,Married,11,1,15.0,3.0,3.0,3.0,172.87,1,0,1,0,1,0,0,0,0,0,0,1,0,0,1,0
52138,1,0.0,Computer,1,35.0,Credit Card,Female,2.0,4,Laptop & Accessory,3,Single,2,0,22.0,2.0,3.0,8.0,145.08,0,1,0,0,1,0,0,0,0,0,1,0,0,0,0,1
53336,1,1.0,Phone,3,7.0,Credit Card,Female,3.0,5,Mobile,3,Married,8,1,20.0,1.0,2.0,3.0,153.0,0,0,1,0,1,0,0,0,0,0,0,1,0,0,1,0
54449,1,1.0,Phone,1,23.0,Credit Card,Male,3.0,4,Mobile,4,Married,4,1,14.0,2.0,2.0,3.0,148.73,1,0,1,0,1,0,0,0,0,0,0,1,0,0,1,0
53425,0,1.0,Phone,1,15.0,Debit Card,Male,4.0,6,Mobile,5,Divorced,3,0,16.0,2.0,2.0,2.0,149.51,1,0,1,0,0,1,0,0,0,0,0,1,0,1,0,0
53723,1,3.0,Computer,1,9.0,Debit Card,Female,3.0,5,Mobile,5,Single,4,1,24.0,1.0,2.0,1.0,161.46,0,1,0,0,0,1,0,0,0,0,0,1,0,0,0,1
55132,0,25.0,Phone,1,18.0,Cash On Delivery,Female,3.0,5,Grocery,4,Single,5,0,17.0,1.0,2.0,4.0,256.42,0,0,1,1,0,0,0,0,0,1,0,0,0,0,0,1
51590,0,18.0,Phone,1,6.0,Upi,Male,3.0,1,Others,1,Married,1,0,15.0,1.0,1.0,7.0,292.02,1,0,1,0,0,0,0,1,0,0,0,0,1,0,1,0
53427,0,22.0,Phone,1,11.0,Debit Card,Male,4.0,5,Fashion,3,Single,9,0,15.0,2.0,2.0,9.0,234.99,1,0,1,0,0,1,0,0,1,0,0,0,0,0,0,1
52581,0,19.0,Phone,3,8.0,Debit Card,Male,3.0,3,Fashion,1,Married,5,1,12.0,0.0,1.0,3.0,203.68,1,0,1,0,0,1,0,0,1,0,0,0,0,0,1,0
55394,0,4.0,Phone,1,23.0,Debit Card,Male,3.0,4,Mobile,1,Married,3,0,13.0,1.0,2.0,9.0,153.62,1,0,1,0,0,1,0,0,0,0,0,1,0,0,1,0
55525,0,2.0,Computer,3,8.0,Debit Card,Male,3.0,5,Laptop & Accessory,1,Married,3,1,13.0,2.0,2.0,8.0,193.34,1,1,0,0,0,1,0,0,0,0,1,0,0,0,1,0
50755,0,30.0,Phone,3,13.0,E Wallet,Male,2.0,1,Laptop & Accessory,2,Married,1,1,18.0,0.0,1.0,9.0,152.2,1,0,1,0,0,0,1,0,0,0,1,0,0,0,1,0
52671,0,15.0,Phone,1,14.0,Debit Card,Male,2.0,3,Mobile,3,Single,5,0,13.0,1.0,1.0,0.0,139.68,1,0,1,0,0,1,0,0,0,0,0,1,0,0,0,1
54422,0,12.0,Computer,3,9.0,Debit Card,Male,3.0,5,Laptop & Accessory,1,Married,5,0,19.0,2.0,8.0,6.0,177.49,1,1,0,0,0,1,0,0,0,0,1,0,0,0,1,0
51276,0,11.0,Computer,2,6.0,Upi,Male,2.9315348837209303,3,Mobile,4,Married,1,1,11.0,1.0,1.0,2.0,129.91,1,1,0,0,0,0,0,1,0,0,0,1,0,0,1,0
51515,0,5.0,Phone,1,12.0,Debit Card,Male,2.9315348837209303,3,Mobile,3,Single,4,0,20.0,0.0,1.0,4.0,130.38,1,0,1,0,0,1,0,0,0,0,0,1,0,0,0,1
54933,0,30.0,Computer,1,16.0,Credit Card,Female,4.0,4,Mobile,3,Married,4,0,20.0,2.0,2.0,4.0,154.42,0,1,0,0,1,0,0,0,0,0,0,1,0,0,1,0
51607,0,11.0,Computer,3,8.0,Debit Card,Male,2.0,4,Laptop & Accessory,1,Married,4,0,18.0,1.0,7.0,5.0,152.49,1,1,0,0,0,1,0,0,0,0,1,0,0,0,1,0
54026,0,13.0,Phone,1,26.0,Upi,Male,3.0,4,Laptop & Accessory,1,Married,10,0,15.0,2.0,3.0,3.0,164.02,1,0,1,0,0,0,0,1,0,0,1,0,0,0,1,0
55300,0,6.0,Phone,1,12.0,Upi,Female,3.0,2,Mobile,1,Married,5,0,18.0,2.0,2.0,3.0,158.12,0,0,1,0,0,0,0,1,0,0,0,1,0,0,1,0
53884,0,12.0,Computer,1,9.0,Credit Card,Female,3.0,5,Mobile,4,Single,3,0,23.0,2.0,4.0,4.0,149.4,0,1,0,0,1,0,0,0,0,0,0,1,0,0,0,1
52437,0,6.0,Phone,1,31.0,Debit Card,Male,2.0,4,Laptop & Accessory,4,Single,2,0,13.0,1.0,1.0,2.0,143.2,1,0,1,0,0,1,0,0,0,0,1,0,0,0,0,1
50017,1,0.0,Computer,1,12.0,Debit Card,Female,2.9315348837209303,4,Mobile,2,Single,2,1,18.0,1.0,1.0,0.0,129.26,0,1,0,0,0,1,0,0,0,0,0,1,0,0,0,1
55299,0,24.0,Computer,1,27.0,Credit Card,Male,3.0,4,Grocery,3,Married,4,1,16.0,1.0,2.0,14.0,237.45,1,1,0,0,1,0,0,0,0,1,0,0,0,0,1,0
51133,1,0.0,Phone,3,22.0,E Wallet,Male,3.0,3,Fashion,3,Married,3,0,13.0,1.0,1.0,0.0,181.61,1,0,1,0,0,0,1,0,1,0,0,0,0,0,1,0
50177,0,0.0,Phone,3,16.0,Credit Card,Female,3.0,4,Mobile,3,Single,2,0,12.0,1.0,1.0,0.0,112.0,0,0,1,0,1,0,0,0,0,0,0,1,0,0,0,1
54968,0,12.0,Phone,3,17.0,E Wallet,Male,4.0,5,Fashion,3,Married,2,1,15.0,2.0,3.0,3.0,212.4,1,0,1,0,0,0,1,0,1,0,0,0,0,0,1,0
54076,0,8.0,Phone,3,20.0,Credit Card,Male,3.0,4,Fashion,3,Married,3,0,19.0,2.0,2.0,3.0,211.28,1,0,1,0,1,0,0,0,1,0,0,0,0,0,1,0
54242,0,9.0,Phone,1,7.0,Credit Card,Male,2.0,5,Mobile,3,Single,3,0,19.0,2.0,2.0,5.0,153.59,1,0,1,0,1,0,0,0,0,0,0,1,0,0,0,1
52151,0,18.0,Computer,3,15.0,Debit Card,Female,3.0,4,Laptop & Accessory,3,Married,2,0,13.0,4.0,4.0,12.0,155.93,0,1,0,0,0,1,0,0,0,0,1,0,0,0,1,0
50579,0,11.0,Computer,3,16.0,Cash On Delivery,Female,2.0,3,Laptop & Accessory,2,Single,2,1,13.0,0.0,1.0,3.0,156.66,0,1,0,1,0,0,0,0,0,0,1,0,0,0,0,1
51774,0,20.0,Phone,1,8.0,Credit Card,Female,3.0,3,Laptop & Accessory,1,Married,6,0,13.0,0.0,1.0,4.0,150.7,0,0,1,0,1,0,0,0,0,0,1,0,0,0,1,0
55613,1,14.0,Computer,3,8.0,Debit Card,Male,4.0,4,Laptop & Accessory,3,Married,9,0,13.0,2.0,2.0,2.0,192.28,1,1,0,0,0,1,0,0,0,0,1,0,0,0,1,0
53019,0,7.0,Computer,3,17.0,E Wallet,Male,3.0,5,Laptop & Accessory,2,Single,5,0,15.0,2.0,2.0,2.0,171.82,1,1,0,0,0,0,1,0,0,0,1,0,0,0,0,1
51643,0,8.0,Phone,3,22.0,E Wallet,Male,3.0,3,Fashion,4,Married,1,0,15.0,3.0,6.0,9.0,180.2,1,0,1,0,0,0,1,0,1,0,0,0,0,0,1,0
53544,0,1.0,Phone,1,16.0,Debit Card,Male,3.0,4,Mobile,5,Single,3,0,26.0,1.0,2.0,1.0,150.52,1,0,1,0,0,1,0,0,0,0,0,1,0,0,0,1
50915,1,0.0,Phone,2,15.0,Cash On Delivery,Female,2.9315348837209303,3,Mobile,3,Divorced,2,0,15.0,1.0,2.0,2.0,127.41999999999999,0,0,1,1,0,0,0,0,0,0,0,1,0,1,0,0
52695,0,0.0,Phone,1,7.0,Debit Card,Female,2.9315348837209303,4,Mobile,3,Married,2,1,13.0,0.0,1.0,0.0,129.33,0,0,1,0,0,1,0,0,0,0,0,1,0,0,1,0
53223,0,21.0,Phone,3,21.0,E Wallet,Male,3.0,4,Laptop & Accessory,5,Single,4,0,13.0,1.0,2.0,8.0,174.6,1,0,1,0,0,0,1,0,0,0,1,0,0,0,0,1
52107,1,0.0,Phone,1,21.0,Upi,Male,2.0,3,Laptop & Accessory,3,Married,8,0,14.0,0.0,1.0,0.0,148.34,1,0,1,0,0,0,0,1,0,0,1,0,0,0,1,0
51528,1,4.0,Phone,3,26.0,E Wallet,Female,2.9315348837209303,3,Mobile,4,Single,2,1,22.0,0.0,1.0,2.0,131.4,0,0,1,0,0,0,1,0,0,0,0,1,0,0,0,1
52812,0,12.0,Phone,1,12.0,Credit Card,Male,2.0,4,Fashion,5,Married,5,0,15.0,0.0,1.0,7.0,199.91,1,0,1,0,1,0,0,0,1,0,0,0,0,0,1,0
54444,0,29.0,Phone,1,27.0,Cash On Delivery,Male,3.0,4,Laptop & Accessory,1,Married,5,1,20.0,1.0,2.0,9.0,179.15,1,0,1,1,0,0,0,0,0,0,1,0,0,0,1,0
55500,1,1.0,Phone,1,14.0,Debit Card,Male,4.0,4,Mobile,4,Single,3,1,24.0,2.0,2.0,1.0,149.72,1,0,1,0,0,1,0,0,0,0,0,1,0,0,0,1
51705,0,9.0,Computer,3,9.0,Credit Card,Male,2.0,4,Fashion,1,Married,5,0,11.0,0.0,1.0,12.0,196.99,1,1,0,0,1,0,0,0,1,0,0,0,0,0,1,0
54431,0,29.0,Phone,1,7.0,Credit Card,Male,3.0,4,Others,5,Single,2,1,15.0,4.0,5.0,14.0,315.45,1,0,1,0,1,0,0,0,0,0,0,0,1,0,0,1
51319,0,15.0,Phone,1,8.0,Debit Card,Male,2.0,3,Others,3,Married,6,0,11.0,1.0,4.0,14.0,288.8,1,0,1,0,0,1,0,0,0,0,0,0,1,0,1,0
54623,0,8.0,Phone,3,28.0,Debit Card,Male,4.0,2,Laptop & Accessory,1,Single,3,0,13.0,1.0,6.0,8.0,178.37,1,0,1,0,0,1,0,0,0,0,1,0,0,0,0,1
52967,0,3.0,Phone,1,29.0,Debit Card,Female,4.0,3,Fashion,4,Married,9,0,19.0,6.0,2.0,3.0,244.95999999999998,0,0,1,0,0,1,0,0,1,0,0,0,0,0,1,0
50145,0,9.0,Phone,1,12.0,Debit Card,Male,2.0,3,Mobile,2,Divorced,1,0,11.0,4.0,10.0,11.0,132.1,1,0,1,0,0,1,0,0,0,0,0,1,0,1,0,0
50734,0,26.0,Phone,1,13.0,Credit Card,Female,2.0,3,Others,3,Married,4,0,18.0,1.0,4.0,7.0,286.06,0,0,1,0,1,0,0,0,0,0,0,0,1,0,1,0
54766,0,12.0,Computer,1,19.0,Debit Card,Male,1.0,5,Laptop & Accessory,5,Married,4,0,16.0,2.0,2.0,3.0,187.88,1,1,0,0,0,1,0,0,0,0,1,0,0,0,1,0
53721,0,5.0,Phone,3,15.0,Debit Card,Male,3.0,4,Fashion,2,Married,3,0,19.0,3.0,2.0,10.0,232.93,1,0,1,0,0,1,0,0,1,0,0,0,0,0,1,0
51491,0,3.0,Phone,1,11.0,Cash On Delivery,Female,2.0,3,Mobile,5,Married,6,0,14.0,0.0,2.0,30.0,132.04,0,0,1,1,0,0,0,0,0,0,0,1,0,0,1,0
51933,0,25.0,Phone,1,17.0,Debit Card,Female,2.9315348837209303,3,Laptop & Accessory,3,Married,9,0,20.0,1.0,1.0,4.0,131.49,0,0,1,0,0,1,0,0,0,0,1,0,0,0,1,0
55041,0,6.0,Computer,1,20.0,Upi,Female,4.0,5,Mobile,4,Married,3,0,21.0,3.0,3.0,3.0,159.0,0,1,0,0,0,0,0,1,0,0,0,1,0,0,1,0
52115,0,9.0,Computer,1,6.0,Credit Card,Female,3.0,4,Mobile,3,Married,2,0,13.0,0.0,1.0,3.0,120.07,0,1,0,0,1,0,0,0,0,0,0,1,0,0,1,0
52719,0,9.0,Computer,1,14.0,Credit Card,Female,2.0,4,Laptop & Accessory,4,Married,2,1,16.0,1.0,1.0,7.0,121.33000000000001,0,1,0,0,1,0,0,0,0,0,1,0,0,0,1,0
50181,0,9.0,Computer,1,30.0,Debit Card,Female,2.0,3,Laptop & Accessory,4,Divorced,8,0,15.0,0.0,1.0,8.0,156.74,0,1,0,0,0,1,0,0,0,0,1,0,0,1,0,0
54006,0,10.0,Phone,1,9.0,Upi,Female,4.0,4,Laptop & Accessory,4,Married,6,1,23.0,1.0,2.0,1.0,194.62,0,0,1,0,0,0,0,1,0,0,1,0,0,0,1,0
50936,1,0.0,Computer,1,15.0,Credit Card,Male,2.0,3,Mobile,5,Single,3,1,11.0,0.0,1.0,0.0,131.72,1,1,0,0,1,0,0,0,0,0,0,1,0,0,0,1
50473,0,15.0,Phone,1,6.0,Debit Card,Female,2.0,4,Laptop & Accessory,2,Divorced,10,1,13.0,0.0,1.0,2.0,160.62,0,0,1,0,0,1,0,0,0,0,1,0,0,1,0,0
54313,0,27.0,Phone,3,13.0,E Wallet,Male,3.0,4,Laptop & Accessory,3,Married,4,1,21.0,1.0,5.0,6.0,148.06,1,0,1,0,0,0,1,0,0,0,1,0,0,0,1,0
54511,0,16.0,Phone,2,9.0,Cash On Delivery,Male,3.0,4,Mobile,3,Married,2,1,12.0,2.0,2.0,1.0,151.96,1,0,1,1,0,0,0,0,0,0,0,1,0,0,1,0
54202,0,1.0,Phone,1,9.0,Debit Card,Female,3.0,4,Mobile,5,Married,3,0,14.0,2.0,2.0,1.0,148.41,0,0,1,0,0,1,0,0,0,0,0,1,0,0,1,0
54033,0,8.0,Phone,3,11.0,Debit Card,Male,4.0,4,Fashion,1,Married,4,1,14.0,1.0,2.0,3.0,222.13,1,0,1,0,0,1,0,0,1,0,0,0,0,0,1,0
53601,0,1.0,Phone,1,7.0,Debit Card,Male,3.0,4,Mobile,3,Divorced,3,0,23.0,1.0,2.0,2.0,137.23,1,0,1,0,0,1,0,0,0,0,0,1,0,1,0,0
52743,0,27.0,Phone,1,15.0,Debit Card,Female,2.9315348837209303,3,Laptop & Accessory,3,Married,4,0,11.0,1.0,2.0,3.0,128.97,0,0,1,0,0,1,0,0,0,0,1,0,0,0,1,0
53046,0,1.0,Phone,3,7.0,Debit Card,Male,3.0,4,Laptop & Accessory,3,Divorced,3,0,18.0,3.0,8.0,8.0,177.96,1,0,1,0,0,1,0,0,0,0,1,0,0,1,0,0
55061,0,10.0,Computer,1,10.0,Cash On Delivery,Male,3.0,4,Mobile,4,Married,3,0,13.0,1.0,2.0,8.0,161.92,1,1,0,1,0,0,0,0,0,0,0,1,0,0,1,0
55183,0,11.0,Computer,1,12.0,Cash On Delivery,Male,3.0,2,Mobile,3,Single,2,0,15.0,1.0,2.0,4.0,160.0,1,1,0,1,0,0,0,0,0,0,0,1,0,0,0,1
53792,0,6.0,Phone,1,12.0,Debit Card,Female,4.0,5,Laptop & Accessory,4,Married,5,0,13.0,2.0,3.0,6.0,183.78,0,0,1,0,0,1,0,0,0,0,1,0,0,0,1,0
54338,1,1.0,Phone,1,9.0,Debit Card,Male,3.0,5,Mobile,1,Single,3,0,23.0,2.0,2.0,1.0,136.02,1,0,1,0,0,1,0,0,0,0,0,1,0,0,0,1
51078,0,11.0,Phone,1,10.0,Credit Card,Female,2.0,3,Mobile,3,Married,8,0,19.0,0.0,1.0,0.0,133.06,0,0,1,0,1,0,0,0,0,0,0,1,0,0,1,0
55586,0,7.0,Phone,1,22.0,Credit Card,Female,4.0,4,Laptop & Accessory,1,Married,2,1,14.0,7.0,9.0,2.0,173.78,0,0,1,0,1,0,0,0,0,0,1,0,0,0,1,0
51115,0,4.0,Computer,1,30.0,Cash On Delivery,Female,1.0,3,Laptop & Accessory,1,Single,3,0,20.0,1.0,1.0,4.0,152.38,0,1,0,1,0,0,0,0,0,0,1,0,0,0,0,1
54039,0,14.0,Phone,1,7.0,Debit Card,Male,4.0,4,Grocery,5,Married,4,0,15.0,10.0,12.0,17.0,293.23,1,0,1,0,0,1,0,0,0,1,0,0,0,0,1,0
54129,1,1.0,Computer,3,16.0,E Wallet,Male,3.0,4,Mobile,5,Married,3,0,20.0,2.0,2.0,1.0,142.9,1,1,0,0,0,0,1,0,0,0,0,1,0,0,1,0
55357,0,15.0,Phone,3,30.0,Debit Card,Male,4.0,4,Fashion,3,Single,5,1,17.0,1.0,2.0,3.0,195.82,1,0,1,0,0,1,0,0,1,0,0,0,0,0,0,1
50484,1,18.0,Phone,3,8.0,Credit Card,Male,2.0,3,Laptop & Accessory,2,Single,5,0,16.0,0.0,7.0,3.0,151.6,1,0,1,0,1,0,0,0,0,0,1,0,0,0,0,1
55326,0,18.0,Computer,2,8.0,Upi,Male,3.0,4,Laptop & Accessory,1,Married,6,1,12.0,2.0,2.0,3.0,182.43,1,1,0,0,0,0,0,1,0,0,1,0,0,0,1,0
52442,0,13.0,Phone,2,12.0,Credit Card,Male,2.0,3,Grocery,1,Single,2,1,21.0,1.0,7.0,7.0,264.37,1,0,1,0,1,0,0,0,0,1,0,0,0,0,0,1
54488,1,3.0,Phone,3,10.0,Credit Card,Female,3.0,4,Laptop & Accessory,3,Married,6,1,19.0,2.0,2.0,1.0,177.38,0,0,1,0,1,0,0,0,0,0,1,0,0,0,1,0
52488,0,18.0,Phone,1,11.0,Credit Card,Female,2.0,5,Laptop & Accessory,5,Single,2,1,14.0,0.0,1.0,4.0,157.69,0,0,1,0,1,0,0,0,0,0,1,0,0,0,0,1
51062,1,0.0,Computer,3,18.0,Upi,Male,2.0,3,Laptop & Accessory,1,Single,4,1,24.0,3.0,6.0,7.0,145.81,1,1,0,0,0,0,0,1,0,0,1,0,0,0,0,1
51421,0,4.0,Phone,1,14.0,Debit Card,Female,3.0,3,Laptop & Accessory,1,Single,2,0,23.0,1.0,1.0,8.0,144.24,0,0,1,0,0,1,0,0,0,0,1,0,0,0,0,1
55514,1,1.0,Computer,1,23.0,Cash On Delivery,Male,3.0,6,Mobile,5,Married,3,1,24.0,1.0,4.0,1.0,148.07,1,1,0,1,0,0,0,0,0,0,0,1,0,0,1,0
55305,0,5.0,Computer,3,9.0,Upi,Male,3.0,4,Laptop & Accessory,5,Single,9,0,14.0,2.0,2.0,4.0,178.32,1,1,0,0,0,0,0,1,0,0,1,0,0,0,0,1
54783,0,6.0,Phone,3,20.0,Debit Card,Male,4.0,4,Laptop & Accessory,1,Married,4,0,12.0,1.0,2.0,4.0,169.03,1,0,1,0,0,1,0,0,0,0,1,0,0,0,1,0
53236,0,4.0,Phone,3,34.0,E Wallet,Male,3.0,4,Laptop & Accessory,2,Married,9,0,24.0,5.0,8.0,8.0,178.04,1,0,1,0,0,0,1,0,0,0,1,0,0,0,1,0
50052,0,6.0,Phone,1,14.0,Debit Card,Male,2.0,3,Mobile,2,Single,1,0,14.0,0.0,1.0,2.0,125.0,1,0,1,0,0,1,0,0,0,0,0,1,0,0,0,1
50490,1,0.0,Computer,1,14.0,Credit Card,Female,2.0,4,Mobile,3,Divorced,2,1,14.0,0.0,1.0,7.0,123.66,0,1,0,0,1,0,0,0,0,0,0,1,0,1,0,0
50720,0,3.0,Phone,3,16.0,E Wallet,Male,3.0,4,Laptop & Accessory,3,Divorced,2,0,18.0,1.0,1.0,4.0,165.78,1,0,1,0,0,0,1,0,0,0,1,0,0,1,0,0
55512,0,22.0,Computer,1,29.0,Credit Card,Female,3.0,4,Grocery,1,Married,5,0,15.0,2.0,5.0,8.0,296.74,0,1,0,0,1,0,0,0,0,1,0,0,0,0,1,0
50226,0,15.0,Phone,2,8.0,Cash On Delivery,Male,2.9315348837209303,3,Mobile,3,Married,1,1,11.0,1.0,1.0,0.0,126.96000000000001,1,0,1,1,0,0,0,0,0,0,0,1,0,0,1,0
53798,0,12.0,Computer,2,17.0,Upi,Male,4.0,4,Laptop & Accessory,3,Married,5,0,12.0,1.0,2.0,3.0,185.77,1,1,0,0,0,0,0,1,0,0,1,0,0,0,1,0
53558,0,24.0,Computer,1,9.0,Credit Card,Female,2.0,4,Grocery,5,Divorced,4,0,15.0,3.0,3.0,3.0,303.56,0,1,0,0,1,0,0,0,0,1,0,0,0,1,0,0
54430,0,10.0,Phone,1,13.0,Debit Card,Male,3.0,4,Mobile,1,Married,2,0,12.0,2.0,11.0,12.0,157.1,1,0,1,0,0,1,0,0,0,0,0,1,0,0,1,0
53828,0,1.0,Computer,1,33.0,Upi,Female,3.0,5,Mobile,3,Married,3,1,15.0,1.0,2.0,4.0,153.14,0,1,0,0,0,0,0,1,0,0,0,1,0,0,1,0
54317,0,25.0,Phone,1,14.0,Credit Card,Male,3.0,5,Laptop & Accessory,3,Married,4,0,18.0,2.0,2.0,1.0,186.32,1,0,1,0,1,0,0,0,0,0,1,0,0,0,1,0
54294,0,15.0,Phone,3,16.0,Debit Card,Male,4.0,4,Fashion,3,Married,5,1,14.0,1.0,2.0,8.0,206.89,1,0,1,0,0,1,0,0,1,0,0,0,0,0,1,0
52396,0,15.0,Computer,1,15.0,Credit Card,Female,3.0,3,Mobile,1,Single,2,0,13.0,0.0,5.0,8.0,136.73,0,1,0,0,1,0,0,0,0,0,0,1,0,0,0,1
53988,1,1.0,Phone,2,27.0,Credit Card,Female,4.0,4,Mobile,4,Married,2,1,12.0,1.0,2.0,5.0,146.48,0,0,1,0,1,0,0,0,0,0,0,1,0,0,1,0
53825,0,9.0,Phone,1,14.0,Debit Card,Male,4.0,5,Mobile,1,Married,3,0,19.0,2.0,2.0,2.0,151.9,1,0,1,0,0,1,0,0,0,0,0,1,0,0,1,0
50271,0,9.0,Computer,1,27.0,Credit Card,Male,3.0,3,Mobile,2,Divorced,8,0,20.0,0.0,1.0,2.0,122.58000000000001,1,1,0,0,1,0,0,0,0,0,0,1,0,1,0,0
51601,0,0.0,Phone,1,6.0,Debit Card,Female,3.0,3,Laptop & Accessory,3,Married,1,0,12.0,1.0,1.0,2.0,148.98,0,0,1,0,0,1,0,0,0,0,1,0,0,0,1,0
55545,0,8.0,Phone,3,8.0,E Wallet,Male,3.0,4,Fashion,1,Single,3,0,22.0,3.0,3.0,3.0,223.88,1,0,1,0,0,0,1,0,1,0,0,0,0,0,0,1
50637,1,0.0,Phone,1,21.0,Upi,Male,2.0,3,Laptop & Accessory,3,Married,8,0,14.0,0.0,1.0,0.0,148.34,1,0,1,0,0,0,0,1,0,0,1,0,0,0,1,0
55159,0,1.0,Phone,1,9.0,Credit Card,Male,3.0,5,Mobile,1,Single,2,0,13.0,2.0,2.0,2.0,164.04,1,0,1,0,1,0,0,0,0,0,0,1,0,0,0,1
52095,1,15.0,Phone,3,8.0,E Wallet,Female,2.0,5,Others,1,Married,2,0,15.0,3.0,6.0,9.0,298.45,0,0,1,0,0,0,1,0,0,0,0,0,1,0,1,0
53054,1,1.0,Phone,3,12.0,E Wallet,Female,3.0,4,Mobile,3,Single,3,1,14.0,2.0,2.0,1.0,153.51,0,0,1,0,0,0,1,0,0,0,0,1,0,0,0,1
51270,0,5.0,Phone,1,11.0,Debit Card,Male,2.0,4,Laptop & Accessory,1,Single,9,0,24.0,0.0,1.0,0.0,196.79,1,0,1,0,0,1,0,0,0,0,1,0,0,0,0,1
55216,0,8.0,Computer,1,22.0,Credit Card,Male,4.0,4,Grocery,5,Married,9,0,15.0,3.0,7.0,10.0,295.07,1,1,0,0,1,0,0,0,0,1,0,0,0,0,1,0
51137,0,11.0,Phone,1,24.0,Credit Card,Male,2.0,5,Laptop & Accessory,1,Married,4,1,16.0,0.0,1.0,0.0,158.11,1,0,1,0,1,0,0,0,0,0,1,0,0,0,1,0
54195,1,1.0,Phone,1,7.0,Credit Card,Male,4.0,4,Mobile,1,Married,4,1,17.0,1.0,3.0,1.0,147.93,1,0,1,0,1,0,0,0,0,0,0,1,0,0,1,0
52234,0,8.0,Computer,3,14.0,E Wallet,Female,3.0,4,Fashion,1,Married,5,1,11.0,3.0,4.0,12.0,203.77,0,1,0,0,0,0,1,0,1,0,0,0,0,0,1,0
52951,0,6.0,Computer,1,14.0,Debit Card,Male,4.0,3,Mobile,4,Divorced,3,0,21.0,1.0,2.0,4.0,152.94,1,1,0,0,0,1,0,0,0,0,0,1,0,1,0,0
51735,0,10.0,Phone,1,16.0,Debit Card,Male,2.0,3,Laptop & Accessory,4,Single,3,1,12.0,0.0,1.0,1.0,141.97,1,0,1,0,0,1,0,0,0,0,1,0,0,0,0,1
53042,0,6.0,Phone,1,9.0,Credit Card,Female,4.0,4,Mobile,4,Divorced,3,0,14.0,1.0,2.0,8.0,148.7,0,0,1,0,1,0,0,0,0,0,0,1,0,1,0,0
52053,0,20.0,Computer,1,22.0,Credit Card,Male,3.0,1,Laptop & Accessory,3,Married,2,1,19.0,1.0,2.0,7.0,150.67,1,1,0,0,1,0,0,0,0,0,1,0,0,0,1,0
54286,0,1.0,Phone,1,13.0,Upi,Female,3.0,5,Mobile,4,Married,3,0,20.0,3.0,5.0,4.0,148.68,0,0,1,0,0,0,0,1,0,0,0,1,0,0,1,0
52513,1,0.0,Phone,3,21.0,Credit Card,Male,2.0,5,Laptop & Accessory,1,Married,7,1,14.0,0.0,2.0,2.0,154.4,1,0,1,0,1,0,0,0,0,0,1,0,0,0,1,0
55059,0,17.0,Phone,1,10.0,Debit Card,Male,4.0,6,Others,1,Married,5,0,15.0,2.0,2.0,8.0,322.4,1,0,1,0,0,1,0,0,0,0,0,0,1,0,1,0
52773,0,13.0,Phone,1,14.0,Debit Card,Male,2.0,3,Mobile,1,Married,9,0,19.0,1.0,1.0,0.0,124.06,1,0,1,0,0,1,0,0,0,0,0,1,0,0,1,0
50164,1,0.0,Phone,1,14.0,Credit Card,Male,2.0,3,Mobile,4,Married,3,1,13.0,1.0,1.0,2.0,123.72999999999999,1,0,1,0,1,0,0,0,0,0,0,1,0,0,1,0
53938,0,5.0,Phone,3,12.0,Cash On Delivery,Male,3.0,4,Laptop & Accessory,3,Married,3,0,20.0,1.0,2.0,3.0,208.46,1,0,1,1,0,0,0,0,0,0,1,0,0,0,1,0
54670,0,7.0,Computer,1,13.0,Debit Card,Male,2.0,4,Laptop & Accessory,1,Married,5,0,24.0,4.0,5.0,8.0,202.25,1,1,0,0,0,1,0,0,0,0,1,0,0,0,1,0
50057,0,9.0,Phone,1,33.0,Credit Card,Female,3.0,3,Mobile,4,Single,3,0,15.0,1.0,1.0,2.0,123.11000000000001,0,0,1,0,1,0,0,0,0,0,0,1,0,0,0,1
53868,0,24.0,Phone,1,24.0,Debit Card,Female,3.0,5,Fashion,5,Married,7,0,16.0,2.0,2.0,12.0,257.69,0,0,1,0,0,1,0,0,1,0,0,0,0,0,1,0
55143,0,12.0,Computer,1,14.0,Debit Card,Male,3.0,2,Mobile,3,Married,3,0,12.0,1.0,2.0,4.0,151.1,1,1,0,0,0,1,0,0,0,0,0,1,0,0,1,0
54872,1,1.0,Phone,1,17.0,Debit Card,Female,4.0,5,Mobile,5,Single,8,1,21.0,2.0,2.0,1.0,149.04,0,0,1,0,0,1,0,0,0,0,0,1,0,0,0,1
51930,0,15.0,Computer,1,14.0,Debit Card,Male,3.0,3,Others,1,Married,2,0,13.0,1.0,14.0,9.0,284.3,1,1,0,0,0,1,0,0,0,0,0,0,1,0,1,0
53675,0,2.0,Phone,3,33.0,Debit Card,Male,3.0,5,Laptop & Accessory,5,Divorced,3,0,12.0,2.0,2.0,5.0,172.24,1,0,1,0,0,1,0,0,0,0,1,0,0,1,0,0
51497,0,8.0,Phone,3,6.0,E Wallet,Male,3.0,3,Fashion,4,Married,2,0,13.0,0.0,1.0,6.0,172.95,1,0,1,0,0,0,1,0,1,0,0,0,0,0,1,0
51724,1,0.0,Computer,3,25.0,E Wallet,Male,3.0,1,Laptop & Accessory,1,Single,9,1,13.0,0.0,1.0,4.0,153.04,1,1,0,0,0,0,1,0,0,0,1,0,0,0,0,1
54608,0,9.0,Phone,3,7.0,E Wallet,Male,3.0,4,Laptop & Accessory,3,Married,11,0,12.0,1.0,7.0,10.0,172.17,1,0,1,0,0,0,1,0,0,0,1,0,0,0,1,0
52241,0,4.0,Phone,1,17.0,Credit Card,Male,3.0,3,Laptop & Accessory,5,Married,2,1,12.0,1.0,1.0,1.0,168.33,1,0,1,0,1,0,0,0,0,0,1,0,0,0,1,0
51297,0,20.0,Computer,1,6.0,Credit Card,Female,3.0,3,Fashion,4,Married,1,0,18.0,0.0,5.0,3.0,219.57,0,1,0,0,1,0,0,0,1,0,0,0,0,0,1,0
52583,1,0.0,Phone,3,7.0,Debit Card,Male,2.0,5,Laptop & Accessory,4,Single,7,0,15.0,0.0,1.0,0.0,167.35,1,0,1,0,0,1,0,0,0,0,1,0,0,0,0,1
50050,0,18.0,Phone,3,10.0,Debit Card,Female,1.0,3,Laptop & Accessory,5,Married,5,1,11.0,0.0,1.0,3.0,150.06,0,0,1,0,0,1,0,0,0,0,1,0,0,0,1,0
53000,0,5.0,Phone,1,12.0,Cash On Delivery,Male,3.0,4,Mobile,2,Divorced,2,1,13.0,1.0,2.0,4.0,173.21,1,0,1,1,0,0,0,0,0,0,0,1,0,1,0,0
55365,1,12.0,Computer,3,14.0,Credit Card,Female,4.0,4,Mobile,3,Married,4,1,12.0,2.0,8.0,8.0,151.55,0,1,0,0,1,0,0,0,0,0,0,1,0,0,1,0
55099,0,31.0,Phone,1,30.0,Debit Card,Male,3.0,4,Mobile,3,Married,3,0,13.0,2.0,3.0,3.0,148.72,1,0,1,0,0,1,0,0,0,0,0,1,0,0,1,0
53162,0,12.0,Phone,1,17.0,Credit Card,Female,4.0,4,Laptop & Accessory,3,Divorced,5,0,20.0,2.0,2.0,3.0,223.24,0,0,1,0,1,0,0,0,0,0,1,0,0,1,0,0
51581,0,16.0,Phone,3,22.0,E Wallet,Female,3.0,3,Grocery,1,Married,6,1,22.0,0.0,2.0,9.0,260.64,0,0,1,0,0,0,1,0,0,1,0,0,0,0,1,0
54696,0,15.0,Phone,2,17.0,Upi,Male,4.0,5,Others,1,Married,5,0,15.0,4.0,13.0,7.0,316.41,1,0,1,0,0,0,0,1,0,0,0,0,1,0,1,0
52854,0,31.0,Phone,1,31.0,Debit Card,Male,3.0,3,Fashion,2,Married,5,1,17.0,2.0,2.0,3.0,219.39,1,0,1,0,0,1,0,0,1,0,0,0,0,0,1,0
50224,0,15.0,Phone,1,29.0,Debit Card,Female,2.0,3,Grocery,2,Single,3,0,14.0,0.0,2.0,0.0,259.92,0,0,1,0,0,1,0,0,0,1,0,0,0,0,0,1
52474,0,9.0,Computer,1,12.0,Debit Card,Male,3.0,1,Laptop & Accessory,5,Married,4,1,13.0,0.0,1.0,2.0,155.62,1,1,0,0,0,1,0,0,0,0,1,0,0,0,1,0
51605,1,0.0,Computer,1,35.0,Credit Card,Male,3.0,4,Mobile,4,Single,1,0,11.0,0.0,1.0,4.0,134.79,1,1,0,0,1,0,0,0,0,0,0,1,0,0,0,1
54440,0,24.0,Phone,1,11.0,Debit Card,Male,4.0,4,Others,4,Married,5,0,15.0,1.0,2.0,7.0,316.44,1,0,1,0,0,1,0,0,0,0,0,0,1,0,1,0
54555,0,5.0,Phone,1,14.0,Credit Card,Female,3.0,4,Laptop & Accessory,5,Married,3,0,13.0,4.0,4.0,13.0,168.06,0,0,1,0,1,0,0,0,0,0,1,0,0,0,1,0
53695,0,1.0,Phone,1,14.0,Upi,Male,4.0,2,Mobile,5,Single,2,0,13.0,2.0,2.0,8.0,160.78,1,0,1,0,0,0,0,1,0,0,0,1,0,0,0,1
54321,0,1.0,Phone,1,26.0,Credit Card,Male,4.0,4,Mobile,1,Married,3,0,25.0,3.0,3.0,3.0,148.23,1,0,1,0,1,0,0,0,0,0,0,1,0,0,1,0
54928,0,11.0,Phone,1,10.0,Upi,Female,3.0,4,Laptop & Accessory,4,Single,5,0,16.0,2.0,2.0,2.0,166.07,0,0,1,0,0,0,0,1,0,0,1,0,0,0,0,1
53356,0,21.0,Phone,3,9.0,Debit Card,Female,4.0,5,Mobile,2,Single,3,1,19.0,2.0,2.0,3.0,157.94,0,0,1,0,0,1,0,0,0,0,0,1,0,0,0,1
54580,0,4.0,Computer,1,10.0,Debit Card,Male,3.0,4,Mobile,1,Married,6,0,16.0,2.0,2.0,5.0,145.97,1,1,0,0,0,1,0,0,0,0,0,1,0,0,1,0
52504,0,10.0,Phone,1,25.0,Debit Card,Male,2.0,3,Laptop & Accessory,3,Married,4,0,17.0,0.0,1.0,2.0,157.68,1,0,1,0,0,1,0,0,0,0,1,0,0,0,1,0
50346,0,0.0,Computer,3,14.0,Credit Card,Male,2.0,3,Mobile,2,Divorced,1,0,13.0,0.0,2.0,1.0,124.0,1,1,0,0,1,0,0,0,0,0,0,1,0,1,0,0
51135,0,0.0,Phone,1,22.0,Debit Card,Male,2.0,1,Laptop & Accessory,3,Married,4,0,16.0,1.0,1.0,7.0,152.94,1,0,1,0,0,1,0,0,0,0,1,0,0,0,1,0
51015,0,5.0,Phone,1,11.0,Upi,Female,2.0,1,Mobile,1,Married,4,0,17.0,1.0,1.0,2.0,133.12,0,0,1,0,0,0,0,1,0,0,0,1,0,0,1,0
53388,0,3.0,Computer,3,27.0,Cash On Delivery,Female,3.0,4,Mobile,2,Divorced,3,0,16.0,1.0,2.0,3.0,146.57,0,1,0,1,0,0,0,0,0,0,0,1,0,1,0,0
52820,1,1.0,Phone,1,13.0,Credit Card,Male,3.0,4,Mobile,5,Single,4,0,12.0,2.0,2.0,4.0,154.6,1,0,1,0,1,0,0,0,0,0,0,1,0,0,0,1
52511,0,17.0,Computer,2,7.0,Upi,Male,2.0,3,Laptop & Accessory,1,Married,5,1,11.0,1.0,1.0,2.0,157.43,1,1,0,0,0,0,0,1,0,0,1,0,0,0,1,0
55522,0,1.0,Computer,1,13.0,Upi,Male,4.0,2,Mobile,1,Married,2,0,19.0,3.0,8.0,8.0,150.44,1,1,0,0,0,0,0,1,0,0,0,1,0,0,1,0
52422,0,27.0,Computer,1,17.0,Credit Card,Female,2.0,3,Grocery,1,Married,4,0,20.0,0.0,2.0,12.0,260.32,0,1,0,0,1,0,0,0,0,1,0,0,0,0,1,0
50505,0,1.0,Phone,2,14.0,Credit Card,Male,3.0,4,Mobile,2,Married,2,0,13.0,0.0,1.0,4.0,149.36,1,0,1,0,1,0,0,0,0,0,0,1,0,0,1,0
54197,1,14.0,Phone,3,10.0,E Wallet,Male,3.0,5,Mobile,3,Married,3,1,15.0,2.0,2.0,3.0,151.83,1,0,1,0,0,0,1,0,0,0,0,1,0,0,1,0
53217,0,13.0,Phone,1,9.0,Cash On Delivery,Female,4.0,5,Laptop & Accessory,3,Single,3,0,12.0,3.0,12.0,11.0,170.53,0,0,1,1,0,0,0,0,0,0,1,0,0,0,0,1
55284,0,9.0,Phone,1,17.0,Credit Card,Female,3.0,4,Laptop & Accessory,3,Single,5,1,17.0,1.0,2.0,5.0,186.42,0,0,1,0,1,0,0,0,0,0,1,0,0,0,0,1
52947,0,16.0,Phone,1,9.0,Credit Card,Female,3.0,5,Mobile,5,Married,2,1,12.0,5.0,8.0,9.0,150.93,0,0,1,0,1,0,0,0,0,0,0,1,0,0,1,0
51813,0,10.0,Computer,3,15.0,Credit Card,Male,3.0,3,Fashion,4,Married,2,0,13.0,1.0,7.0,7.0,188.34,1,1,0,0,1,0,0,0,1,0,0,0,0,0,1,0
51687,0,11.0,Phone,1,21.0,Debit Card,Male,3.0,4,Fashion,1,Married,1,1,14.0,2.0,2.0,3.0,215.10000000000002,1,0,1,0,0,1,0,0,1,0,0,0,0,0,1,0
53323,0,16.0,Computer,1,9.0,Credit Card,Male,3.0,4,Mobile,2,Single,7,1,15.0,1.0,3.0,3.0,150.15,1,1,0,0,1,0,0,0,0,0,0,1,0,0,0,1
50873,1,0.0,Phone,1,14.0,Debit Card,Female,2.0,3,Mobile,3,Single,2,1,13.0,3.0,7.0,7.0,123.94,0,0,1,0,0,1,0,0,0,0,0,1,0,0,0,1
54495,0,19.0,Phone,1,15.0,Upi,Male,4.0,4,Laptop & Accessory,1,Married,11,0,15.0,9.0,10.0,9.0,161.97,1,0,1,0,0,0,0,1,0,0,1,0,0,0,1,0
51803,1,9.0,Computer,3,11.0,E Wallet,Male,3.0,3,Mobile,4,Single,2,1,14.0,1.0,1.0,0.0,118.78,1,1,0,0,0,0,1,0,0,0,0,1,0,0,0,1
50673,1,0.0,Phone,1,14.0,Credit Card,Male,2.0,3,Mobile,3,Married,2,0,20.0,1.0,1.0,0.0,123.77000000000001,1,0,1,0,1,0,0,0,0,0,0,1,0,0,1,0
50035,0,9.0,Computer,3,8.0,E Wallet,Female,3.0,3,Mobile,3,Divorced,7,0,18.0,1.0,1.0,2.0,122.31,0,1,0,0,0,0,1,0,0,0,0,1,0,1,0,0
55278,0,8.0,Phone,1,8.0,Debit Card,Male,3.0,4,Laptop & Accessory,1,Married,11,0,18.0,1.0,3.0,2.0,179.84,1,0,1,0,0,1,0,0,0,0,1,0,0,0,1,0
50281,1,0.0,Phone,1,9.0,Credit Card,Male,3.0,3,Mobile,5,Divorced,6,0,13.0,1.0,1.0,2.0,140.31,1,0,1,0,1,0,0,0,0,0,0,1,0,1,0,0
50586,0,6.0,Computer,3,23.0,Debit Card,Male,2.0,3,Grocery,3,Single,2,0,11.0,1.0,6.0,0.0,274.44,1,1,0,0,0,1,0,0,0,1,0,0,0,0,0,1
50546,0,0.0,Phone,1,14.0,Debit Card,Female,3.0,3,Mobile,3,Single,2,0,19.0,1.0,1.0,0.0,123.18,0,0,1,0,0,1,0,0,0,0,0,1,0,0,0,1
51568,0,10.0,Computer,1,17.0,Upi,Male,2.0,3,Fashion,1,Married,2,1,14.0,1.0,1.0,3.0,221.85000000000002,1,1,0,0,0,0,0,1,1,0,0,0,0,0,1,0
53398,0,21.0,Computer,1,23.0,Credit Card,Male,4.0,2,Laptop & Accessory,3,Married,3,1,20.0,1.0,3.0,8.0,175.67,1,1,0,0,1,0,0,0,0,0,1,0,0,0,1,0
53247,0,27.0,Phone,1,13.0,Debit Card,Male,3.0,4,Laptop & Accessory,2,Single,4,0,18.0,2.0,3.0,3.0,149.5,1,0,1,0,0,1,0,0,0,0,1,0,0,0,0,1
53096,1,1.0,Phone,1,10.0,Credit Card,Male,4.0,4,Mobile,5,Divorced,7,0,14.0,2.0,2.0,3.0,165.31,1,0,1,0,1,0,0,0,0,0,0,1,0,1,0,0
52410,0,9.0,Phone,2,7.0,Debit Card,Male,2.0,3,Mobile,3,Married,1,0,21.0,0.0,1.0,3.0,120.63999999999999,1,0,1,0,0,1,0,0,0,0,0,1,0,0,1,0
54674,1,1.0,Phone,1,17.0,Credit Card,Male,3.0,4,Mobile,3,Single,3,1,12.0,2.0,2.0,2.0,135.09,1,0,1,0,1,0,0,0,0,0,0,1,0,0,0,1
55429,0,27.0,Computer,1,8.0,Credit Card,Female,3.0,5,Grocery,3,Married,6,1,21.0,2.0,2.0,3.0,254.64999999999998,0,1,0,0,1,0,0,0,0,1,0,0,0,0,1,0
50366,0,11.0,Phone,1,14.0,Debit Card,Female,2.0,3,Mobile,5,Single,4,0,17.0,1.0,1.0,0.0,126.19,0,0,1,0,0,1,0,0,0,0,0,1,0,0,0,1
54837,0,9.0,Phone,1,28.0,Debit Card,Female,3.0,4,Laptop & Accessory,1,Married,3,1,26.0,1.0,2.0,8.0,165.14,0,0,1,0,0,1,0,0,0,0,1,0,0,0,1,0
55462,0,31.0,Computer,3,9.0,Credit Card,Male,3.0,4,Grocery,4,Married,6,0,23.0,1.0,15.0,15.0,287.91,1,1,0,0,1,0,0,0,0,1,0,0,0,0,1,0
50291,1,0.0,Computer,3,14.0,E Wallet,Female,2.0,5,Mobile,3,Married,1,0,16.0,1.0,1.0,0.0,123.50999999999999,0,1,0,0,0,0,1,0,0,0,0,1,0,0,1,0
54614,1,1.0,Computer,2,24.0,Debit Card,Female,3.0,4,Mobile,3,Married,2,1,12.0,1.0,2.0,1.0,152.41,0,1,0,0,0,1,0,0,0,0,0,1,0,0,1,0
50542,1,0.0,Phone,1,9.0,Debit Card,Female,2.0,3,Laptop & Accessory,3,Divorced,1,1,19.0,1.0,1.0,2.0,141.71,0,0,1,0,0,1,0,0,0,0,1,0,0,1,0,0
51730,0,9.0,Phone,3,8.0,Credit Card,Male,3.0,4,Fashion,3,Married,2,0,13.0,8.0,9.0,0.0,175.96,1,0,1,0,1,0,0,0,1,0,0,0,0,0,1,0
54776,0,1.0,Computer,1,10.0,Credit Card,Male,3.0,4,Mobile,1,Married,3,0,12.0,1.0,2.0,1.0,142.06,1,1,0,0,1,0,0,0,0,0,0,1,0,0,1,0
52536,0,5.0,Phone,1,8.0,Credit Card,Male,2.0,3,Laptop & Accessory,4,Married,1,0,13.0,1.0,1.0,6.0,154.7,1,0,1,0,1,0,0,0,0,0,1,0,0,0,1,0
53447,0,6.0,Computer,1,36.0,Credit Card,Female,4.0,4,Mobile,3,Single,11,0,13.0,6.0,8.0,8.0,165.25,0,1,0,0,1,0,0,0,0,0,0,1,0,0,0,1
52718,0,12.0,Phone,1,15.0,Credit Card,Male,2.0,3,Laptop & Accessory,5,Married,2,0,25.0,0.0,7.0,9.0,151.51,1,0,1,0,1,0,0,0,0,0,1,0,0,0,1,0
55188,0,8.0,Phone,1,8.0,Debit Card,Female,3.0,5,Mobile,4,Married,7,0,18.0,2.0,2.0,3.0,157.94,0,0,1,0,0,1,0,0,0,0,0,1,0,0,1,0
55146,1,1.0,Phone,1,29.0,Credit Card,Male,4.0,4,Laptop & Accessory,3,Married,3,1,16.0,6.0,7.0,8.0,186.79,1,0,1,0,1,0,0,0,0,0,1,0,0,0,1,0
50927,0,17.0,Computer,3,6.0,E Wallet,Female,3.0,3,Laptop & Accessory,3,Divorced,8,0,12.0,1.0,1.0,0.0,147.68,0,1,0,0,0,0,1,0,0,0,1,0,0,1,0,0
52293,1,15.0,Phone,3,11.0,Debit Card,Male,3.0,3,Fashion,4,Single,10,1,19.0,7.0,7.0,7.0,184.46,1,0,1,0,0,1,0,0,1,0,0,0,0,0,0,1
53069,1,1.0,Computer,3,26.0,E Wallet,Male,4.0,3,Laptop & Accessory,2,Single,10,1,14.0,2.0,2.0,5.0,178.04,1,1,0,0,0,0,1,0,0,0,1,0,0,0,0,1
51954,1,18.0,Phone,3,8.0,Credit Card,Male,2.0,3,Laptop & Accessory,1,Single,5,0,16.0,1.0,7.0,3.0,151.6,1,0,1,0,1,0,0,0,0,0,1,0,0,0,0,1
50875,0,15.0,Phone,2,16.0,Upi,Female,2.0,3,Grocery,5,Divorced,1,0,14.0,1.0,1.0,9.0,267.99,0,0,1,0,0,0,0,1,0,1,0,0,0,1,0,0
55461,0,8.0,Phone,3,15.0,Cash On Delivery,Male,4.0,2,Laptop & Accessory,3,Married,3,0,22.0,3.0,5.0,9.0,192.99,1,0,1,1,0,0,0,0,0,0,1,0,0,0,1,0
50390,1,0.0,Computer,1,9.0,Debit Card,Male,3.0,3,Mobile,5,Single,2,1,11.0,9.0,9.0,7.0,133.48,1,1,0,0,0,1,0,0,0,0,0,1,0,0,0,1
50374,0,0.0,Phone,1,12.0,Credit Card,Male,2.9315348837209303,3,Mobile,3,Divorced,1,0,20.0,2.0,2.0,2.0,127.72999999999999,1,0,1,0,1,0,0,0,0,0,0,1,0,1,0,0
54868,0,21.0,Computer,1,23.0,Credit Card,Male,4.0,2,Laptop & Accessory,3,Married,3,1,20.0,2.0,3.0,8.0,175.67,1,1,0,0,1,0,0,0,0,0,1,0,0,0,1,0
52942,0,13.0,Computer,1,9.0,Cash On Delivery,Female,4.0,4,Fashion,3,Single,2,0,26.0,11.0,2.0,9.0,234.38,0,1,0,1,0,0,0,0,1,0,0,0,0,0,0,1
55030,0,20.0,Phone,1,22.0,Debit Card,Male,3.0,4,Others,4,Married,7,0,15.0,2.0,2.0,4.0,315.81,1,0,1,0,0,1,0,0,0,0,0,0,1,0,1,0
53975,0,13.0,Phone,1,17.0,Credit Card,Male,4.0,4,Fashion,3,Single,9,0,22.0,3.0,2.0,3.0,259.64,1,0,1,0,1,0,0,0,1,0,0,0,0,0,0,1
50213,0,2.0,Phone,1,15.0,Upi,Male,1.0,4,Mobile,2,Single,1,0,17.0,2.0,2.0,2.0,139.83,1,0,1,0,0,0,0,1,0,0,0,1,0,0,0,1
50678,0,6.0,Computer,3,13.0,Debit Card,Female,1.0,3,Laptop & Accessory,4,Divorced,1,0,17.0,1.0,1.0,2.0,143.02,0,1,0,0,0,1,0,0,0,0,1,0,0,1,0,0
53713,0,11.0,Computer,1,12.0,Cash On Delivery,Male,3.0,2,Mobile,3,Single,2,0,15.0,2.0,2.0,4.0,160.0,1,1,0,1,0,0,0,0,0,0,0,1,0,0,0,1
50338,0,7.0,Phone,3,27.0,Debit Card,Male,3.0,2,Laptop & Accessory,2,Single,2,0,12.0,5.0,5.0,7.0,153.37,1,0,1,0,0,1,0,0,0,0,1,0,0,0,0,1
51026,0,8.0,Phone,1,24.0,Debit Card,Male,2.0,1,Laptop & Accessory,5,Married,2,0,11.0,0.0,1.0,10.0,152.08,1,0,1,0,0,1,0,0,0,0,1,0,0,0,1,0
54229,0,9.0,Computer,1,7.0,Credit Card,Male,4.0,4,Mobile,5,Married,6,0,14.0,1.0,2.0,3.0,146.94,1,1,0,0,1,0,0,0,0,0,0,1,0,0,1,0
52726,0,8.0,Phone,3,24.0,Credit Card,Male,3.0,3,Laptop & Accessory,5,Married,1,0,16.0,1.0,1.0,4.0,155.61,1,0,1,0,1,0,0,0,0,0,1,0,0,0,1,0
51123,0,4.0,Phone,3,11.0,Cash On Delivery,Male,2.0,3,Laptop & Accessory,3,Married,2,0,19.0,0.0,1.0,2.0,183.46,1,0,1,1,0,0,0,0,0,0,1,0,0,0,1,0
50652,1,0.0,Computer,3,14.0,E Wallet,Female,2.0,3,Mobile,2,Single,2,1,14.0,0.0,1.0,2.0,123.22999999999999,0,1,0,0,0,0,1,0,0,0,0,1,0,0,0,1
52934,0,14.0,Phone,1,31.0,Cash On Delivery,Male,4.0,4,Laptop & Accessory,2,Married,3,0,18.0,3.0,5.0,8.0,158.19,1,0,1,1,0,0,0,0,0,0,1,0,0,0,1,0
55606,0,15.0,Phone,1,35.0,Debit Card,Female,3.0,5,Grocery,4,Married,2,0,24.0,2.0,2.0,11.0,260.7,0,0,1,0,0,1,0,0,0,1,0,0,0,0,1,0
54607,0,15.0,Computer,3,17.0,Debit Card,Male,3.0,4,Laptop & Accessory,1,Single,9,0,15.0,1.0,2.0,11.0,187.3,1,1,0,0,0,1,0,0,0,0,1,0,0,0,0,1
55029,0,2.0,Phone,1,26.0,Credit Card,Male,4.0,5,Mobile,5,Married,3,0,13.0,2.0,4.0,4.0,156.96,1,0,1,0,1,0,0,0,0,0,0,1,0,0,1,0
50003,1,9.0,Phone,1,30.0,Debit Card,Male,2.0,4,Mobile,3,Single,6,1,14.0,0.0,1.0,3.0,120.28,1,0,1,0,0,1,0,0,0,0,0,1,0,0,0,1
51870,0,7.0,Phone,1,15.0,Credit Card,Female,2.0,4,Fashion,4,Single,2,0,14.0,4.0,7.0,7.0,186.21,0,0,1,0,1,0,0,0,1,0,0,0,0,0,0,1
52332,0,12.0,Phone,3,27.0,Debit Card,Male,2.0,4,Laptop & Accessory,1,Married,4,1,12.0,0.0,1.0,4.0,161.2,1,0,1,0,0,1,0,0,0,0,1,0,0,0,1,0
54219,0,5.0,Phone,1,14.0,Debit Card,Male,3.0,4,Laptop & Accessory,1,Married,5,0,23.0,1.0,2.0,8.0,184.15,1,0,1,0,0,1,0,0,0,0,1,0,0,0,1,0
53591,0,10.0,Computer,1,10.0,Cash On Delivery,Male,3.0,4,Mobile,4,Divorced,3,0,13.0,2.0,2.0,8.0,161.92,1,1,0,1,0,0,0,0,0,0,0,1,0,1,0,0
52824,1,14.0,Phone,3,10.0,E Wallet,Male,3.0,5,Mobile,3,Divorced,3,1,15.0,1.0,2.0,3.0,151.83,1,0,1,0,0,0,1,0,0,0,0,1,0,1,0,0
55378,0,1.0,Phone,1,16.0,Credit Card,Male,4.0,2,Mobile,3,Married,3,0,17.0,1.0,2.0,5.0,169.01,1,0,1,0,1,0,0,0,0,0,0,1,0,0,1,0
54267,0,24.0,Computer,1,7.0,Debit Card,Female,4.0,4,Others,4,Married,5,1,15.0,1.0,2.0,8.0,306.72,0,1,0,0,0,1,0,0,0,0,0,0,1,0,1,0
50189,0,6.0,Computer,1,11.0,Debit Card,Female,3.0,3,Fashion,4,Divorced,7,0,11.0,2.0,8.0,3.0,218.77999999999997,0,1,0,0,0,1,0,0,1,0,0,0,0,1,0,0
54807,0,27.0,Phone,3,15.0,E Wallet,Male,4.0,4,Grocery,1,Married,7,0,15.0,3.0,2.0,3.0,243.36,1,0,1,0,0,0,1,0,0,1,0,0,0,0,1,0
54211,1,12.0,Phone,1,7.0,Debit Card,Male,4.0,5,Fashion,3,Single,11,1,14.0,1.0,2.0,1.0,178.81,1,0,1,0,0,1,0,0,1,0,0,0,0,0,0,1
51988,0,11.0,Phone,3,15.0,E Wallet,Male,2.9315348837209303,4,Mobile,4,Married,1,0,19.0,0.0,1.0,2.0,128.99,1,0,1,0,0,0,1,0,0,0,0,1,0,0,1,0
50535,0,1.0,Phone,3,11.0,Credit Card,Male,3.0,3,Laptop & Accessory,2,Single,2,0,14.0,1.0,1.0,2.0,149.08,1,0,1,0,1,0,0,0,0,0,1,0,0,0,0,1
52242,0,4.0,Phone,1,30.0,Credit Card,Female,3.0,4,Laptop & Accessory,5,Single,2,0,19.0,1.0,1.0,8.0,168.12,0,0,1,0,1,0,0,0,0,0,1,0,0,0,0,1
51384,0,9.0,Phone,1,11.0,Debit Card,Female,2.0,4,Mobile,5,Married,10,1,14.0,1.0,1.0,0.0,134.19,0,0,1,0,0,1,0,0,0,0,0,1,0,0,1,0
51162,0,13.0,Phone,1,8.0,Debit Card,Female,2.0,3,Mobile,5,Married,5,0,17.0,1.0,1.0,2.0,133.77,0,0,1,0,0,1,0,0,0,0,0,1,0,0,1,0
51323,0,9.0,Computer,3,21.0,E Wallet,Male,2.0,5,Laptop & Accessory,1,Married,2,0,24.0,4.0,11.0,11.0,154.06,1,1,0,0,0,0,1,0,0,0,1,0,0,0,1,0
52594,0,0.0,Phone,1,14.0,Credit Card,Female,3.0,3,Mobile,1,Single,2,0,11.0,0.0,1.0,4.0,134.45,0,0,1,0,1,0,0,0,0,0,0,1,0,0,0,1
52027,0,11.0,Phone,1,6.0,Cash On Delivery,Female,3.0,3,Fashion,5,Married,2,0,13.0,4.0,2.0,11.0,235.82,0,0,1,1,0,0,0,0,1,0,0,0,0,0,1,0
52859,0,12.0,Phone,3,7.0,Debit Card,Female,3.0,5,Laptop & Accessory,2,Single,6,0,23.0,2.0,2.0,3.0,211.86,0,0,1,0,0,1,0,0,0,0,1,0,0,0,0,1
52429,1,9.0,Phone,1,15.0,Debit Card,Male,2.0,3,Mobile,5,Single,4,0,14.0,1.0,1.0,0.0,120.18,1,0,1,0,0,1,0,0,0,0,0,1,0,0,0,1
53937,1,1.0,Computer,2,15.0,Upi,Female,4.0,5,Mobile,1,Married,8,0,12.0,2.0,2.0,3.0,146.8,0,1,0,0,0,0,0,1,0,0,0,1,0,0,1,0
55467,0,5.0,Computer,3,14.0,E Wallet,Female,4.0,4,Fashion,5,Married,4,0,15.0,3.0,3.0,3.0,221.37,0,1,0,0,0,0,1,0,1,0,0,0,0,0,1,0
52190,0,3.0,Phone,3,16.0,E Wallet,Male,3.0,4,Laptop & Accessory,3,Married,2,0,18.0,0.0,1.0,4.0,165.78,1,0,1,0,0,0,1,0,0,0,1,0,0,0,1,0
55289,0,10.0,Computer,1,13.0,Debit Card,Male,4.0,2,Laptop & Accessory,5,Married,5,1,14.0,1.0,2.0,3.0,180.62,1,1,0,0,0,1,0,0,0,0,1,0,0,0,1,0
51468,1,19.0,Phone,1,20.0,Debit Card,Female,3.0,3,Mobile,4,Married,10,1,18.0,3.0,4.0,3.0,149.63,0,0,1,0,0,1,0,0,0,0,0,1,0,0,1,0
51878,0,20.0,Phone,3,20.0,E Wallet,Male,2.0,3,Laptop & Accessory,5,Single,3,0,12.0,1.0,1.0,7.0,149.6,1,0,1,0,0,0,1,0,0,0,1,0,0,0,0,1
54971,0,20.0,Phone,3,10.0,E Wallet,Male,3.0,4,Grocery,3,Married,5,0,15.0,5.0,5.0,10.0,299.65,1,0,1,0,0,0,1,0,0,1,0,0,0,0,1,0
50011,1,4.0,Phone,1,18.0,Cash On Delivery,Female,2.0,3,Others,3,Divorced,2,0,15.0,9.0,15.0,8.0,295.45,0,0,1,1,0,0,0,0,0,0,0,0,1,1,0,0
51341,0,9.0,Computer,1,14.0,Credit Card,Male,2.0,1,Laptop & Accessory,1,Married,5,0,17.0,0.0,1.0,3.0,125.71000000000001,1,1,0,0,1,0,0,0,0,0,1,0,0,0,1,0
52000,0,12.0,Phone,2,8.0,Debit Card,Female,2.0,4,Laptop & Accessory,1,Married,9,0,11.0,1.0,1.0,4.0,152.04,0,0,1,0,0,1,0,0,0,0,1,0,0,0,1,0
51863,0,0.0,Phone,3,14.0,Debit Card,Male,2.0,1,Laptop & Accessory,4,Married,1,0,22.0,1.0,1.0,2.0,148.51,1,0,1,0,0,1,0,0,0,0,1,0,0,0,1,0
53636,0,24.0,Phone,1,35.0,Debit Card,Female,3.0,4,Grocery,5,Divorced,6,1,15.0,1.0,2.0,3.0,293.8,0,0,1,0,0,1,0,0,0,1,0,0,0,1,0,0
51140,0,28.0,Phone,1,8.0,Credit Card,Male,2.0,4,Others,5,Married,9,0,12.0,1.0,1.0,0.0,290.38,1,0,1,0,1,0,0,0,0,0,0,0,1,0,1,0
53389,0,9.0,Phone,3,25.0,Credit Card,Female,3.0,4,Laptop & Accessory,3,Divorced,3,0,17.0,2.0,2.0,1.0,171.01,0,0,1,0,1,0,0,0,0,0,1,0,0,1,0,0
51651,0,9.0,Computer,1,30.0,Debit Card,Female,2.0,3,Laptop & Accessory,4,Married,8,0,15.0,1.0,1.0,8.0,156.74,0,1,0,0,0,1,0,0,0,0,1,0,0,0,1,0
53225,0,27.0,Phone,1,14.0,Debit Card,Male,3.0,3,Grocery,3,Divorced,5,0,20.0,1.0,2.0,4.0,273.14,1,0,1,0,0,1,0,0,0,1,0,0,0,1,0,0
50310,0,4.0,Phone,1,15.0,Debit Card,Male,2.0,3,Fashion,4,Married,2,0,25.0,1.0,1.0,8.0,206.48000000000002,1,0,1,0,0,1,0,0,1,0,0,0,0,0,1,0
55371,0,7.0,Phone,1,28.0,Credit Card,Male,4.0,2,Mobile,4,Married,3,0,19.0,1.0,3.0,14.0,145.28,1,0,1,0,1,0,0,0,0,0,0,1,0,0,1,0
54679,0,12.0,Phone,3,14.0,E Wallet,Female,3.0,5,Laptop & Accessory,1,Single,2,0,21.0,2.0,2.0,6.0,165.28,0,0,1,0,0,0,1,0,0,0,1,0,0,0,0,1
51697,0,5.0,Phone,1,14.0,Credit Card,Female,3.0,3,Mobile,4,Married,2,0,13.0,0.0,1.0,7.0,123.69999999999999,0,0,1,0,1,0,0,0,0,0,0,1,0,0,1,0
55261,0,9.0,Phone,3,35.0,Debit Card,Female,4.0,5,Mobile,3,Married,2,0,24.0,3.0,5.0,3.0,149.3,0,0,1,0,0,1,0,0,0,0,0,1,0,0,1,0
50583,0,20.0,Computer,1,22.0,Credit Card,Male,3.0,1,Laptop & Accessory,3,Married,2,1,19.0,0.0,2.0,7.0,150.67,1,1,0,0,1,0,0,0,0,0,1,0,0,0,1,0
52412,0,6.0,Phone,1,10.0,Credit Card,Female,2.0,4,Mobile,4,Married,9,0,11.0,1.0,1.0,2.0,138.38,0,0,1,0,1,0,0,0,0,0,0,1,0,0,1,0
51609,0,19.0,Phone,3,8.0,Cash On Delivery,Female,3.0,5,Grocery,4,Married,4,1,12.0,1.0,7.0,7.0,268.72,0,0,1,1,0,0,0,0,0,1,0,0,0,0,1,0
53177,0,11.0,Phone,3,9.0,E Wallet,Male,4.0,4,Laptop & Accessory,3,Divorced,6,1,12.0,1.0,2.0,3.0,221.02,1,0,1,0,0,0,1,0,0,0,1,0,0,1,0,0
51320,1,19.0,Phone,1,14.0,Cash On Delivery,Male,3.0,3,Mobile,3,Married,9,0,11.0,6.0,9.0,8.0,123.38999999999999,1,0,1,1,0,0,0,0,0,0,0,1,0,0,1,0
53255,0,19.0,Phone,3,9.0,Cash On Delivery,Male,3.0,6,Laptop & Accessory,3,Single,2,0,14.0,1.0,4.0,2.0,191.32,1,0,1,1,0,0,0,0,0,0,1,0,0,0,0,1
53701,0,29.0,Phone,1,7.0,Credit Card,Male,3.0,2,Grocery,2,Married,4,0,14.0,1.0,2.0,1.0,272.32,1,0,1,0,1,0,0,0,0,1,0,0,0,0,1,0
50544,0,1.0,Phone,1,14.0,Credit Card,Female,3.0,3,Mobile,3,Married,6,0,18.0,2.0,2.0,2.0,123.77000000000001,0,0,1,0,1,0,0,0,0,0,0,1,0,0,1,0
50520,0,4.0,Phone,1,14.0,Debit Card,Male,2.0,3,Mobile,2,Divorced,4,1,19.0,1.0,1.0,2.0,123.56,1,0,1,0,0,1,0,0,0,0,0,1,0,1,0,0
51136,0,5.0,Computer,1,11.0,Cash On Delivery,Male,2.9315348837209303,3,Mobile,4,Single,3,0,14.0,1.0,1.0,7.0,127.18,1,1,0,1,0,0,0,0,0,0,0,1,0,0,0,1
54948,0,29.0,Computer,1,9.0,Debit Card,Male,4.0,4,Fashion,4,Married,5,0,19.0,1.0,2.0,3.0,234.76,1,1,0,0,0,1,0,0,1,0,0,0,0,0,1,0
51686,0,10.0,Phone,1,11.0,Credit Card,Male,3.0,3,Laptop & Accessory,1,Married,8,0,16.0,1.0,1.0,4.0,163.47,1,0,1,0,1,0,0,0,0,0,1,0,0,0,1,0
53679,0,15.0,Computer,1,29.0,Debit Card,Female,4.0,4,Laptop & Accessory,2,Married,5,1,15.0,1.0,4.0,4.0,179.67,0,1,0,0,0,1,0,0,0,0,1,0,0,0,1,0
54850,1,1.0,Phone,1,11.0,Cash On Delivery,Male,3.0,4,Mobile,5,Single,3,0,20.0,2.0,2.0,1.0,154.73,1,0,1,1,0,0,0,0,0,0,0,1,0,0,0,1
52108,1,9.0,Computer,1,8.0,Debit Card,Male,2.0,3,Mobile,5,Married,7,1,14.0,0.0,1.0,2.0,120.41999999999999,1,1,0,0,0,1,0,0,0,0,0,1,0,0,1,0
53492,1,14.0,Computer,3,7.0,Upi,Male,3.0,4,Laptop & Accessory,3,Single,5,1,15.0,1.0,2.0,1.0,172.28,1,1,0,0,0,0,0,1,0,0,1,0,0,0,0,1
53181,0,12.0,Phone,1,7.0,Debit Card,Female,3.0,4,Mobile,5,Single,5,0,18.0,2.0,2.0,1.0,151.19,0,0,1,0,0,1,0,0,0,0,0,1,0,0,0,1
51199,0,1.0,Computer,2,6.0,Debit Card,Male,2.9315348837209303,3,Mobile,1,Married,2,0,15.0,0.0,2.0,2.0,127.06,1,1,0,0,0,1,0,0,0,0,0,1,0,0,1,0
53424,0,1.0,Phone,1,9.0,Credit Card,Male,3.0,2,Laptop & Accessory,2,Divorced,3,0,13.0,2.0,2.0,4.0,179.72,1,0,1,0,1,0,0,0,0,0,1,0,0,1,0,0
54097,0,28.0,Phone,1,17.0,Credit Card,Female,4.0,4,Laptop & Accessory,5,Single,8,1,20.0,1.0,2.0,5.0,169.4,0,0,1,0,1,0,0,0,0,0,1,0,0,0,0,1
53830,0,6.0,Phone,1,12.0,Upi,Female,3.0,2,Mobile,1,Married,5,0,18.0,2.0,2.0,3.0,158.12,0,0,1,0,0,0,0,1,0,0,0,1,0,0,1,0
51152,0,10.0,Phone,3,15.0,E Wallet,Male,2.0,4,Laptop & Accessory,4,Married,2,0,14.0,0.0,1.0,3.0,141.89,1,0,1,0,0,0,1,0,0,0,1,0,0,0,1,0
53375,0,14.0,Phone,3,17.0,E Wallet,Male,4.0,5,Fashion,4,Married,4,0,13.0,2.0,2.0,3.0,222.05,1,0,1,0,0,0,1,0,1,0,0,0,0,0,1,0
52354,0,27.0,Phone,1,7.0,Credit Card,Female,2.0,3,Grocery,1,Single,7,0,19.0,1.0,12.0,7.0,273.28,0,0,1,0,1,0,0,0,0,1,0,0,0,0,0,1
50244,1,3.0,Phone,3,28.0,E Wallet,Male,3.0,4,Laptop & Accessory,3,Divorced,3,1,12.0,1.0,1.0,0.0,163.8,1,0,1,0,0,0,1,0,0,0,1,0,0,1,0,0
52465,0,11.0,Phone,3,20.0,Debit Card,Male,3.0,3,Laptop & Accessory,4,Married,1,0,11.0,3.0,7.0,7.0,199.24,1,0,1,0,0,1,0,0,0,0,1,0,0,0,1,0
50847,0,24.0,Phone,1,17.0,Cash On Delivery,Female,2.0,4,Grocery,4,Single,4,0,16.0,0.0,1.0,3.0,231.42000000000002,0,0,1,1,0,0,0,0,0,1,0,0,0,0,0,1
54250,1,10.0,Phone,3,16.0,Credit Card,Male,4.0,5,Fashion,1,Single,3,0,17.0,4.0,5.0,3.0,221.19,1,0,1,0,1,0,0,0,1,0,0,0,0,0,0,1
50680,0,21.0,Computer,1,6.0,Credit Card,Male,2.0,1,Grocery,2,Single,3,0,22.0,1.0,2.0,1.0,268.85,1,1,0,0,1,0,0,0,0,1,0,0,0,0,0,1
51754,0,25.0,Phone,1,10.0,Debit Card,Female,1.0,3,Grocery,1,Married,3,0,13.0,1.0,1.0,4.0,265.55,0,0,1,0,0,1,0,0,0,1,0,0,0,0,1,0
51437,0,24.0,Phone,3,27.0,E Wallet,Male,3.0,3,Laptop & Accessory,1,Single,1,1,22.0,0.0,1.0,0.0,154.41,1,0,1,0,0,0,1,0,0,0,1,0,0,0,0,1
50860,0,1.0,Phone,3,32.0,Debit Card,Male,2.0,4,Laptop & Accessory,5,Divorced,2,0,11.0,1.0,1.0,4.0,147.24,1,0,1,0,0,1,0,0,0,0,1,0,0,1,0,0
54392,0,16.0,Phone,1,11.0,Cash On Delivery,Male,3.0,4,Others,1,Married,3,0,15.0,1.0,12.0,16.0,317.32,1,0,1,1,0,0,0,0,0,0,0,0,1,0,1,0
52857,0,15.0,Phone,1,21.0,Debit Card,Male,3.0,4,Mobile,3,Married,6,0,13.0,2.0,2.0,9.0,149.51,1,0,1,0,0,1,0,0,0,0,0,1,0,0,1,0
51799,1,0.0,Computer,2,23.0,Debit Card,Female,2.9315348837209303,3,Mobile,3,Married,1,1,11.0,0.0,1.0,0.0,127.41,0,1,0,0,0,1,0,0,0,0,0,1,0,0,1,0
50357,0,7.0,Phone,1,6.0,Debit Card,Male,2.0,4,Mobile,2,Divorced,2,1,13.0,0.0,1.0,3.0,136.22,1,0,1,0,0,1,0,0,0,0,0,1,0,1,0,0
54388,0,3.0,Computer,3,7.0,Credit Card,Female,3.0,4,Fashion,1,Married,3,0,15.0,5.0,5.0,2.0,204.18,0,1,0,0,1,0,0,0,1,0,0,0,0,0,1,0
54671,0,28.0,Phone,2,26.0,Credit Card,Male,3.0,4,Fashion,4,Married,4,0,16.0,3.0,2.0,2.0,232.25,1,0,1,0,1,0,0,0,1,0,0,0,0,0,1,0
53147,0,1.0,Phone,3,14.0,Debit Card,Male,3.0,5,Fashion,2,Married,11,0,22.0,2.0,2.0,2.0,240.57,1,0,1,0,0,1,0,0,1,0,0,0,0,0,1,0
53719,0,15.0,Phone,1,12.0,Credit Card,Male,3.0,2,Mobile,3,Divorced,4,1,13.0,2.0,2.0,4.0,146.27,1,0,1,0,1,0,0,0,0,0,0,1,0,1,0,0
53279,0,24.0,Phone,1,9.0,Credit Card,Male,4.0,4,Grocery,3,Divorced,7,0,15.0,1.0,2.0,4.0,301.39,1,0,1,0,1,0,0,0,0,1,0,0,0,1,0,0
52977,1,8.0,Computer,1,31.0,Debit Card,Male,3.0,4,Mobile,3,Married,5,1,23.0,1.0,2.0,1.0,156.61,1,1,0,0,0,1,0,0,0,0,0,1,0,0,1,0
50420,0,20.0,Computer,3,9.0,Credit Card,Female,2.0,3,Grocery,3,Married,10,1,12.0,7.0,2.0,13.0,237.7,0,1,0,0,1,0,0,0,0,1,0,0,0,0,1,0
55527,0,13.0,Computer,3,28.0,Debit Card,Female,3.0,6,Laptop & Accessory,3,Married,8,0,20.0,1.0,2.0,3.0,182.36,0,1,0,0,0,1,0,0,0,0,1,0,0,0,1,0
54339,0,20.0,Phone,3,7.0,E Wallet,Female,4.0,4,Fashion,5,Married,3,0,26.0,9.0,16.0,3.0,229.53,0,0,1,0,0,0,1,0,1,0,0,0,0,0,1,0
53296,0,12.0,Computer,1,19.0,Debit Card,Male,3.0,5,Laptop & Accessory,5,Married,4,0,16.0,2.0,2.0,3.0,187.88,1,1,0,0,0,1,0,0,0,0,1,0,0,0,1,0
51808,0,7.0,Phone,3,27.0,Debit Card,Male,3.0,1,Laptop & Accessory,1,Single,2,0,12.0,0.0,5.0,7.0,153.37,1,0,1,0,0,1,0,0,0,0,1,0,0,0,0,1
54213,0,18.0,Phone,3,7.0,E Wallet,Female,4.0,4,Laptop & Accessory,5,Married,7,1,22.0,2.0,2.0,4.0,179.54,0,0,1,0,0,0,1,0,0,0,1,0,0,0,1,0
54276,0,11.0,Phone,3,10.0,Debit Card,Male,3.0,4,Fashion,1,Single,4,0,13.0,1.0,2.0,4.0,199.28,1,0,1,0,0,1,0,0,1,0,0,0,0,0,0,1
51503,0,30.0,Phone,1,15.0,Credit Card,Female,3.0,4,Mobile,4,Married,5,1,20.0,1.0,1.0,0.0,133.46,0,0,1,0,1,0,0,0,0,0,0,1,0,0,1,0
53559,0,2.0,Phone,1,26.0,Credit Card,Male,4.0,5,Mobile,5,Divorced,3,0,13.0,2.0,4.0,4.0,156.96,1,0,1,0,1,0,0,0,0,0,0,1,0,1,0,0
52644,1,9.0,Phone,1,27.0,Credit Card,Female,3.0,3,Laptop & Accessory,4,Married,5,0,22.0,3.0,3.0,7.0,189.26,0,0,1,0,1,0,0,0,0,0,1,0,0,0,1,0
52406,1,0.0,Computer,1,15.0,Credit Card,Male,2.0,3,Mobile,5,Single,3,1,11.0,0.0,1.0,0.0,131.72,1,1,0,0,1,0,0,0,0,0,0,1,0,0,0,1
50464,0,23.0,Phone,1,8.0,Credit Card,Male,3.0,3,Grocery,3,Divorced,6,0,16.0,1.0,1.0,3.0,276.39,1,0,1,0,1,0,0,0,0,1,0,0,0,1,0,0
54089,0,7.0,Computer,1,14.0,Debit Card,Male,3.0,4,Laptop & Accessory,3,Married,3,0,21.0,3.0,3.0,9.0,184.68,1,1,0,0,0,1,0,0,0,0,1,0,0,0,1,0
52252,0,7.0,Phone,1,14.0,Cash On Delivery,Female,2.0,1,Mobile,3,Married,1,0,17.0,1.0,1.0,0.0,125.85,0,0,1,1,0,0,0,0,0,0,0,1,0,0,1,0
52029,1,0.0,Phone,3,14.0,E Wallet,Male,2.0,4,Mobile,4,Married,2,1,18.0,0.0,1.0,0.0,124.13,1,0,1,0,0,0,1,0,0,0,0,1,0,0,1,0
54756,1,21.0,Phone,1,9.0,Debit Card,Male,3.0,4,Others,4,Single,9,1,15.0,8.0,14.0,9.0,317.46,1,0,1,0,0,1,0,0,0,0,0,0,1,0,0,1
51874,1,13.0,Computer,3,14.0,Cash On Delivery,Male,2.0,3,Laptop & Accessory,3,Married,4,1,14.0,0.0,1.0,3.0,167.96,1,1,0,1,0,0,0,0,0,0,1,0,0,0,1,0
50689,1,2.0,Computer,1,8.0,Debit Card,Male,2.0,3,Grocery,2,Married,8,0,11.0,7.0,11.0,3.0,221.69,1,1,0,0,0,1,0,0,0,1,0,0,0,0,1,0
53429,0,13.0,Phone,1,7.0,Debit Card,Female,4.0,5,Grocery,2,Divorced,3,0,17.0,1.0,2.0,9.0,252.42000000000002,0,0,1,0,0,1,0,0,0,1,0,0,0,1,0,0
52203,1,7.0,Phone,1,16.0,Debit Card,Male,2.9315348837209303,3,Mobile,3,Single,2,1,11.0,1.0,1.0,2.0,129.36,1,0,1,0,0,1,0,0,0,0,0,1,0,0,0,1
50921,0,13.0,Phone,1,14.0,Credit Card,Male,3.0,3,Mobile,3,Married,3,0,14.0,0.0,1.0,2.0,123.44999999999999,1,0,1,0,1,0,0,0,0,0,0,1,0,0,1,0
52757,0,9.0,Phone,2,8.0,Upi,Female,2.0,3,Mobile,4,Married,5,0,14.0,0.0,1.0,2.0,121.87,0,0,1,0,0,0,0,1,0,0,0,1,0,0,1,0
50134,0,24.0,Phone,1,6.0,Debit Card,Male,2.9315348837209303,3,Mobile,2,Divorced,2,0,11.0,1.0,1.0,0.0,127.22999999999999,1,0,1,0,0,1,0,0,0,0,0,1,0,1,0,0
51197,0,9.0,Phone,1,15.0,Debit Card,Female,3.0,3,Mobile,3,Single,5,0,12.0,1.0,2.0,0.0,121.05000000000001,0,0,1,0,0,1,0,0,0,0,0,1,0,0,0,1
50904,0,9.0,Phone,1,11.0,Credit Card,Male,2.0,1,Mobile,3,Divorced,3,1,12.0,1.0,1.0,3.0,121.27000000000001,1,0,1,0,1,0,0,0,0,0,0,1,0,1,0,0
50127,0,12.0,Computer,1,8.0,Cash On Delivery,Female,3.0,3,Fashion,3,Single,1,0,25.0,10.0,11.0,3.0,209.38,0,1,0,1,0,0,0,0,1,0,0,0,0,0,0,1
52316,0,0.0,Phone,3,14.0,Credit Card,Female,3.0,1,Mobile,1,Married,9,0,14.0,0.0,1.0,0.0,125.34,0,0,1,0,1,0,0,0,0,0,0,1,0,0,1,0
52716,0,20.0,Computer,1,20.0,Cash On Delivery,Male,3.0,3,Laptop & Accessory,4,Married,9,0,18.0,0.0,1.0,7.0,154.67,1,1,0,1,0,0,0,0,0,0,1,0,0,0,1,0
50686,0,19.0,Phone,3,9.0,E Wallet,Male,2.0,3,Grocery,3,Divorced,4,0,12.0,1.0,4.0,9.0,274.65,1,0,1,0,0,0,1,0,0,1,0,0,0,1,0,0
52804,0,8.0,Phone,1,7.0,Debit Card,Female,2.9315348837209303,5,Mobile,1,Married,2,0,12.0,1.0,1.0,1.0,129.77,0,0,1,0,0,1,0,0,0,0,0,1,0,0,1,0
53712,1,1.0,Phone,3,16.0,Debit Card,Male,4.0,5,Mobile,5,Divorced,5,0,13.0,2.0,3.0,3.0,169.0,1,0,1,0,0,1,0,0,0,0,0,1,0,1,0,0
53515,0,16.0,Phone,1,36.0,Credit Card,Male,3.0,6,Laptop & Accessory,2,Single,6,0,20.0,2.0,2.0,1.0,167.72,1,0,1,0,1,0,0,0,0,0,1,0,0,0,0,1
52015,1,2.0,Phone,1,14.0,Credit Card,Male,3.0,3,Mobile,5,Married,8,1,21.0,1.0,2.0,2.0,124.03999999999999,1,0,1,0,1,0,0,0,0,0,0,1,0,0,1,0
52529,0,9.0,Phone,1,9.0,Debit Card,Male,3.0,1,Laptop & Accessory,5,Married,7,0,20.0,0.0,1.0,4.0,168.42,1,0,1,0,0,1,0,0,0,0,1,0,0,0,1,0
55112,0,15.0,Computer,3,17.0,Credit Card,Male,3.0,6,Laptop & Accessory,4,Single,3,0,14.0,4.0,12.0,10.0,186.51,1,1,0,0,1,0,0,0,0,0,1,0,0,0,0,1
55465,0,14.0,Phone,1,19.0,Debit Card,Female,3.0,4,Laptop & Accessory,5,Married,4,0,13.0,2.0,8.0,8.0,169.48,0,0,1,0,0,1,0,0,0,0,1,0,0,0,1,0
53498,0,12.0,Phone,3,17.0,E Wallet,Male,4.0,5,Fashion,3,Married,2,1,15.0,3.0,3.0,3.0,212.4,1,0,1,0,0,0,1,0,1,0,0,0,0,0,1,0
52679,1,9.0,Phone,3,16.0,Debit Card,Female,3.0,3,Fashion,4,Married,6,0,21.0,1.0,1.0,7.0,173.14,0,0,1,0,0,1,0,0,1,0,0,0,0,0,1,0
50800,0,8.0,Phone,1,12.0,Debit Card,Male,3.0,3,Mobile,3,Divorced,1,1,14.0,1.0,2.0,2.0,135.06,1,0,1,0,0,1,0,0,0,0,0,1,0,1,0,0
54171,0,9.0,Phone,1,23.0,Credit Card,Male,3.0,2,Mobile,4,Married,2,0,14.0,2.0,2.0,4.0,149.26,1,0,1,0,1,0,0,0,0,0,0,1,0,0,1,0
51985,0,22.0,Phone,1,6.0,Cash On Delivery,Female,2.0,3,Mobile,5,Married,3,0,16.0,0.0,1.0,2.0,135.8,0,0,1,1,0,0,0,0,0,0,0,1,0,0,1,0
50040,0,0.0,Computer,1,14.0,Credit Card,Male,3.0,4,Mobile,3,Married,2,1,15.0,0.0,1.0,1.0,125.66,1,1,0,0,1,0,0,0,0,0,0,1,0,0,1,0
51471,0,0.0,Phone,1,14.0,Upi,Female,2.0,4,Mobile,4,Married,2,0,19.0,2.0,4.0,3.0,123.68,0,0,1,0,0,0,0,1,0,0,0,1,0,0,1,0
52674,0,0.0,Phone,3,29.0,Credit Card,Female,2.0,4,Laptop & Accessory,3,Married,2,0,21.0,3.0,5.0,8.0,135.4,0,0,1,0,1,0,0,0,0,0,1,0,0,0,1,0
55447,0,14.0,Phone,1,9.0,Debit Card,Female,4.0,4,Mobile,5,Married,6,0,18.0,2.0,2.0,3.0,158.77,0,0,1,0,0,1,0,0,0,0,0,1,0,0,1,0
52694,0,13.0,Phone,1,7.0,Debit Card,Male,3.0,3,Grocery,5,Married,3,0,11.0,1.0,11.0,16.0,268.23,1,0,1,0,0,1,0,0,0,1,0,0,0,0,1,0
50767,0,9.0,Phone,1,8.0,Debit Card,Female,3.0,1,Mobile,2,Divorced,2,0,13.0,6.0,7.0,7.0,120.11000000000001,0,0,1,0,0,1,0,0,0,0,0,1,0,1,0,0
50575,0,25.0,Phone,1,6.0,Debit Card,Male,3.0,3,Grocery,2,Divorced,3,0,15.0,1.0,7.0,8.0,270.99,1,0,1,0,0,1,0,0,0,1,0,0,0,1,0,0
53277,0,1.0,Computer,1,16.0,Debit Card,Male,3.0,5,Mobile,4,Married,3,0,12.0,2.0,2.0,1.0,151.94,1,1,0,0,0,1,0,0,0,0,0,1,0,0,1,0
55090,0,2.0,Computer,1,9.0,Debit Card,Male,3.0,5,Mobile,1,Married,3,1,13.0,1.0,3.0,3.0,163.67,1,1,0,0,0,1,0,0,0,0,0,1,0,0,1,0
50684,0,2.0,Phone,1,14.0,Debit Card,Female,3.0,3,Mobile,2,Married,5,0,22.0,0.0,1.0,7.0,125.13999999999999,0,0,1,0,0,1,0,0,0,0,0,1,0,0,1,0
52622,0,10.0,Phone,3,15.0,E Wallet,Male,2.0,4,Laptop & Accessory,4,Married,2,0,14.0,1.0,1.0,3.0,141.89,1,0,1,0,0,0,1,0,0,0,1,0,0,0,1,0
53300,0,17.0,Phone,1,21.0,Debit Card,Male,4.0,4,Grocery,5,Divorced,8,0,15.0,2.0,2.0,1.0,296.59,1,0,1,0,0,1,0,0,0,1,0,0,0,1,0,0
53081,0,17.0,Phone,1,19.0,Debit Card,Male,3.0,5,Grocery,4,Married,3,0,12.0,1.0,4.0,10.0,268.36,1,0,1,0,0,1,0,0,0,1,0,0,0,0,1,0
54377,1,1.0,Computer,3,33.0,E Wallet,Female,3.0,5,Laptop & Accessory,5,Single,7,0,16.0,2.0,2.0,2.0,191.96,0,1,0,0,0,0,1,0,0,0,1,0,0,0,0,1
54839,0,22.0,Phone,1,27.0,Credit Card,Male,3.0,4,Mobile,3,Married,6,0,18.0,2.0,2.0,1.0,147.59,1,0,1,0,1,0,0,0,0,0,0,1,0,0,1,0
51733,0,13.0,Phone,3,8.0,E Wallet,Female,2.0,3,Laptop & Accessory,4,Married,8,0,12.0,0.0,1.0,3.0,157.15,0,0,1,0,0,0,1,0,0,0,1,0,0,0,1,0
55495,0,1.0,Computer,1,22.0,Debit Card,Female,4.0,5,Mobile,5,Married,2,0,20.0,1.0,8.0,4.0,172.74,0,1,0,0,0,1,0,0,0,0,0,1,0,0,1,0
53617,0,17.0,Phone,3,11.0,E Wallet,Female,3.0,5,Fashion,2,Single,5,0,15.0,11.0,16.0,3.0,227.31,0,0,1,0,0,0,1,0,1,0,0,0,0,0,0,1
54920,0,19.0,Phone,2,31.0,Credit Card,Male,3.0,4,Mobile,4,Single,3,0,17.0,1.0,2.0,5.0,146.77,1,0,1,0,1,0,0,0,0,0,0,1,0,0,0,1
54681,0,22.0,Phone,3,9.0,E Wallet,Male,3.0,2,Laptop & Accessory,4,Married,5,0,13.0,1.0,3.0,3.0,206.2,1,0,1,0,0,0,1,0,0,0,1,0,0,0,1,0
52409,0,2.0,Phone,3,25.0,Debit Card,Male,3.0,4,Laptop & Accessory,3,Married,2,0,14.0,1.0,1.0,4.0,186.2,1,0,1,0,0,1,0,0,0,0,1,0,0,0,1,0
52093,0,11.0,Phone,3,9.0,Debit Card,Male,2.0,3,Laptop & Accessory,1,Single,9,1,12.0,1.0,1.0,0.0,168.61,1,0,1,0,0,1,0,0,0,0,1,0,0,0,0,1
50580,0,8.0,Phone,3,9.0,Debit Card,Male,3.0,3,Fashion,2,Married,7,0,13.0,0.0,1.0,8.0,178.23,1,0,1,0,0,1,0,0,1,0,0,0,0,0,1,0
53874,0,10.0,Phone,1,10.0,Debit Card,Male,4.0,2,Laptop & Accessory,5,Married,8,0,21.0,2.0,2.0,5.0,193.42,1,0,1,0,0,1,0,0,0,0,1,0,0,0,1,0
50750,0,3.0,Phone,1,13.0,Debit Card,Male,2.0,3,Laptop & Accessory,3,Married,2,0,13.0,8.0,8.0,9.0,134.91,1,0,1,0,0,1,0,0,0,0,1,0,0,0,1,0
55333,0,3.0,Phone,3,17.0,Credit Card,Male,3.0,5,Laptop & Accessory,3,Single,11,0,12.0,2.0,2.0,5.0,183.69,1,0,1,0,1,0,0,0,0,0,1,0,0,0,0,1
54329,0,12.0,Phone,3,7.0,Debit Card,Female,3.0,5,Laptop & Accessory,1,Single,6,0,23.0,1.0,2.0,3.0,211.86,0,0,1,0,0,1,0,0,0,0,1,0,0,0,0,1
50978,0,9.0,Phone,3,14.0,Debit Card,Male,3.0,3,Mobile,1,Single,4,1,21.0,0.0,1.0,2.0,126.44,1,0,1,0,0,1,0,0,0,0,0,1,0,0,0,1
53692,0,11.0,Phone,1,18.0,Credit Card,Female,4.0,4,Mobile,3,Single,6,0,19.0,1.0,2.0,3.0,161.29,0,0,1,0,1,0,0,0,0,0,0,1,0,0,0,1
54858,0,3.0,Computer,3,27.0,Cash On Delivery,Female,3.0,4,Mobile,1,Married,3,0,16.0,1.0,2.0,3.0,146.57,0,1,0,1,0,0,0,0,0,0,0,1,0,0,1,0
53444,0,13.0,Computer,1,29.0,Credit Card,Female,3.0,4,Fashion,5,Single,3,1,14.0,2.0,2.0,9.0,233.8,0,1,0,0,1,0,0,0,1,0,0,0,0,0,0,1
50348,0,10.0,Phone,1,6.0,Debit Card,Female,3.0,3,Laptop & Accessory,4,Divorced,7,0,12.0,3.0,4.0,3.0,164.47,0,0,1,0,0,1,0,0,0,0,1,0,0,1,0,0
54254,0,20.0,Computer,1,7.0,Credit Card,Male,3.0,5,Fashion,5,Married,4,1,14.0,5.0,2.0,6.0,231.73000000000002,1,1,0,0,1,0,0,0,1,0,0,0,0,0,1,0
50707,1,0.0,Computer,1,14.0,Credit Card,Male,3.0,3,Mobile,3,Divorced,2,0,12.0,2.0,2.0,2.0,126.1,1,1,0,0,1,0,0,0,0,0,0,1,0,1,0,0
52575,0,13.0,Phone,1,14.0,Debit Card,Female,3.0,3,Laptop & Accessory,5,Married,3,1,16.0,1.0,1.0,0.0,165.16,0,0,1,0,0,1,0,0,0,0,1,0,0,0,1,0
51442,0,0.0,Phone,3,9.0,Upi,Female,2.0,3,Laptop & Accessory,3,Married,1,0,21.0,0.0,1.0,2.0,149.99,0,0,1,0,0,0,0,1,0,0,1,0,0,0,1,0
55124,0,12.0,Phone,3,9.0,Debit Card,Female,3.0,4,Laptop & Accessory,5,Married,5,0,16.0,1.0,2.0,8.0,193.93,0,0,1,0,0,1,0,0,0,0,1,0,0,0,1,0
50468,0,20.0,Phone,1,8.0,Upi,Female,2.0,3,Grocery,2,Divorced,2,1,11.0,1.0,3.0,0.0,267.52,0,0,1,0,0,0,0,1,0,1,0,0,0,1,0,0
54107,0,12.0,Phone,3,7.0,Debit Card,Male,3.0,4,Laptop & Accessory,4,Married,2,0,16.0,5.0,6.0,9.0,169.4,1,0,1,0,0,1,0,0,0,0,1,0,0,0,1,0
51608,0,9.0,Phone,1,8.0,Cash On Delivery,Male,2.0,4,Laptop & Accessory,5,Single,5,0,13.0,0.0,1.0,4.0,121.75999999999999,1,0,1,1,0,0,0,0,0,0,1,0,0,0,0,1
51592,0,6.0,Phone,1,11.0,Debit Card,Female,2.9315348837209303,4,Mobile,1,Married,2,0,13.0,0.0,1.0,2.0,129.11,0,0,1,0,0,1,0,0,0,0,0,1,0,0,1,0
51284,0,0.0,Phone,1,14.0,Upi,Male,3.0,3,Mobile,1,Single,2,0,13.0,1.0,1.0,4.0,126.47,1,0,1,0,0,0,0,1,0,0,0,1,0,0,0,1
53931,0,13.0,Computer,1,7.0,Debit Card,Male,4.0,4,Laptop & Accessory,1,Married,3,1,16.0,4.0,6.0,9.0,189.72,1,1,0,0,0,1,0,0,0,0,1,0,0,0,1,0
52005,0,1.0,Phone,3,11.0,Credit Card,Male,3.0,3,Laptop & Accessory,1,Single,2,0,14.0,0.0,1.0,2.0,149.08,1,0,1,0,1,0,0,0,0,0,1,0,0,0,0,1
51075,0,9.0,Phone,1,32.0,Debit Card,Male,3.0,3,Laptop & Accessory,3,Married,7,0,14.0,1.0,1.0,2.0,153.47,1,0,1,0,0,1,0,0,0,0,1,0,0,0,1,0
54113,0,9.0,Phone,1,18.0,Credit Card,Male,3.0,4,Mobile,3,Married,9,1,12.0,1.0,3.0,3.0,151.6,1,0,1,0,1,0,0,0,0,0,0,1,0,0,1,0
55493,1,1.0,Computer,1,31.0,Debit Card,Male,4.0,5,Mobile,1,Single,3,1,25.0,2.0,2.0,1.0,149.39,1,1,0,0,0,1,0,0,0,0,0,1,0,0,0,1
50808,1,0.0,Phone,1,13.0,Cash On Delivery,Female,2.0,3,Mobile,3,Married,4,1,13.0,1.0,7.0,7.0,133.39,0,0,1,1,0,0,0,0,0,0,0,1,0,0,1,0
51336,0,2.0,Phone,1,34.0,Credit Card,Female,3.0,4,Mobile,5,Single,2,0,14.0,0.0,1.0,4.0,137.85,0,0,1,0,1,0,0,0,0,0,0,1,0,0,0,1
53963,0,12.0,Phone,1,13.0,Upi,Female,3.0,5,Mobile,3,Married,3,0,12.0,1.0,2.0,5.0,162.02,0,0,1,0,0,0,0,1,0,0,0,1,0,0,1,0
53793,0,10.0,Phone,3,9.0,Debit Card,Male,4.0,4,Mobile,1,Single,5,1,22.0,1.0,2.0,3.0,151.44,1,0,1,0,0,1,0,0,0,0,0,1,0,0,0,1
52508,1,0.0,Phone,3,16.0,Credit Card,Male,2.0,4,Fashion,5,Married,10,0,17.0,0.0,6.0,0.0,203.06,1,0,1,0,1,0,0,0,1,0,0,0,0,0,1,0
55244,1,4.0,Phone,1,16.0,Debit Card,Male,3.0,4,Mobile,5,Single,5,0,15.0,2.0,2.0,1.0,145.18,1,0,1,0,0,1,0,0,0,0,0,1,0,0,0,1
54738,0,11.0,Phone,1,17.0,Debit Card,Female,3.0,4,Mobile,5,Married,2,1,14.0,5.0,5.0,4.0,152.82,0,0,1,0,0,1,0,0,0,0,0,1,0,0,1,0
50257,0,3.0,Phone,3,14.0,Cash On Delivery,Male,3.0,3,Mobile,4,Divorced,2,0,18.0,1.0,1.0,0.0,124.75999999999999,1,0,1,1,0,0,0,0,0,0,0,1,0,1,0,0
51141,0,6.0,Computer,1,10.0,Cash On Delivery,Male,2.9315348837209303,3,Laptop & Accessory,4,Married,6,0,15.0,0.0,1.0,7.0,130.55,1,1,0,1,0,0,0,0,0,0,1,0,0,0,1,0
54186,0,27.0,Phone,1,12.0,Upi,Female,3.0,4,Others,3,Married,6,0,15.0,2.0,5.0,9.0,315.94,0,0,1,0,0,0,0,1,0,0,0,0,1,0,1,0
50880,0,0.0,Phone,1,13.0,Upi,Male,3.0,1,Mobile,5,Single,1,0,12.0,1.0,1.0,7.0,135.78,1,0,1,0,0,0,0,1,0,0,0,1,0,0,0,1
50019,1,0.0,Computer,1,13.0,Debit Card,Male,3.0,5,Laptop & Accessory,3,Single,2,1,24.0,1.0,1.0,6.0,160.74,1,1,0,0,0,1,0,0,0,0,1,0,0,0,0,1
55083,0,18.0,Phone,1,11.0,Debit Card,Male,4.0,2,Others,5,Married,3,0,15.0,3.0,15.0,14.0,316.9,1,0,1,0,0,1,0,0,0,0,0,0,1,0,1,0
51760,1,0.0,Phone,3,6.0,Cash On Delivery,Female,3.0,3,Mobile,4,Single,2,1,16.0,0.0,1.0,4.0,132.02,0,0,1,1,0,0,0,0,0,0,0,1,0,0,0,1
55468,0,2.0,Phone,1,8.0,Credit Card,Female,4.0,4,Mobile,5,Married,3,0,26.0,2.0,2.0,3.0,160.91,0,0,1,0,1,0,0,0,0,0,0,1,0,0,1,0
53491,1,1.0,Computer,1,5.0,Credit Card,Male,3.0,5,Mobile,4,Married,3,0,16.0,1.0,2.0,1.0,150.96,1,1,0,0,1,0,0,0,0,0,0,1,0,0,1,0
50809,0,9.0,Phone,1,6.0,Cash On Delivery,Male,2.0,3,Mobile,5,Single,3,0,11.0,0.0,1.0,2.0,120.80000000000001,1,0,1,1,0,0,0,0,0,0,0,1,0,0,0,1
50120,0,18.0,Phone,1,6.0,Upi,Male,3.0,2,Others,2,Divorced,1,0,15.0,1.0,1.0,7.0,292.02,1,0,1,0,0,0,0,1,0,0,0,0,1,1,0,0
55158,1,1.0,Phone,1,24.0,Debit Card,Female,3.0,4,Mobile,3,Single,3,1,14.0,5.0,8.0,8.0,148.94,0,0,1,0,0,1,0,0,0,0,0,1,0,0,0,1
51771,0,23.0,Phone,1,35.0,Debit Card,Male,2.0,4,Grocery,3,Married,1,0,15.0,1.0,15.0,7.0,270.46,1,0,1,0,0,1,0,0,0,1,0,0,0,0,1,0
53183,0,22.0,Phone,1,7.0,Debit Card,Female,3.0,5,Grocery,5,Divorced,9,0,12.0,1.0,2.0,3.0,279.02,0,0,1,0,0,1,0,0,0,1,0,0,0,1,0,0
50756,0,5.0,Computer,1,19.0,Upi,Female,2.9315348837209303,4,Mobile,4,Divorced,2,0,20.0,0.0,2.0,2.0,127.43,0,1,0,0,0,0,0,1,0,0,0,1,0,1,0,0
51660,0,0.0,Phone,1,16.0,Credit Card,Male,3.0,3,Grocery,5,Married,2,1,14.0,1.0,11.0,10.0,270.68,1,0,1,0,1,0,0,0,0,1,0,0,0,0,1,0
54687,0,13.0,Phone,1,9.0,Cash On Delivery,Female,4.0,5,Laptop & Accessory,3,Single,3,0,12.0,2.0,12.0,11.0,170.53,0,0,1,1,0,0,0,0,0,0,1,0,0,0,0,1
51893,1,5.0,Computer,1,25.0,Credit Card,Male,2.9315348837209303,1,Mobile,3,Married,7,1,12.0,0.0,2.0,2.0,127.59,1,1,0,0,1,0,0,0,0,0,0,1,0,0,1,0
55280,0,12.0,Phone,3,21.0,Debit Card,Male,4.0,4,Laptop & Accessory,4,Married,2,0,12.0,4.0,8.0,3.0,224.24,1,0,1,0,0,1,0,0,0,0,1,0,0,0,1,0
52294,0,3.0,Phone,1,23.0,Credit Card,Female,3.0,3,Fashion,5,Married,2,1,23.0,1.0,1.0,3.0,219.16000000000003,0,0,1,0,1,0,0,0,1,0,0,0,0,0,1,0
51356,0,8.0,Phone,1,14.0,Credit Card,Male,2.0,1,Mobile,4,Married,1,0,13.0,1.0,1.0,3.0,124.25999999999999,1,0,1,0,1,0,0,0,0,0,0,1,0,0,1,0
53737,0,18.0,Phone,1,27.0,Debit Card,Male,3.0,4,Mobile,4,Single,3,0,14.0,2.0,2.0,4.0,159.2,1,0,1,0,0,1,0,0,0,0,0,1,0,0,0,1
54420,1,1.0,Computer,1,36.0,Credit Card,Male,4.0,5,Mobile,4,Single,2,0,12.0,1.0,2.0,5.0,159.79,1,1,0,0,1,0,0,0,0,0,0,1,0,0,0,1
50715,0,15.0,Phone,3,10.0,E Wallet,Male,2.0,3,Laptop & Accessory,5,Single,8,0,13.0,1.0,1.0,5.0,151.55,1,0,1,0,0,0,1,0,0,0,1,0,0,0,0,1
54001,0,31.0,Computer,1,22.0,Debit Card,Male,3.0,4,Grocery,3,Married,4,1,15.0,1.0,3.0,3.0,282.87,1,1,0,0,0,1,0,0,0,1,0,0,0,0,1,0
51000,0,12.0,Phone,3,12.0,Credit Card,Male,2.0,1,Fashion,3,Married,3,0,11.0,4.0,7.0,6.0,182.37,1,0,1,0,1,0,0,0,1,0,0,0,0,0,1,0
53059,1,4.0,Phone,3,29.0,E Wallet,Male,4.0,5,Laptop & Accessory,3,Divorced,4,1,13.0,2.0,2.0,1.0,188.8,1,0,1,0,0,0,1,0,0,0,1,0,0,1,0,0
53316,0,19.0,Phone,3,16.0,E Wallet,Male,4.0,4,Fashion,5,Married,6,1,13.0,2.0,2.0,3.0,232.61,1,0,1,0,0,0,1,0,1,0,0,0,0,0,1,0
52467,0,9.0,Phone,3,7.0,Debit Card,Female,3.0,3,Laptop & Accessory,3,Single,7,0,13.0,1.0,1.0,0.0,168.15,0,0,1,0,0,1,0,0,0,0,1,0,0,0,0,1
50093,1,9.0,Phone,1,6.0,Cash On Delivery,Male,2.0,3,Mobile,3,Single,1,0,14.0,0.0,1.0,5.0,120.58000000000001,1,0,1,1,0,0,0,0,0,0,0,1,0,0,0,1
50472,0,8.0,Phone,1,14.0,Debit Card,Female,2.0,1,Mobile,3,Single,4,0,13.0,0.0,2.0,2.0,125.06,0,0,1,0,0,1,0,0,0,0,0,1,0,0,0,1
50184,0,30.0,Computer,1,6.0,Debit Card,Male,2.0,5,Laptop & Accessory,3,Married,3,1,13.0,1.0,1.0,2.0,156.6,1,1,0,0,0,1,0,0,0,0,1,0,0,0,1,0
51230,1,19.0,Phone,1,14.0,Debit Card,Male,3.0,3,Mobile,1,Single,2,0,16.0,0.0,1.0,0.0,125.87,1,0,1,0,0,1,0,0,0,0,0,1,0,0,0,1
55018,1,8.0,Phone,1,17.0,Debit Card,Male,4.0,4,Mobile,3,Single,3,1,12.0,2.0,2.0,3.0,154.36,1,0,1,0,0,1,0,0,0,0,0,1,0,0,0,1
55583,0,9.0,Phone,1,18.0,Credit Card,Male,3.0,4,Mobile,3,Married,9,1,12.0,3.0,3.0,3.0,151.6,1,0,1,0,1,0,0,0,0,0,0,1,0,0,1,0
51854,0,8.0,Phone,1,12.0,Debit Card,Male,2.0,5,Laptop & Accessory,1,Single,2,0,13.0,0.0,11.0,8.0,166.46,1,0,1,0,0,1,0,0,0,0,1,0,0,0,0,1
53985,0,15.0,Phone,1,12.0,Debit Card,Male,3.0,2,Laptop & Accessory,4,Single,5,0,13.0,2.0,2.0,3.0,193.7,1,0,1,0,0,1,0,0,0,0,1,0,0,0,0,1
50400,0,7.0,Phone,1,15.0,Credit Card,Female,2.0,4,Fashion,4,Single,2,0,14.0,4.0,7.0,7.0,186.21,0,0,1,0,1,0,0,0,1,0,0,0,0,0,0,1
51951,0,11.0,Computer,1,18.0,Debit Card,Male,0.0,4,Laptop & Accessory,5,Married,3,0,15.0,1.0,1.0,2.0,162.88,1,1,0,0,0,1,0,0,0,0,1,0,0,0,1,0
53176,0,1.0,Phone,1,13.0,Credit Card,Female,4.0,5,Mobile,3,Married,2,0,13.0,2.0,2.0,4.0,146.87,0,0,1,0,1,0,0,0,0,0,0,1,0,0,1,0
54234,0,6.0,Phone,1,7.0,Debit Card,Male,4.0,4,Laptop & Accessory,4,Married,3,0,18.0,2.0,2.0,10.0,187.2,1,0,1,0,0,1,0,0,0,0,1,0,0,0,1,0
52601,1,0.0,Phone,3,22.0,Debit Card,Female,3.0,3,Fashion,5,Single,3,1,20.0,1.0,1.0,0.0,185.64,0,0,1,0,0,1,0,0,1,0,0,0,0,0,0,1
54348,0,29.0,Phone,1,21.0,Credit Card,Male,4.0,2,Others,4,Single,10,0,15.0,3.0,3.0,16.0,312.22,1,0,1,0,1,0,0,0,0,0,0,0,1,0,0,1
51866,0,21.0,Phone,3,8.0,E Wallet,Male,2.0,1,Laptop & Accessory,4,Married,4,0,12.0,0.0,2.0,2.0,181.2,1,0,1,0,0,0,1,0,0,0,1,0,0,0,1,0
51406,0,5.0,Phone,1,6.0,Credit Card,Male,2.0,3,Laptop & Accessory,1,Married,2,1,22.0,5.0,7.0,8.0,161.62,1,0,1,0,1,0,0,0,0,0,1,0,0,0,1,0
51278,0,4.0,Phone,1,8.0,Credit Card,Female,2.0,5,Mobile,1,Married,2,1,11.0,1.0,1.0,0.0,111.28999999999999,0,0,1,0,1,0,0,0,0,0,0,1,0,0,1,0
51427,0,8.0,Phone,1,6.0,Credit Card,Male,2.9315348837209303,4,Mobile,3,Single,2,0,18.0,1.0,1.0,4.0,128.59,1,0,1,0,1,0,0,0,0,0,0,1,0,0,0,1
55442,1,1.0,Phone,3,34.0,Debit Card,Male,3.0,4,Laptop & Accessory,1,Single,3,1,19.0,4.0,8.0,8.0,183.13,1,0,1,0,0,1,0,0,0,0,1,0,0,0,0,1
50476,0,5.0,Phone,1,10.0,Debit Card,Female,3.0,4,Laptop & Accessory,3,Divorced,2,0,12.0,1.0,6.0,8.0,161.62,0,0,1,0,0,1,0,0,0,0,1,0,0,1,0,0
53815,0,13.0,Phone,3,13.0,Credit Card,Male,3.0,2,Fashion,3,Married,4,0,12.0,5.0,8.0,7.0,207.37,1,0,1,0,1,0,0,0,1,0,0,0,0,0,1,0
53085,0,5.0,Phone,1,14.0,Credit Card,Female,3.0,4,Laptop & Accessory,5,Divorced,3,0,13.0,4.0,4.0,13.0,168.06,0,0,1,0,1,0,0,0,0,0,1,0,0,1,0,0
53768,1,1.0,Phone,1,7.0,Cash On Delivery,Male,4.0,5,Mobile,5,Single,8,0,14.0,1.0,2.0,8.0,148.62,1,0,1,1,0,0,0,0,0,0,0,1,0,0,0,1
54126,0,18.0,Phone,1,7.0,Credit Card,Male,3.0,4,Mobile,1,Single,8,1,13.0,1.0,2.0,3.0,149.36,1,0,1,0,1,0,0,0,0,0,0,1,0,0,0,1
54873,0,7.0,Phone,1,20.0,Debit Card,Female,3.0,4,Mobile,1,Single,5,0,19.0,2.0,2.0,3.0,159.52,0,0,1,0,0,1,0,0,0,0,0,1,0,0,0,1
54812,0,21.0,Phone,3,9.0,E Wallet,Female,3.0,4,Laptop & Accessory,1,Married,2,1,23.0,4.0,8.0,8.0,170.37,0,0,1,0,0,0,1,0,0,0,1,0,0,0,1,0
53867,0,23.0,Phone,1,29.0,Upi,Female,4.0,4,Grocery,4,Married,5,0,17.0,1.0,2.0,3.0,289.13,0,0,1,0,0,0,0,1,0,1,0,0,0,0,1,0
54180,0,12.0,Phone,1,9.0,Debit Card,Male,3.0,4,Mobile,1,Single,7,1,12.0,1.0,2.0,3.0,164.44,1,0,1,0,0,1,0,0,0,0,0,1,0,0,0,1
52050,0,8.0,Phone,3,9.0,Debit Card,Male,3.0,3,Fashion,1,Married,7,0,13.0,0.0,1.0,8.0,178.23,1,0,1,0,0,1,0,0,1,0,0,0,0,0,1,0
54863,0,4.0,Phone,3,15.0,Upi,Male,4.0,4,Fashion,3,Married,7,0,12.0,3.0,8.0,8.0,197.64,1,0,1,0,0,0,0,1,1,0,0,0,0,0,1,0
54315,0,6.0,Computer,3,15.0,E Wallet,Female,3.0,4,Fashion,1,Single,3,0,15.0,3.0,4.0,3.0,214.98,0,1,0,0,0,0,1,0,1,0,0,0,0,0,0,1
51603,0,13.0,Phone,1,8.0,Credit Card,Male,2.0,3,Others,3,Married,1,0,15.0,3.0,3.0,9.0,294.36,1,0,1,0,1,0,0,0,0,0,0,0,1,0,1,0
51533,0,28.0,Phone,1,20.0,Credit Card,Male,3.0,1,Others,4,Single,9,0,11.0,1.0,2.0,15.0,287.22,1,0,1,0,1,0,0,0,0,0,0,0,1,0,0,1
51826,1,9.0,Computer,3,18.0,Debit Card,Male,3.0,4,Mobile,5,Married,2,0,18.0,1.0,1.0,0.0,120.33000000000001,1,1,0,0,0,1,0,0,0,0,0,1,0,0,1,0
52930,1,1.0,Phone,1,7.0,Debit Card,Male,4.0,5,Mobile,3,Single,2,1,15.0,2.0,2.0,3.0,162.3,1,0,1,0,0,1,0,0,0,0,0,1,0,0,0,1
54312,0,9.0,Phone,3,7.0,E Wallet,Male,4.0,4,Fashion,4,Married,3,0,14.0,1.0,2.0,7.0,197.95,1,0,1,0,0,0,1,0,1,0,0,0,0,0,1,0
52378,1,2.0,Computer,1,8.0,Debit Card,Female,2.0,4,Mobile,5,Single,3,1,23.0,0.0,1.0,0.0,136.46,0,1,0,0,0,1,0,0,0,0,0,1,0,0,0,1
55066,0,3.0,Phone,1,8.0,Debit Card,Female,3.0,5,Grocery,1,Married,5,0,15.0,1.0,2.0,8.0,286.24,0,0,1,0,0,1,0,0,0,1,0,0,0,0,1,0
53309,0,1.0,Phone,1,9.0,Credit Card,Male,4.0,2,Mobile,5,Single,9,0,14.0,2.0,2.0,2.0,159.24,1,0,1,0,1,0,0,0,0,0,0,1,0,0,0,1
55129,0,10.0,Computer,3,14.0,E Wallet,Female,3.0,2,Laptop & Accessory,5,Married,4,0,17.0,6.0,7.0,14.0,171.39,0,1,0,0,0,0,1,0,0,0,1,0,0,0,1,0
54096,0,5.0,Computer,1,17.0,Credit Card,Female,3.0,4,Fashion,3,Married,6,0,21.0,4.0,2.0,9.0,235.31,0,1,0,0,1,0,0,0,1,0,0,0,0,0,1,0
51060,0,27.0,Phone,1,28.0,Credit Card,Female,3.0,3,Grocery,3,Married,4,0,25.0,1.0,4.0,7.0,274.26,0,0,1,0,1,0,0,0,0,1,0,0,0,0,1,0
54152,1,14.0,Phone,3,35.0,E Wallet,Male,3.0,5,Fashion,5,Married,6,1,14.0,1.0,2.0,1.0,233.54000000000002,1,0,1,0,0,0,1,0,1,0,0,0,0,0,1,0
50044,0,11.0,Phone,3,6.0,Debit Card,Female,2.0,4,Laptop & Accessory,2,Single,5,0,22.0,1.0,1.0,1.0,186.86,0,0,1,0,0,1,0,0,0,0,1,0,0,0,0,1
50434,0,5.0,Computer,1,30.0,Debit Card,Male,3.0,3,Laptop & Accessory,2,Divorced,2,0,15.0,2.0,4.0,7.0,153.09,1,1,0,0,0,1,0,0,0,0,1,0,0,1,0,0
52563,0,0.0,Phone,1,15.0,Credit Card,Male,3.0,1,Mobile,3,Married,2,0,16.0,0.0,1.0,4.0,144.01,1,0,1,0,1,0,0,0,0,0,0,1,0,0,1,0
53554,0,7.0,Phone,2,9.0,Upi,Male,3.0,4,Mobile,3,Divorced,3,0,14.0,1.0,2.0,5.0,161.0,1,0,1,0,0,0,0,1,0,0,0,1,0,1,0,0
51637,0,9.0,Phone,1,9.0,Cash On Delivery,Male,1.0,3,Laptop & Accessory,4,Single,5,0,12.0,2.0,7.0,7.0,144.85,1,0,1,1,0,0,0,0,0,0,1,0,0,0,0,1
52307,0,8.0,Computer,1,10.0,Debit Card,Male,2.0,3,Laptop & Accessory,3,Single,2,1,11.0,1.0,1.0,1.0,142.49,1,1,0,0,0,1,0,0,0,0,1,0,0,0,0,1
53594,0,3.0,Phone,1,14.0,Debit Card,Male,3.0,4,Laptop & Accessory,2,Married,3,1,12.0,1.0,2.0,1.0,191.23,1,0,1,0,0,1,0,0,0,0,1,0,0,0,1,0
50682,0,25.0,Phone,1,13.0,Debit Card,Male,2.0,3,Fashion,4,Single,8,0,19.0,3.0,4.0,0.0,204.45,1,0,1,0,0,1,0,0,1,0,0,0,0,0,0,1
51455,0,0.0,Phone,1,21.0,Credit Card,Female,2.9315348837209303,3,Mobile,1,Single,2,0,15.0,1.0,1.0,0.0,128.71,0,0,1,0,1,0,0,0,0,0,0,1,0,0,0,1
53130,1,1.0,Computer,1,27.0,Debit Card,Male,4.0,4,Fashion,3,Divorced,5,0,13.0,2.0,2.0,3.0,223.24,1,1,0,0,0,1,0,0,1,0,0,0,0,1,0,0
53235,0,21.0,Computer,3,10.0,Credit Card,Female,3.0,4,Grocery,3,Married,11,1,13.0,1.0,12.0,14.0,262.7,0,1,0,0,1,0,0,0,0,1,0,0,0,0,1,0
50349,0,22.0,Phone,1,24.0,Debit Card,Male,2.0,4,Others,3,Married,2,1,15.0,0.0,1.0,9.0,295.02,1,0,1,0,0,1,0,0,0,0,0,0,1,0,1,0
53357,1,1.0,Phone,1,10.0,Debit Card,Female,3.0,4,Laptop & Accessory,3,Divorced,2,1,20.0,2.0,2.0,3.0,166.71,0,0,1,0,0,1,0,0,0,0,1,0,0,1,0,0
52200,0,18.0,Phone,1,13.0,Credit Card,Female,2.0,3,Mobile,3,Married,5,1,19.0,0.0,1.0,2.0,144.77,0,0,1,0,1,0,0,0,0,0,0,1,0,0,1,0
54582,1,1.0,Phone,1,32.0,Cash On Delivery,Female,4.0,5,Mobile,4,Married,7,0,17.0,2.0,2.0,2.0,150.46,0,0,1,1,0,0,0,0,0,0,0,1,0,0,1,0
50151,0,10.0,Computer,1,6.0,Credit Card,Female,0.0,3,Fashion,2,Married,3,1,18.0,0.0,2.0,2.0,236.02999999999997,0,1,0,0,1,0,0,0,1,0,0,0,0,0,1,0
52227,0,5.0,Computer,1,8.0,Debit Card,Female,2.0,3,Laptop & Accessory,3,Single,5,1,14.0,1.0,1.0,7.0,149.98,0,1,0,0,0,1,0,0,0,0,1,0,0,0,0,1
51714,1,3.0,Phone,3,28.0,E Wallet,Male,3.0,4,Laptop & Accessory,3,Married,3,1,12.0,1.0,1.0,0.0,163.8,1,0,1,0,0,0,1,0,0,0,1,0,0,0,1,0
52076,0,3.0,Phone,1,14.0,Debit Card,Female,3.0,1,Fashion,5,Married,1,1,12.0,0.0,1.0,3.0,214.16000000000003,0,0,1,0,0,1,0,0,1,0,0,0,0,0,1,0
55302,0,4.0,Phone,1,14.0,Credit Card,Male,3.0,5,Mobile,4,Married,3,0,13.0,2.0,2.0,2.0,146.41,1,0,1,0,1,0,0,0,0,0,0,1,0,0,1,0
53137,0,15.0,Computer,3,17.0,Debit Card,Male,3.0,4,Laptop & Accessory,2,Single,9,0,15.0,1.0,2.0,11.0,187.3,1,1,0,0,0,1,0,0,0,0,1,0,0,0,0,1
52385,1,0.0,Phone,2,15.0,Cash On Delivery,Female,2.9315348837209303,3,Mobile,3,Married,2,0,15.0,2.0,2.0,2.0,127.41999999999999,0,0,1,1,0,0,0,0,0,0,0,1,0,0,1,0
54938,1,1.0,Phone,1,17.0,Debit Card,Female,3.0,5,Mobile,5,Single,3,0,14.0,1.0,2.0,1.0,139.16,0,0,1,0,0,1,0,0,0,0,0,1,0,0,0,1
55229,1,1.0,Computer,1,9.0,Credit Card,Male,3.0,5,Mobile,5,Single,9,0,12.0,2.0,2.0,1.0,150.61,1,1,0,0,1,0,0,0,0,0,0,1,0,0,0,1
51840,0,7.0,Phone,3,14.0,Cash On Delivery,Female,2.0,3,Mobile,3,Married,2,1,18.0,1.0,1.0,6.0,125.78999999999999,0,0,1,1,0,0,0,0,0,0,0,1,0,0,1,0
53616,0,16.0,Phone,1,14.0,Credit Card,Female,4.0,2,Laptop & Accessory,4,Divorced,8,1,17.0,1.0,2.0,1.0,148.72,0,0,1,0,1,0,0,0,0,0,1,0,0,1,0,0
52723,0,22.0,Computer,1,8.0,Debit Card,Male,2.0,3,Others,1,Married,4,0,15.0,1.0,4.0,3.0,291.61,1,1,0,0,0,1,0,0,0,0,0,0,1,0,1,0
53930,0,5.0,Computer,1,31.0,Cash On Delivery,Female,2.0,4,Laptop & Accessory,1,Single,4,0,21.0,2.0,2.0,5.0,177.38,0,1,0,1,0,0,0,0,0,0,1,0,0,0,0,1
55111,0,5.0,Computer,3,9.0,Debit Card,Female,3.0,4,Fashion,3,Married,3,1,20.0,9.0,10.0,3.0,223.52,0,1,0,0,0,1,0,0,1,0,0,0,0,0,1,0
54602,0,16.0,Computer,1,12.0,Upi,Male,4.0,4,Mobile,3,Married,6,0,18.0,1.0,3.0,1.0,145.93,1,1,0,0,0,0,0,1,0,0,0,1,0,0,1,0
54927,0,24.0,Phone,1,9.0,Credit Card,Male,4.0,4,Others,3,Married,4,1,15.0,5.0,8.0,8.0,317.37,1,0,1,0,1,0,0,0,0,0,0,0,1,0,1,0
54204,0,1.0,Computer,3,15.0,Debit Card,Male,3.0,4,Fashion,3,Single,3,0,16.0,2.0,2.0,3.0,212.26,1,1,0,0,0,1,0,0,1,0,0,0,0,0,0,1
54284,0,25.0,Phone,1,13.0,Debit Card,Male,3.0,4,Others,3,Single,9,0,15.0,9.0,16.0,16.0,320.37,1,0,1,0,0,1,0,0,0,0,0,0,1,0,0,1
52810,0,0.0,Phone,3,11.0,Upi,Female,2.9315348837209303,4,Mobile,3,Single,1,0,18.0,1.0,1.0,0.0,129.66,0,0,1,0,0,0,0,1,0,0,0,1,0,0,0,1
51676,0,16.0,Computer,1,16.0,Debit Card,Female,2.0,4,Laptop & Accessory,3,Married,2,0,11.0,1.0,1.0,0.0,152.57,0,1,0,0,0,1,0,0,0,0,1,0,0,0,1,0
50284,0,25.0,Phone,1,10.0,Debit Card,Female,1.0,3,Grocery,2,Divorced,3,0,13.0,1.0,1.0,4.0,265.55,0,0,1,0,0,1,0,0,0,1,0,0,0,1,0,0
52551,1,9.0,Phone,1,8.0,Debit Card,Male,3.0,3,Mobile,4,Single,2,0,12.0,0.0,1.0,0.0,113.93,1,0,1,0,0,1,0,0,0,0,0,1,0,0,0,1
51796,0,4.0,Phone,3,8.0,Debit Card,Male,3.0,3,Laptop & Accessory,1,Single,5,1,13.0,1.0,1.0,5.0,165.82,1,0,1,0,0,1,0,0,0,0,1,0,0,0,0,1
50859,0,7.0,Phone,1,8.0,Cash On Delivery,Female,3.0,3,Laptop & Accessory,2,Single,2,0,11.0,1.0,4.0,11.0,166.87,0,0,1,1,0,0,0,0,0,0,1,0,0,0,0,1
51891,0,3.0,Phone,3,33.0,E Wallet,Male,3.0,3,Laptop & Accessory,1,Married,8,0,23.0,2.0,7.0,7.0,153.04,1,0,1,0,0,0,1,0,0,0,1,0,0,0,1,0
50111,0,16.0,Phone,3,22.0,E Wallet,Female,3.0,3,Grocery,2,Divorced,6,1,22.0,0.0,2.0,9.0,260.64,0,0,1,0,0,0,1,0,0,1,0,0,0,1,0,0
55627,0,13.0,Phone,1,13.0,Credit Card,Male,3.0,5,Fashion,5,Married,6,0,16.0,1.0,2.0,3.0,224.91,1,0,1,0,1,0,0,0,1,0,0,0,0,0,1,0
50737,0,19.0,Phone,3,8.0,E Wallet,Female,3.0,3,Grocery,5,Divorced,9,0,23.0,1.0,15.0,9.0,270.48,0,0,1,0,0,0,1,0,0,1,0,0,0,1,0,0
53811,0,12.0,Phone,3,23.0,Debit Card,Female,3.0,4,Laptop & Accessory,4,Single,4,0,13.0,1.0,2.0,3.0,166.98,0,0,1,0,0,1,0,0,0,0,1,0,0,0,0,1
52426,0,19.0,Phone,3,9.0,Debit Card,Female,2.0,3,Grocery,4,Married,9,0,12.0,1.0,5.0,1.0,266.06,0,0,1,0,0,1,0,0,0,1,0,0,0,0,1,0
50819,0,19.0,Phone,2,6.0,Debit Card,Female,2.0,3,Mobile,5,Single,7,0,12.0,3.0,5.0,7.0,134.23,0,0,1,0,0,1,0,0,0,0,0,1,0,0,0,1
52685,1,0.0,Phone,1,14.0,Debit Card,Male,3.0,3,Mobile,4,Single,2,1,23.0,1.0,1.0,0.0,124.72,1,0,1,0,0,1,0,0,0,0,0,1,0,0,0,1
54158,0,1.0,Phone,1,11.0,Debit Card,Male,3.0,2,Laptop & Accessory,4,Married,3,1,21.0,2.0,2.0,4.0,186.42,1,0,1,0,0,1,0,0,0,0,1,0,0,0,1,0
51496,0,13.0,Computer,1,32.0,Credit Card,Female,2.0,3,Laptop & Accessory,4,Married,2,0,11.0,0.0,2.0,13.0,156.05,0,1,0,0,1,0,0,0,0,0,1,0,0,0,1,0
52993,0,2.0,Phone,1,23.0,Credit Card,Male,4.0,3,Laptop & Accessory,5,Single,2,0,20.0,1.0,2.0,8.0,181.61,1,0,1,0,1,0,0,0,0,0,1,0,0,0,0,1
52700,1,19.0,Phone,1,14.0,Debit Card,Male,3.0,3,Mobile,1,Single,2,0,16.0,0.0,1.0,0.0,125.87,1,0,1,0,0,1,0,0,0,0,0,1,0,0,0,1
51541,0,10.0,Phone,1,27.0,Debit Card,Male,3.0,1,Mobile,5,Married,2,1,12.0,1.0,1.0,7.0,135.64,1,0,1,0,0,1,0,0,0,0,0,1,0,0,1,0
51335,0,2.0,Phone,1,19.0,Upi,Male,2.0,4,Laptop & Accessory,4,Married,5,1,13.0,1.0,1.0,3.0,140.25,1,0,1,0,0,0,0,1,0,0,1,0,0,0,1,0
53480,1,8.0,Phone,2,7.0,Credit Card,Male,4.0,5,Fashion,5,Divorced,11,0,15.0,3.0,4.0,3.0,229.82,1,0,1,0,1,0,0,0,1,0,0,0,0,1,0,0
52359,0,3.0,Phone,3,13.0,E Wallet,Female,3.0,3,Laptop & Accessory,5,Married,8,0,14.0,1.0,1.0,2.0,147.79,0,0,1,0,0,0,1,0,0,0,1,0,0,0,1,0
53682,0,6.0,Phone,3,9.0,E Wallet,Male,3.0,4,Laptop & Accessory,4,Divorced,2,1,14.0,1.0,2.0,3.0,165.78,1,0,1,0,0,0,1,0,0,0,1,0,0,1,0,0
54380,0,28.0,Phone,3,10.0,E Wallet,Female,3.0,4,Laptop & Accessory,5,Married,4,0,15.0,2.0,2.0,6.0,184.4,0,0,1,0,0,0,1,0,0,0,1,0,0,0,1,0
55056,0,5.0,Phone,1,18.0,Credit Card,Male,4.0,4,Laptop & Accessory,5,Married,3,1,13.0,2.0,2.0,2.0,193.33,1,0,1,0,1,0,0,0,0,0,1,0,0,0,1,0
52689,0,9.0,Phone,1,13.0,Debit Card,Male,2.0,3,Mobile,5,Single,4,0,14.0,0.0,1.0,2.0,120.62,1,0,1,0,0,1,0,0,0,0,0,1,0,0,0,1
50728,0,2.0,Phone,1,12.0,Credit Card,Female,2.9315348837209303,3,Mobile,2,Divorced,2,0,13.0,0.0,1.0,8.0,131.31,0,0,1,0,1,0,0,0,0,0,0,1,0,1,0,0
54770,0,17.0,Phone,1,21.0,Debit Card,Male,4.0,4,Grocery,5,Married,8,0,15.0,2.0,2.0,1.0,296.59,1,0,1,0,0,1,0,0,0,1,0,0,0,0,1,0
53244,0,14.0,Phone,1,9.0,Credit Card,Female,3.0,5,Mobile,2,Single,2,1,21.0,3.0,3.0,4.0,148.42,0,0,1,0,1,0,0,0,0,0,0,1,0,0,0,1
55517,0,15.0,Phone,3,15.0,E Wallet,Female,3.0,4,Laptop & Accessory,4,Married,7,0,22.0,1.0,2.0,5.0,168.93,0,0,1,0,0,0,1,0,0,0,1,0,0,0,1,0
54370,0,20.0,Phone,1,7.0,Credit Card,Male,4.0,4,Fashion,5,Married,9,0,17.0,1.0,2.0,3.0,218.96,1,0,1,0,1,0,0,0,1,0,0,0,0,0,1,0
52936,0,5.0,Computer,1,10.0,Credit Card,Male,4.0,4,Fashion,3,Married,11,0,13.0,1.0,3.0,3.0,261.75,1,1,0,0,1,0,0,0,1,0,0,0,0,0,1,0
53962,1,1.0,Phone,3,14.0,E Wallet,Male,3.0,4,Mobile,4,Single,3,0,14.0,2.0,2.0,1.0,151.79,1,0,1,0,0,0,1,0,0,0,0,1,0,0,0,1
50558,0,5.0,Computer,1,14.0,Debit Card,Female,3.0,4,Mobile,4,Divorced,7,0,20.0,1.0,1.0,2.0,123.32,0,1,0,0,0,1,0,0,0,0,0,1,0,1,0,0
52435,0,10.0,Phone,1,19.0,Credit Card,Male,2.0,3,Laptop & Accessory,1,Married,2,0,17.0,2.0,3.0,7.0,142.85,1,0,1,0,1,0,0,0,0,0,1,0,0,0,1,0
55038,0,20.0,Phone,1,9.0,Cash On Delivery,Male,3.0,4,Laptop & Accessory,1,Married,4,0,12.0,1.0,2.0,5.0,198.79,1,0,1,1,0,0,0,0,0,0,1,0,0,0,1,0
51372,1,0.0,Computer,1,22.0,Debit Card,Female,3.0,5,Mobile,5,Single,2,1,22.0,0.0,6.0,7.0,139.19,0,1,0,0,0,1,0,0,0,0,0,1,0,0,0,1
51804,0,13.0,Computer,3,34.0,Upi,Male,2.0,5,Fashion,5,Married,4,0,15.0,0.0,1.0,3.0,209.32,1,1,0,0,0,0,0,1,1,0,0,0,0,0,1,0
51350,0,0.0,Phone,1,8.0,Credit Card,Male,2.0,3,Mobile,4,Married,10,0,12.0,1.0,2.0,2.0,134.68,1,0,1,0,1,0,0,0,0,0,0,1,0,0,1,0
53305,1,1.0,Computer,1,12.0,Credit Card,Female,3.0,5,Mobile,3,Divorced,3,1,15.0,1.0,2.0,8.0,148.66,0,1,0,0,1,0,0,0,0,0,0,1,0,1,0,0
52541,0,22.0,Phone,1,7.0,Debit Card,Male,2.0,3,Grocery,3,Single,5,0,14.0,1.0,2.0,0.0,253.79000000000002,1,0,1,0,0,1,0,0,0,1,0,0,0,0,0,1
51361,0,2.0,Phone,1,27.0,Debit Card,Female,2.0,1,Fashion,5,Married,2,0,11.0,6.0,8.0,8.0,199.8,0,0,1,0,0,1,0,0,1,0,0,0,0,0,1,0
54751,0,7.0,Phone,1,14.0,Credit Card,Male,3.0,4,Fashion,3,Married,2,0,12.0,2.0,2.0,8.0,241.91000000000003,1,0,1,0,1,0,0,0,1,0,0,0,0,0,1,0
52764,0,11.0,Computer,1,12.0,Debit Card,Male,3.0,4,Laptop & Accessory,3,Married,3,0,11.0,2.0,7.0,7.0,153.21,1,1,0,0,0,1,0,0,0,0,1,0,0,0,1,0
51248,0,12.0,Phone,1,15.0,Credit Card,Male,2.0,3,Laptop & Accessory,5,Married,2,0,25.0,4.0,7.0,9.0,151.51,1,0,1,0,1,0,0,0,0,0,1,0,0,0,1,0
53013,0,6.0,Phone,1,9.0,Credit Card,Female,4.0,3,Laptop & Accessory,2,Single,9,0,17.0,2.0,2.0,8.0,175.55,0,0,1,0,1,0,0,0,0,0,1,0,0,0,0,1
55308,0,23.0,Phone,1,32.0,Debit Card,Female,3.0,4,Mobile,5,Married,3,0,15.0,2.0,2.0,5.0,157.11,0,0,1,0,0,1,0,0,0,0,0,1,0,0,1,0
54720,0,12.0,Phone,1,9.0,Credit Card,Male,4.0,4,Mobile,3,Married,8,1,14.0,1.0,2.0,2.0,155.57,1,0,1,0,1,0,0,0,0,0,0,1,0,0,1,0
50801,0,15.0,Phone,1,14.0,Credit Card,Female,3.0,1,Laptop & Accessory,4,Divorced,7,1,16.0,0.0,1.0,0.0,123.72,0,0,1,0,1,0,0,0,0,0,1,0,0,1,0,0
53395,0,9.0,Phone,3,10.0,Debit Card,Male,4.0,4,Fashion,2,Married,8,0,14.0,1.0,2.0,9.0,203.23,1,0,1,0,0,1,0,0,1,0,0,0,0,0,1,0
52960,0,10.0,Phone,1,13.0,Debit Card,Male,3.0,4,Mobile,2,Divorced,2,0,12.0,5.0,11.0,12.0,157.1,1,0,1,0,0,1,0,0,0,0,0,1,0,1,0,0
52918,0,3.0,Computer,3,7.0,Credit Card,Female,3.0,4,Fashion,2,Divorced,3,0,15.0,5.0,5.0,2.0,204.18,0,1,0,0,1,0,0,0,1,0,0,0,0,1,0,0
54709,0,17.0,Computer,3,22.0,Debit Card,Male,3.0,5,Laptop & Accessory,1,Married,5,0,19.0,2.0,3.0,3.0,193.04,1,1,0,0,0,1,0,0,0,0,1,0,0,0,1,0
51011,0,19.0,Phone,3,6.0,Debit Card,Male,2.0,1,Grocery,5,Single,2,0,15.0,1.0,1.0,12.0,275.67,1,0,1,0,0,1,0,0,0,1,0,0,0,0,0,1
55444,0,2.0,Phone,1,8.0,Debit Card,Male,3.0,4,Mobile,1,Married,3,0,12.0,1.0,2.0,4.0,145.44,1,0,1,0,0,1,0,0,0,0,0,1,0,0,1,0
51480,0,0.0,Phone,2,31.0,Debit Card,Female,2.9315348837209303,3,Mobile,3,Married,2,0,23.0,2.0,5.0,7.0,129.42,0,0,1,0,0,1,0,0,0,0,0,1,0,0,1,0
54238,0,19.0,Phone,1,13.0,Upi,Male,3.0,4,Fashion,5,Married,6,1,15.0,2.0,2.0,1.0,257.45,1,0,1,0,0,0,0,1,1,0,0,0,0,0,1,0
55349,0,3.0,Phone,3,12.0,Credit Card,Male,3.0,5,Laptop & Accessory,4,Married,3,1,14.0,1.0,2.0,10.0,166.87,1,0,1,0,1,0,0,0,0,0,1,0,0,0,1,0
53371,0,10.0,Phone,1,14.0,Upi,Male,4.0,4,Mobile,2,Single,4,0,19.0,1.0,2.0,2.0,171.78,1,0,1,0,0,0,0,1,0,0,0,1,0,0,0,1
51725,0,28.0,Phone,1,8.0,Debit Card,Female,3.0,3,Grocery,1,Single,3,1,13.0,1.0,1.0,2.0,266.59,0,0,1,0,0,1,0,0,0,1,0,0,0,0,0,1
51131,1,0.0,Phone,3,22.0,Debit Card,Female,3.0,3,Fashion,5,Single,3,1,20.0,0.0,1.0,0.0,185.64,0,0,1,0,0,1,0,0,1,0,0,0,0,0,0,1
51781,1,0.0,Phone,1,21.0,Credit Card,Male,2.0,3,Fashion,3,Married,8,1,12.0,3.0,2.0,7.0,236.10000000000002,1,0,1,0,1,0,0,0,1,0,0,0,0,0,1,0
50685,0,1.0,Phone,1,9.0,Credit Card,Female,3.0,3,Fashion,4,Married,1,0,17.0,0.0,1.0,7.0,176.55,0,0,1,0,1,0,0,0,1,0,0,0,0,0,1,0
50260,0,9.0,Phone,3,8.0,Credit Card,Male,3.0,4,Fashion,3,Divorced,2,0,13.0,9.0,9.0,0.0,175.96,1,0,1,0,1,0,0,0,1,0,0,0,0,1,0,0
52825,1,1.0,Phone,1,32.0,Debit Card,Male,3.0,6,Mobile,3,Single,3,0,13.0,2.0,2.0,2.0,147.93,1,0,1,0,0,1,0,0,0,0,0,1,0,0,0,1
52020,0,30.0,Phone,1,11.0,Cash On Delivery,Female,2.0,4,Fashion,4,Married,3,1,13.0,1.0,1.0,4.0,205.52,0,0,1,1,0,0,0,0,1,0,0,0,0,0,1,0
53084,0,8.0,Computer,3,11.0,E Wallet,Female,4.0,4,Laptop & Accessory,3,Divorced,11,0,16.0,2.0,2.0,3.0,190.38,0,1,0,0,0,0,1,0,0,0,1,0,0,1,0,0
53925,0,21.0,Computer,3,9.0,E Wallet,Male,3.0,4,Laptop & Accessory,4,Married,9,0,12.0,1.0,2.0,1.0,174.78,1,1,0,0,0,0,1,0,0,0,1,0,0,0,1,0
51102,0,5.0,Computer,1,16.0,Debit Card,Male,2.0,3,Mobile,3,Married,7,0,13.0,0.0,1.0,3.0,134.33,1,1,0,0,0,1,0,0,0,0,0,1,0,0,1,0
53800,0,4.0,Phone,3,36.0,Cash On Delivery,Male,3.0,4,Fashion,4,Married,5,0,13.0,1.0,2.0,3.0,217.5,1,0,1,1,0,0,0,0,1,0,0,0,0,0,1,0
55060,0,23.0,Phone,1,11.0,Credit Card,Male,3.0,5,Others,3,Married,4,0,15.0,1.0,2.0,1.0,312.11,1,0,1,0,1,0,0,0,0,0,0,0,1,0,1,0
52846,0,3.0,Computer,1,7.0,Cash On Delivery,Male,3.0,4,Laptop & Accessory,3,Divorced,3,0,14.0,1.0,2.0,10.0,168.19,1,1,0,1,0,0,0,0,0,0,1,0,0,1,0,0
54110,0,16.0,Phone,1,25.0,Debit Card,Male,3.0,4,Laptop & Accessory,5,Married,8,1,18.0,1.0,2.0,3.0,179.1,1,0,1,0,0,1,0,0,0,0,1,0,0,0,1,0
52135,1,7.0,Phone,2,6.0,Credit Card,Male,3.0,4,Fashion,5,Married,10,0,14.0,2.0,3.0,6.0,204.82,1,0,1,0,1,0,0,0,1,0,0,0,0,0,1,0
52343,1,0.0,Phone,1,14.0,Debit Card,Female,2.0,3,Mobile,3,Single,2,1,13.0,4.0,7.0,7.0,123.94,0,0,1,0,0,1,0,0,0,0,0,1,0,0,0,1
53273,0,14.0,Computer,1,9.0,Credit Card,Female,3.0,2,Laptop & Accessory,4,Divorced,3,0,25.0,1.0,4.0,8.0,167.44,0,1,0,0,1,0,0,0,0,0,1,0,0,1,0,0
55062,0,22.0,Phone,1,9.0,Cash On Delivery,Male,4.0,2,Mobile,4,Single,7,0,12.0,1.0,2.0,1.0,150.59,1,0,1,1,0,0,0,0,0,0,0,1,0,0,0,1
54225,0,10.0,Phone,1,15.0,Cash On Delivery,Female,3.0,4,Fashion,3,Married,3,0,14.0,8.0,13.0,3.0,225.96,0,0,1,1,0,0,0,0,1,0,0,0,0,0,1,0
54191,0,7.0,Phone,1,9.0,Credit Card,Male,4.0,4,Mobile,1,Single,6,0,12.0,1.0,2.0,1.0,149.96,1,0,1,0,1,0,0,0,0,0,0,1,0,0,0,1
55020,0,3.0,Phone,1,22.0,Debit Card,Female,4.0,6,Mobile,1,Married,2,1,19.0,2.0,2.0,4.0,146.68,0,0,1,0,0,1,0,0,0,0,0,1,0,0,1,0
51196,0,15.0,Computer,1,16.0,Cash On Delivery,Male,2.9315348837209303,3,Mobile,3,Married,4,0,22.0,1.0,3.0,3.0,129.36,1,1,0,1,0,0,0,0,0,0,0,1,0,0,1,0
54288,1,1.0,Phone,3,29.0,E Wallet,Male,3.0,4,Mobile,3,Single,3,1,20.0,2.0,2.0,1.0,141.75,1,0,1,0,0,0,1,0,0,0,0,1,0,0,0,1
54842,0,12.0,Phone,1,7.0,Cash On Delivery,Female,4.0,4,Fashion,5,Married,3,0,14.0,5.0,6.0,12.0,260.82,0,0,1,1,0,0,0,0,1,0,0,0,0,0,1,0
51329,0,9.0,Phone,3,17.0,E Wallet,Female,3.0,4,Laptop & Accessory,1,Married,5,0,13.0,1.0,1.0,0.0,166.52,0,0,1,0,0,0,1,0,0,0,1,0,0,0,1,0
52938,0,8.0,Phone,1,9.0,Debit Card,Male,3.0,5,Laptop & Accessory,5,Divorced,8,0,14.0,1.0,6.0,10.0,184.57,1,0,1,0,0,1,0,0,0,0,1,0,0,1,0,0
54628,0,11.0,Computer,3,16.0,Credit Card,Male,4.0,4,Fashion,4,Married,3,0,14.0,2.0,8.0,3.0,213.34,1,1,0,0,1,0,0,0,1,0,0,0,0,0,1,0
50382,0,10.0,Phone,1,9.0,Upi,Male,2.0,3,Fashion,3,Divorced,2,0,15.0,6.0,7.0,8.0,194.34,1,0,1,0,0,0,0,1,1,0,0,0,0,1,0,0
52271,0,15.0,Phone,1,14.0,Credit Card,Female,3.0,1,Laptop & Accessory,4,Married,7,1,16.0,0.0,1.0,0.0,123.72,0,0,1,0,1,0,0,0,0,0,1,0,0,0,1,0
51450,0,10.0,Computer,1,8.0,Debit Card,Male,3.0,4,Laptop & Accessory,1,Married,6,0,14.0,1.0,1.0,0.0,151.63,1,1,0,0,0,1,0,0,0,0,1,0,0,0,1,0
50368,0,21.0,Phone,1,6.0,Debit Card,Female,2.0,4,Grocery,5,Divorced,8,0,11.0,0.0,2.0,2.0,254.01999999999998,0,0,1,0,0,1,0,0,0,1,0,0,0,1,0,0
53640,0,13.0,Phone,1,25.0,Debit Card,Male,3.0,4,Laptop & Accessory,3,Single,2,0,12.0,1.0,2.0,8.0,170.34,1,0,1,0,0,1,0,0,0,0,1,0,0,0,0,1
50424,0,16.0,Computer,3,21.0,Debit Card,Male,2.0,4,Laptop & Accessory,2,Divorced,4,0,18.0,0.0,2.0,2.0,168.04,1,1,0,0,0,1,0,0,0,0,1,0,0,1,0,0
51672,0,12.0,Computer,1,13.0,Credit Card,Male,2.0,4,Others,1,Married,2,0,15.0,6.0,13.0,3.0,292.72,1,1,0,0,1,0,0,0,0,0,0,0,1,0,1,0
52099,0,12.0,Computer,1,28.0,Credit Card,Female,2.0,3,Fashion,5,Single,2,1,13.0,1.0,2.0,8.0,208.8,0,1,0,0,1,0,0,0,1,0,0,0,0,0,0,1
52273,0,9.0,Phone,1,8.0,Debit Card,Female,2.0,3,Laptop & Accessory,4,Single,10,1,11.0,4.0,5.0,12.0,154.1,0,0,1,0,0,1,0,0,0,0,1,0,0,0,0,1
55367,0,1.0,Computer,1,14.0,Credit Card,Male,4.0,4,Mobile,1,Single,3,0,21.0,1.0,6.0,8.0,150.7,1,1,0,0,1,0,0,0,0,0,0,1,0,0,0,1
54045,1,20.0,Phone,1,31.0,Debit Card,Male,4.0,4,Mobile,1,Single,3,0,17.0,1.0,2.0,1.0,150.87,1,0,1,0,0,1,0,0,0,0,0,1,0,0,0,1
55126,0,1.0,Phone,1,26.0,Credit Card,Male,4.0,4,Mobile,1,Married,5,0,12.0,1.0,2.0,3.0,161.69,1,0,1,0,1,0,0,0,0,0,0,1,0,0,1,0
55441,0,11.0,Phone,2,15.0,Upi,Male,3.0,4,Laptop & Accessory,4,Married,4,0,14.0,4.0,5.0,8.0,165.71,1,0,1,0,0,0,0,1,0,0,1,0,0,0,1,0
54610,0,13.0,Computer,1,15.0,Debit Card,Female,3.0,4,Mobile,3,Married,3,0,12.0,2.0,2.0,8.0,162.55,0,1,0,0,0,1,0,0,0,0,0,1,0,0,1,0
55531,0,21.0,Computer,1,21.0,Cash On Delivery,Male,4.0,4,Laptop & Accessory,4,Married,10,0,19.0,1.0,2.0,8.0,179.67,1,1,0,1,0,0,0,0,0,0,1,0,0,0,1,0
50419,0,17.0,Computer,1,30.0,Credit Card,Male,2.0,5,Mobile,3,Single,3,0,14.0,0.0,1.0,4.0,137.08,1,1,0,0,1,0,0,0,0,0,0,1,0,0,0,1
51105,0,13.0,Phone,1,14.0,Debit Card,Female,3.0,3,Laptop & Accessory,5,Married,3,1,16.0,0.0,1.0,0.0,165.16,0,0,1,0,0,1,0,0,0,0,1,0,0,0,1,0
51475,0,22.0,Phone,1,26.0,Credit Card,Female,3.0,3,Laptop & Accessory,5,Married,2,0,14.0,5.0,5.0,11.0,165.67,0,0,1,0,1,0,0,0,0,0,1,0,0,0,1,0
51822,0,9.0,Phone,1,23.0,Upi,Male,3.0,4,Mobile,4,Married,2,0,21.0,1.0,1.0,0.0,121.27000000000001,1,0,1,0,0,0,0,1,0,0,0,1,0,0,1,0
55006,0,14.0,Computer,1,33.0,Credit Card,Female,4.0,5,Laptop & Accessory,1,Married,5,1,14.0,1.0,2.0,1.0,169.22,0,1,0,0,1,0,0,0,0,0,1,0,0,0,1,0
54038,0,10.0,Computer,2,9.0,Upi,Male,4.0,5,Laptop & Accessory,1,Single,3,0,22.0,2.0,2.0,9.0,163.86,1,1,0,0,0,0,0,1,0,0,1,0,0,0,0,1
50375,0,6.0,Phone,3,14.0,E Wallet,Male,2.0,3,Laptop & Accessory,3,Married,1,0,12.0,1.0,1.0,2.0,171.04,1,0,1,0,0,0,1,0,0,0,1,0,0,0,1,0
50437,0,25.0,Phone,3,9.0,E Wallet,Male,2.0,4,Grocery,5,Divorced,2,0,11.0,1.0,1.0,16.0,268.56,1,0,1,0,0,0,1,0,0,1,0,0,0,1,0,0
55052,0,18.0,Phone,1,9.0,Debit Card,Female,4.0,2,Mobile,1,Married,3,0,14.0,2.0,8.0,8.0,145.11,0,0,1,0,0,1,0,0,0,0,0,1,0,0,1,0
54739,0,12.0,Computer,1,9.0,Debit Card,Female,4.0,2,Laptop & Accessory,5,Single,8,1,13.0,1.0,5.0,13.0,184.8,0,1,0,0,0,1,0,0,0,0,1,0,0,0,0,1
51596,1,0.0,Computer,1,16.0,Credit Card,Male,3.0,3,Fashion,3,Married,7,0,11.0,0.0,1.0,0.0,200.48,1,1,0,0,1,0,0,0,1,0,0,0,0,0,1,0
53724,1,1.0,Computer,1,7.0,Debit Card,Female,4.0,2,Fashion,4,Single,3,0,12.0,4.0,5.0,8.0,199.46,0,1,0,0,0,1,0,0,1,0,0,0,0,0,0,1
52597,0,3.0,Phone,3,21.0,E Wallet,Male,3.0,4,Fashion,5,Married,3,0,11.0,1.0,1.0,7.0,171.4,1,0,1,0,0,0,1,0,1,0,0,0,0,0,1,0
52651,0,27.0,Phone,1,13.0,Credit Card,Female,3.0,3,Laptop & Accessory,1,Married,5,0,15.0,1.0,1.0,7.0,168.54,0,0,1,0,1,0,0,0,0,0,1,0,0,0,1,0
53561,0,9.0,Phone,3,24.0,Debit Card,Male,4.0,4,Laptop & Accessory,5,Divorced,5,1,16.0,2.0,2.0,3.0,214.66,1,0,1,0,0,1,0,0,0,0,1,0,0,1,0,0
51098,1,9.0,Phone,2,28.0,Upi,Male,2.0,5,Mobile,3,Married,2,0,11.0,0.0,1.0,0.0,115.55000000000001,1,0,1,0,0,0,0,1,0,0,0,1,0,0,1,0
54151,0,3.0,Phone,1,35.0,Credit Card,Female,4.0,5,Mobile,5,Single,3,0,15.0,1.0,2.0,5.0,162.85,0,0,1,0,1,0,0,0,0,0,0,1,0,0,0,1
54802,0,6.0,Computer,3,12.0,Debit Card,Male,3.0,4,Laptop & Accessory,4,Married,3,0,15.0,3.0,6.0,4.0,190.24,1,1,0,0,0,1,0,0,0,0,1,0,0,0,1,0
54285,1,1.0,Phone,3,13.0,Debit Card,Male,4.0,6,Laptop & Accessory,3,Married,6,1,19.0,1.0,8.0,8.0,186.72,1,0,1,0,0,1,0,0,0,0,1,0,0,0,1,0
55587,0,6.0,Phone,1,36.0,Debit Card,Female,3.0,5,Mobile,4,Single,3,0,14.0,1.0,5.0,2.0,153.37,0,0,1,0,0,1,0,0,0,0,0,1,0,0,0,1
55134,0,9.0,Phone,1,8.0,Credit Card,Female,3.0,5,Laptop & Accessory,1,Married,2,0,13.0,1.0,2.0,1.0,178.63,0,0,1,0,1,0,0,0,0,0,1,0,0,0,1,0
50352,0,9.0,Phone,1,23.0,Upi,Male,3.0,4,Mobile,4,Divorced,2,0,21.0,1.0,1.0,0.0,121.27000000000001,1,0,1,0,0,0,0,1,0,0,0,1,0,1,0,0
51557,0,3.0,Computer,1,6.0,Debit Card,Male,2.0,4,Fashion,3,Single,2,0,22.0,4.0,5.0,8.0,184.74,1,1,0,0,0,1,0,0,1,0,0,0,0,0,0,1
52400,0,22.0,Phone,1,13.0,Debit Card,Male,2.0,3,Fashion,4,Married,4,0,14.0,0.0,1.0,7.0,204.66,1,0,1,0,0,1,0,0,1,0,0,0,0,0,1,0
50761,0,0.0,Phone,3,16.0,Debit Card,Male,2.0,3,Laptop & Accessory,2,Single,1,0,14.0,0.0,1.0,1.0,149.5,1,0,1,0,0,1,0,0,0,0,1,0,0,0,0,1
51769,0,3.0,Computer,3,28.0,Upi,Female,3.0,3,Fashion,5,Married,1,0,11.0,3.0,7.0,8.0,184.12,0,1,0,0,0,0,0,1,1,0,0,0,0,0,1,0
51538,1,0.0,Phone,1,29.0,Debit Card,Male,2.0,4,Laptop & Accessory,3,Married,4,1,13.0,1.0,1.0,1.0,159.16,1,0,1,0,0,1,0,0,0,0,1,0,0,0,1,0
54834,0,7.0,Phone,1,7.0,Upi,Male,4.0,5,Mobile,5,Single,5,1,12.0,2.0,2.0,3.0,152.99,1,0,1,0,0,0,0,1,0,0,0,1,0,0,0,1
51458,0,27.0,Computer,2,32.0,Upi,Female,1.0,1,Grocery,1,Single,3,1,12.0,1.0,4.0,4.0,273.28,0,1,0,0,0,0,0,1,0,1,0,0,0,0,0,1
54193,0,4.0,Phone,1,16.0,Credit Card,Male,3.0,5,Mobile,3,Single,3,0,14.0,1.0,2.0,9.0,147.06,1,0,1,0,1,0,0,0,0,0,0,1,0,0,0,1
52802,0,8.0,Computer,1,24.0,Debit Card,Male,3.0,3,Laptop & Accessory,3,Married,2,1,14.0,0.0,1.0,2.0,156.89,1,1,0,0,0,1,0,0,0,0,1,0,0,0,1,0
51846,0,5.0,Phone,1,15.0,Debit Card,Female,3.0,3,Laptop & Accessory,1,Married,2,1,12.0,1.0,1.0,5.0,163.22,0,0,1,0,0,1,0,0,0,0,1,0,0,0,1,0
53805,0,22.0,Phone,1,22.0,Upi,Female,4.0,4,Mobile,5,Married,10,0,13.0,8.0,8.0,7.0,148.67,0,0,1,0,0,0,0,1,0,0,0,1,0,0,1,0
52598,0,7.0,Phone,1,8.0,Credit Card,Male,2.9315348837209303,1,Mobile,1,Married,1,1,14.0,1.0,1.0,2.0,129.32,1,0,1,0,1,0,0,0,0,0,0,1,0,0,1,0
55171,0,29.0,Phone,1,8.0,Credit Card,Male,3.0,2,Grocery,1,Married,4,0,14.0,1.0,2.0,1.0,272.32,1,0,1,0,1,0,0,0,0,1,0,0,0,0,1,0
51337,1,13.0,Phone,3,34.0,E Wallet,Male,2.0,4,Fashion,5,Married,5,1,13.0,0.0,2.0,0.0,208.54000000000002,1,0,1,0,0,0,1,0,1,0,0,0,0,0,1,0
54705,0,21.0,Computer,3,10.0,Credit Card,Female,3.0,4,Grocery,3,Married,11,1,13.0,1.0,12.0,14.0,262.7,0,1,0,0,1,0,0,0,0,1,0,0,0,0,1,0
52440,0,13.0,Phone,3,15.0,Credit Card,Male,2.0,3,Laptop & Accessory,5,Married,1,0,12.0,7.0,7.0,1.0,154.73,1,0,1,0,1,0,0,0,0,0,1,0,0,0,1,0
52515,0,0.0,Phone,1,14.0,Credit Card,Female,2.0,1,Mobile,3,Married,8,0,17.0,0.0,1.0,2.0,135.17,0,0,1,0,1,0,0,0,0,0,0,1,0,0,1,0
54787,0,6.0,Phone,1,15.0,Credit Card,Female,4.0,2,Laptop & Accessory,3,Married,7,0,13.0,2.0,2.0,4.0,176.75,0,0,1,0,1,0,0,0,0,0,1,0,0,0,1,0
51396,1,11.0,Phone,1,6.0,Debit Card,Male,3.0,4,Fashion,3,Single,10,1,13.0,0.0,1.0,0.0,153.81,1,0,1,0,0,1,0,0,1,0,0,0,0,0,0,1
50312,1,0.0,Phone,1,16.0,Credit Card,Male,2.0,5,Mobile,2,Married,8,0,13.0,0.0,1.0,3.0,134.08,1,0,1,0,1,0,0,0,0,0,0,1,0,0,1,0
50951,0,5.0,Phone,1,16.0,Credit Card,Male,0.0,3,Fashion,1,Single,3,0,25.0,0.0,1.0,3.0,212.44,1,0,1,0,1,0,0,0,1,0,0,0,0,0,0,1
51791,0,28.0,Phone,3,24.0,Debit Card,Female,2.0,3,Grocery,4,Single,4,0,23.0,1.0,7.0,8.0,268.35,0,0,1,0,0,1,0,0,0,1,0,0,0,0,0,1
50401,1,0.0,Phone,3,9.0,Debit Card,Female,3.0,3,Laptop & Accessory,3,Single,10,0,14.0,1.0,2.0,0.0,145.77,0,0,1,0,0,1,0,0,0,0,1,0,0,0,0,1
50220,0,8.0,Phone,1,11.0,Cash On Delivery,Male,3.0,3,Fashion,4,Single,1,0,13.0,0.0,1.0,13.0,180.95,1,0,1,1,0,0,0,0,1,0,0,0,0,0,0,1
51417,0,2.0,Phone,1,8.0,Debit Card,Male,2.9315348837209303,3,Mobile,4,Married,1,0,23.0,1.0,1.0,4.0,127.03,1,0,1,0,0,1,0,0,0,0,0,1,0,0,1,0
54723,1,1.0,Phone,1,7.0,Upi,Male,4.0,4,Mobile,1,Single,3,1,14.0,7.0,8.0,9.0,151.86,1,0,1,0,0,0,0,1,0,0,0,1,0,0,0,1
50322,0,14.0,Computer,3,16.0,Debit Card,Male,2.0,3,Laptop & Accessory,2,Single,8,0,14.0,0.0,1.0,10.0,162.3,1,1,0,0,0,1,0,0,0,0,1,0,0,0,0,1
53002,0,19.0,Computer,1,14.0,Debit Card,Male,4.0,4,Fashion,5,Married,3,0,19.0,6.0,10.0,12.0,177.1,1,1,0,0,0,1,0,0,1,0,0,0,0,0,1,0
51573,0,2.0,Computer,3,6.0,Credit Card,Female,2.0,3,Fashion,1,Married,2,0,14.0,4.0,4.0,1.0,179.18,0,1,0,0,1,0,0,0,1,0,0,0,0,0,1,0
51359,0,7.0,Phone,1,25.0,Credit Card,Male,3.0,3,Mobile,1,Married,1,0,11.0,0.0,1.0,2.0,126.61000000000001,1,0,1,0,1,0,0,0,0,0,0,1,0,0,1,0
52215,0,19.0,Phone,1,21.0,Debit Card,Male,2.0,3,Others,4,Married,6,0,11.0,1.0,1.0,3.0,290.81,1,0,1,0,0,1,0,0,0,0,0,0,1,0,1,0
51594,0,10.0,Phone,1,6.0,Credit Card,Female,2.0,4,Mobile,5,Married,3,0,14.0,0.0,1.0,2.0,139.2,0,0,1,0,1,0,0,0,0,0,0,1,0,0,1,0
55212,0,18.0,Computer,3,8.0,E Wallet,Female,4.0,4,Laptop & Accessory,3,Married,9,0,13.0,1.0,2.0,1.0,172.68,0,1,0,0,0,0,1,0,0,0,1,0,0,0,1,0
50985,0,3.0,Phone,3,35.0,Cash On Delivery,Male,2.0,3,Fashion,4,Married,4,0,12.0,0.0,1.0,3.0,192.5,1,0,1,1,0,0,0,0,1,0,0,0,0,0,1,0
54441,0,27.0,Phone,1,10.0,Credit Card,Male,3.0,4,Grocery,3,Married,5,1,15.0,2.0,2.0,4.0,300.84,1,0,1,0,1,0,0,0,0,1,0,0,0,0,1,0
53160,1,1.0,Computer,3,18.0,Upi,Male,3.0,3,Laptop & Accessory,3,Divorced,10,0,13.0,2.0,2.0,3.0,172.07,1,1,0,0,0,0,0,1,0,0,1,0,0,1,0,0
53380,1,1.0,Phone,1,11.0,Cash On Delivery,Male,3.0,4,Mobile,5,Single,3,0,20.0,2.0,2.0,1.0,154.73,1,0,1,1,0,0,0,0,0,0,0,1,0,0,0,1
50316,1,0.0,Computer,2,29.0,Upi,Female,2.0,3,Fashion,5,Married,10,1,15.0,1.0,1.0,2.0,199.5,0,1,0,0,0,0,0,1,1,0,0,0,0,0,1,0
53822,0,8.0,Computer,1,17.0,Cash On Delivery,Male,4.0,5,Laptop & Accessory,3,Married,3,0,15.0,3.0,8.0,8.0,175.63,1,1,0,1,0,0,0,0,0,0,1,0,0,0,1,0
55022,0,20.0,Phone,3,9.0,E Wallet,Female,4.0,4,Grocery,5,Married,10,0,15.0,7.0,16.0,10.0,295.48,0,0,1,0,0,0,1,0,0,1,0,0,0,0,1,0
55482,0,21.0,Phone,1,16.0,Debit Card,Female,4.0,4,Mobile,3,Single,6,0,13.0,1.0,3.0,1.0,146.05,0,0,1,0,0,1,0,0,0,0,0,1,0,0,0,1
54596,1,1.0,Phone,1,22.0,Credit Card,Male,3.0,4,Fashion,3,Married,9,1,13.0,1.0,8.0,8.0,261.1,1,0,1,0,1,0,0,0,1,0,0,0,0,0,1,0
54973,0,17.0,Computer,1,34.0,Debit Card,Female,3.0,4,Fashion,5,Married,10,0,12.0,2.0,2.0,2.0,233.2,0,1,0,0,0,1,0,0,1,0,0,0,0,0,1,0
51289,0,0.0,Phone,1,8.0,Upi,Male,2.0,3,Mobile,3,Married,7,1,19.0,0.0,1.0,2.0,139.77,1,0,1,0,0,0,0,1,0,0,0,1,0,0,1,0
54963,0,7.0,Computer,3,14.0,Debit Card,Female,2.0,4,Laptop & Accessory,4,Married,2,0,18.0,1.0,2.0,3.0,168.02,0,1,0,0,0,1,0,0,0,0,1,0,0,0,1,0
50135,1,0.0,Computer,1,35.0,Credit Card,Male,3.0,4,Mobile,4,Single,1,0,11.0,1.0,1.0,4.0,134.79,1,1,0,0,1,0,0,0,0,0,0,1,0,0,0,1
52696,0,0.0,Phone,3,8.0,Credit Card,Female,2.0,1,Laptop & Accessory,3,Single,1,0,14.0,0.0,1.0,7.0,165.0,0,0,1,0,1,0,0,0,0,0,1,0,0,0,0,1
53553,0,18.0,Computer,1,24.0,Debit Card,Male,4.0,6,Mobile,3,Single,4,0,14.0,2.0,2.0,1.0,147.9,1,1,0,0,0,1,0,0,0,0,0,1,0,0,0,1
53260,0,10.0,Computer,3,15.0,Debit Card,Male,4.0,5,Fashion,5,Single,3,0,16.0,1.0,2.0,10.0,200.87,1,1,0,0,0,1,0,0,1,0,0,0,0,0,0,1
55526,1,1.0,Computer,3,31.0,Cash On Delivery,Male,3.0,2,Mobile,5,Single,3,0,18.0,1.0,2.0,1.0,135.91,1,1,0,1,0,0,0,0,0,0,0,1,0,0,0,1
55597,0,1.0,Phone,3,12.0,Credit Card,Male,3.0,4,Mobile,5,Single,3,1,12.0,2.0,2.0,3.0,148.8,1,0,1,0,1,0,0,0,0,0,0,1,0,0,0,1
50191,0,16.0,Computer,1,14.0,Debit Card,Female,2.0,3,Mobile,2,Single,1,0,19.0,0.0,1.0,7.0,124.55000000000001,0,1,0,0,0,1,0,0,0,0,0,1,0,0,0,1
53240,0,8.0,Phone,1,15.0,Credit Card,Female,4.0,4,Laptop & Accessory,3,Single,5,0,12.0,2.0,5.0,4.0,186.42,0,0,1,0,1,0,0,0,0,0,1,0,0,0,0,1
51948,0,3.0,Phone,1,8.0,Credit Card,Female,2.0,4,Laptop & Accessory,1,Single,6,1,24.0,1.0,1.0,0.0,168.77,0,0,1,0,1,0,0,0,0,0,1,0,0,0,0,1
52322,0,29.0,Phone,1,29.0,Debit Card,Male,3.0,3,Grocery,4,Married,5,1,12.0,13.0,2.0,9.0,234.01999999999998,1,0,1,0,0,1,0,0,0,1,0,0,0,0,1,0
50866,0,6.0,Computer,3,11.0,Debit Card,Male,3.0,3,Laptop & Accessory,2,Divorced,7,0,13.0,1.0,1.0,2.0,199.98,1,1,0,0,0,1,0,0,0,0,1,0,0,1,0,0
54300,0,4.0,Phone,2,16.0,Upi,Male,3.0,4,Laptop & Accessory,1,Married,2,1,20.0,5.0,5.0,8.0,188.47,1,0,1,0,0,0,0,1,0,0,1,0,0,0,1,0
54414,0,16.0,Phone,1,24.0,Debit Card,Female,3.0,2,Laptop & Accessory,5,Single,5,1,14.0,2.0,2.0,3.0,190.45,0,0,1,0,0,1,0,0,0,0,1,0,0,0,0,1
53739,0,8.0,Phone,3,10.0,Upi,Male,3.0,6,Laptop & Accessory,5,Single,5,0,19.0,3.0,4.0,13.0,172.59,1,0,1,0,0,0,0,1,0,0,1,0,0,0,0,1
53135,0,22.0,Phone,3,9.0,E Wallet,Female,3.0,4,Laptop & Accessory,2,Divorced,4,0,15.0,5.0,7.0,8.0,165.51,0,0,1,0,0,0,1,0,0,0,1,0,0,1,0,0
54130,0,10.0,Phone,3,10.0,Credit Card,Female,4.0,5,Fashion,1,Married,2,0,20.0,4.0,4.0,5.0,201.44,0,0,1,0,1,0,0,0,1,0,0,0,0,0,1,0
54316,0,3.0,Computer,1,7.0,Cash On Delivery,Male,3.0,4,Laptop & Accessory,3,Married,3,0,14.0,1.0,2.0,10.0,168.19,1,1,0,1,0,0,0,0,0,0,1,0,0,0,1,0
52642,0,3.0,Phone,1,16.0,Credit Card,Female,3.0,3,Fashion,3,Single,10,0,14.0,0.0,1.0,2.0,196.67,0,0,1,0,1,0,0,0,1,0,0,0,0,0,0,1
51778,0,7.0,Phone,1,8.0,Debit Card,Male,2.9315348837209303,4,Mobile,3,Married,4,0,12.0,3.0,5.0,7.0,127.68,1,0,1,0,0,1,0,0,0,0,0,1,0,0,1,0
53912,0,19.0,Computer,1,7.0,Debit Card,Male,4.0,5,Fashion,3,Married,5,0,24.0,4.0,2.0,5.0,232.48000000000002,1,1,0,0,0,1,0,0,1,0,0,0,0,0,1,0
55320,0,13.0,Computer,1,11.0,Credit Card,Female,3.0,4,Laptop & Accessory,3,Single,2,0,14.0,4.0,4.0,9.0,175.42,0,1,0,0,1,0,0,0,0,0,1,0,0,0,0,1
55160,0,16.0,Phone,2,17.0,Upi,Female,3.0,4,Grocery,5,Married,2,0,15.0,1.0,2.0,10.0,292.99,0,0,1,0,0,0,0,1,0,1,0,0,0,0,1,0
50039,0,30.0,Phone,1,30.0,Debit Card,Male,2.0,2,Fashion,2,Married,4,1,16.0,1.0,1.0,4.0,194.39,1,0,1,0,0,1,0,0,1,0,0,0,0,0,1,0
52609,0,15.0,Phone,1,18.0,Credit Card,Male,2.9315348837209303,3,Mobile,4,Married,9,0,22.0,1.0,1.0,4.0,127.66,1,0,1,0,1,0,0,0,0,0,0,1,0,0,1,0
50230,0,3.0,Computer,3,31.0,Cash On Delivery,Female,2.0,3,Laptop & Accessory,3,Divorced,8,1,12.0,1.0,2.0,2.0,147.36,0,1,0,1,0,0,0,0,0,0,1,0,0,1,0,0
54391,0,26.0,Phone,1,9.0,Debit Card,Female,3.0,5,Mobile,1,Single,9,0,16.0,3.0,3.0,3.0,157.12,0,0,1,0,0,1,0,0,0,0,0,1,0,0,0,1
54635,0,1.0,Phone,1,30.0,Credit Card,Male,3.0,2,Mobile,1,Married,3,1,12.0,1.0,2.0,5.0,152.25,1,0,1,0,1,0,0,0,0,0,0,1,0,0,1,0
52875,0,27.0,Phone,1,20.0,Credit Card,Female,3.0,3,Laptop & Accessory,5,Married,3,0,12.0,2.0,2.0,4.0,169.5,0,0,1,0,1,0,0,0,0,0,1,0,0,0,1,0
53782,0,7.0,Phone,1,32.0,Debit Card,Male,3.0,5,Laptop & Accessory,4,Single,3,0,14.0,1.0,2.0,3.0,168.2,1,0,1,0,0,1,0,0,0,0,1,0,0,0,0,1
54891,0,4.0,Phone,1,15.0,Debit Card,Female,4.0,2,Fashion,5,Married,2,1,13.0,1.0,2.0,8.0,239.16000000000003,0,0,1,0,0,1,0,0,1,0,0,0,0,0,1,0
53567,0,1.0,Phone,3,28.0,E Wallet,Male,3.0,2,Mobile,2,Single,3,0,18.0,1.0,3.0,3.0,151.78,1,0,1,0,0,0,1,0,0,0,0,1,0,0,0,1
53017,0,13.0,Computer,1,6.0,Credit Card,Male,3.0,5,Others,2,Divorced,3,0,15.0,10.0,14.0,4.0,317.72,1,1,0,0,1,0,0,0,0,0,0,0,1,1,0,0
52662,0,16.0,Computer,3,8.0,Debit Card,Male,3.0,3,Laptop & Accessory,1,Married,2,0,20.0,7.0,7.0,7.0,156.75,1,1,0,0,0,1,0,0,0,0,1,0,0,0,1,0
54231,0,31.0,Computer,3,7.0,Debit Card,Female,3.0,5,Laptop & Accessory,3,Single,9,0,12.0,2.0,2.0,4.0,179.73,0,1,0,0,0,1,0,0,0,0,1,0,0,0,0,1
50331,0,6.0,Phone,1,6.0,Credit Card,Female,3.0,2,Grocery,3,Married,5,0,19.0,1.0,1.0,5.0,261.84,0,0,1,0,1,0,0,0,0,1,0,0,0,0,1,0
53584,0,3.0,Phone,1,7.0,Debit Card,Female,4.0,4,Mobile,2,Married,3,0,16.0,1.0,2.0,3.0,162.6,0,0,1,0,0,1,0,0,0,0,0,1,0,0,1,0
50926,0,15.0,Computer,1,15.0,Credit Card,Female,3.0,3,Mobile,1,Single,2,0,13.0,4.0,5.0,8.0,136.73,0,1,0,0,1,0,0,0,0,0,0,1,0,0,0,1
50997,0,9.0,Phone,3,6.0,Debit Card,Female,3.0,3,Laptop & Accessory,3,Single,7,0,13.0,1.0,1.0,0.0,168.15,0,0,1,0,0,1,0,0,0,0,1,0,0,0,0,1
52315,0,21.0,Phone,1,10.0,Debit Card,Male,2.0,3,Fashion,1,Single,2,0,11.0,1.0,1.0,8.0,178.98,1,0,1,0,0,1,0,0,1,0,0,0,0,0,0,1
51881,0,14.0,Phone,2,16.0,Upi,Male,3.0,4,Others,1,Married,4,0,15.0,1.0,12.0,6.0,291.41,1,0,1,0,0,0,0,1,0,0,0,0,1,0,1,0
53523,0,11.0,Phone,1,32.0,Credit Card,Female,3.0,5,Laptop & Accessory,2,Married,9,0,14.0,1.0,2.0,4.0,182.31,0,0,1,0,1,0,0,0,0,0,1,0,0,0,1,0
55207,0,18.0,Phone,1,27.0,Debit Card,Male,3.0,4,Mobile,4,Single,3,0,14.0,2.0,2.0,4.0,159.2,1,0,1,0,0,1,0,0,0,0,0,1,0,0,0,1
54560,0,5.0,Phone,1,7.0,Debit Card,Male,4.0,5,Mobile,5,Married,3,0,13.0,4.0,4.0,3.0,147.18,1,0,1,0,0,1,0,0,0,0,0,1,0,0,1,0
51626,0,26.0,Phone,1,9.0,Credit Card,Male,2.0,3,Grocery,3,Married,4,1,16.0,1.0,1.0,3.0,275.84,1,0,1,0,1,0,0,0,0,1,0,0,0,0,1,0
51095,0,2.0,Phone,1,15.0,Credit Card,Female,2.9315348837209303,3,Mobile,3,Married,10,0,17.0,1.0,1.0,2.0,129.74,0,0,1,0,1,0,0,0,0,0,0,1,0,0,1,0
53295,0,16.0,Phone,1,36.0,Debit Card,Male,4.0,4,Laptop & Accessory,4,Divorced,3,0,14.0,3.0,8.0,9.0,169.34,1,0,1,0,0,1,0,0,0,0,1,0,0,1,0,0
54355,0,19.0,Computer,1,9.0,Credit Card,Male,4.0,5,Grocery,1,Married,11,0,15.0,2.0,12.0,9.0,292.92,1,1,0,0,1,0,0,0,0,1,0,0,0,0,1,0
54080,0,5.0,Computer,1,7.0,Debit Card,Male,3.0,6,Laptop & Accessory,5,Married,3,0,22.0,2.0,9.0,8.0,175.03,1,1,0,0,0,1,0,0,0,0,1,0,0,0,1,0
53338,0,9.0,Phone,1,32.0,Cash On Delivery,Male,4.0,5,Fashion,4,Divorced,5,0,17.0,4.0,2.0,9.0,234.02999999999997,1,0,1,1,0,0,0,0,1,0,0,0,0,1,0,0
54095,0,16.0,Computer,1,30.0,Debit Card,Male,3.0,5,Laptop & Accessory,3,Single,3,0,13.0,3.0,4.0,8.0,168.32,1,1,0,0,0,1,0,0,0,0,1,0,0,0,0,1
52901,1,1.0,Phone,3,11.0,Credit Card,Male,3.0,6,Fashion,2,Divorced,3,0,12.0,8.0,10.0,3.0,229.0,1,0,1,0,1,0,0,0,1,0,0,0,0,1,0,0
50610,0,0.0,Phone,1,14.0,Debit Card,Male,3.0,5,Mobile,5,Divorced,2,0,15.0,1.0,1.0,1.0,124.50999999999999,1,0,1,0,0,1,0,0,0,0,0,1,0,1,0,0
53169,0,1.0,Phone,3,20.0,Credit Card,Male,3.0,4,Mobile,3,Divorced,3,0,12.0,2.0,2.0,7.0,145.96,1,0,1,0,1,0,0,0,0,0,0,1,0,1,0,0
50395,0,2.0,Computer,1,6.0,Debit Card,Male,2.9315348837209303,5,Mobile,2,Married,2,0,18.0,2.0,2.0,8.0,127.19999999999999,1,1,0,0,0,1,0,0,0,0,0,1,0,0,1,0
50439,0,0.0,Phone,3,32.0,Credit Card,Female,2.0,3,Laptop & Accessory,2,Single,2,0,23.0,0.0,1.0,4.0,161.8,0,0,1,0,1,0,0,0,0,0,1,0,0,0,0,1
50735,0,9.0,Phone,1,21.0,Debit Card,Female,3.0,5,Mobile,2,Divorced,1,1,18.0,1.0,1.0,3.0,121.68,0,0,1,0,0,1,0,0,0,0,0,1,0,1,0,0
53779,0,16.0,Phone,1,9.0,Credit Card,Male,4.0,5,Mobile,4,Married,6,0,15.0,2.0,2.0,1.0,173.41,1,0,1,0,1,0,0,0,0,0,0,1,0,0,1,0
55245,0,8.0,Phone,3,8.0,Cash On Delivery,Male,4.0,5,Fashion,3,Married,3,1,15.0,8.0,9.0,7.0,195.83,1,0,1,1,0,0,0,0,1,0,0,0,0,0,1,0
50071,0,10.0,Phone,1,27.0,Debit Card,Male,3.0,2,Mobile,5,Divorced,2,1,12.0,0.0,1.0,7.0,135.64,1,0,1,0,0,1,0,0,0,0,0,1,0,1,0,0
51175,0,13.0,Phone,1,6.0,Debit Card,Female,2.0,3,Laptop & Accessory,1,Married,5,0,17.0,0.0,1.0,3.0,165.13,0,0,1,0,0,1,0,0,0,0,1,0,0,0,1,0
52195,1,6.0,Phone,3,15.0,E Wallet,Female,2.0,5,Laptop & Accessory,3,Single,9,0,13.0,0.0,1.0,3.0,153.46,0,0,1,0,0,0,1,0,0,0,1,0,0,0,0,1
51126,0,2.0,Computer,1,6.0,Debit Card,Male,3.0,1,Laptop & Accessory,3,Single,9,1,12.0,0.0,1.0,2.0,162.94,1,1,0,0,0,1,0,0,0,0,1,0,0,0,0,1
53707,1,1.0,Phone,1,15.0,Debit Card,Female,3.0,5,Mobile,4,Single,3,0,13.0,1.0,2.0,1.0,137.61,0,0,1,0,0,1,0,0,0,0,0,1,0,0,0,1
55385,0,1.0,Phone,1,24.0,Credit Card,Male,4.0,6,Mobile,3,Married,3,0,16.0,2.0,2.0,3.0,148.05,1,0,1,0,1,0,0,0,0,0,0,1,0,0,1,0
55012,0,30.0,Phone,1,11.0,Cash On Delivery,Female,4.0,4,Others,5,Married,6,0,14.0,5.0,5.0,3.0,324.43,0,0,1,1,0,0,0,0,0,0,0,0,1,0,1,0
51685,0,0.0,Phone,3,14.0,E Wallet,Female,2.0,3,Laptop & Accessory,4,Married,2,0,18.0,0.0,1.0,7.0,162.14,0,0,1,0,0,0,1,0,0,0,1,0,0,0,1,0
55358,0,1.0,Phone,3,16.0,Debit Card,Male,3.0,4,Mobile,5,Single,3,0,12.0,1.0,2.0,3.0,152.28,1,0,1,0,0,1,0,0,0,0,0,1,0,0,0,1
52180,0,7.0,Phone,3,15.0,Debit Card,Female,3.0,3,Laptop & Accessory,3,Married,2,0,20.0,0.0,1.0,3.0,157.14,0,0,1,0,0,1,0,0,0,0,1,0,0,0,1,0
54278,0,10.0,Computer,3,18.0,Cash On Delivery,Female,4.0,4,Fashion,1,Married,2,0,15.0,1.0,3.0,3.0,222.38,0,1,0,1,0,0,0,0,1,0,0,0,0,0,1,0
54103,0,4.0,Phone,1,7.0,Credit Card,Male,4.0,4,Mobile,4,Married,3,0,14.0,1.0,2.0,8.0,162.48,1,0,1,0,1,0,0,0,0,0,0,1,0,0,1,0
55079,0,25.0,Computer,3,16.0,Debit Card,Male,3.0,4,Others,4,Married,6,1,25.0,7.0,12.0,11.0,323.47,1,1,0,0,0,1,0,0,0,0,0,0,1,0,1,0
54123,0,11.0,Phone,1,17.0,Debit Card,Female,3.0,2,Fashion,1,Married,3,1,26.0,1.0,7.0,9.0,262.44,0,0,1,0,0,1,0,0,1,0,0,0,0,0,1,0
51980,0,0.0,Phone,3,9.0,Upi,Male,3.0,3,Laptop & Accessory,5,Married,2,1,18.0,0.0,1.0,3.0,141.94,1,0,1,0,0,0,0,1,0,0,1,0,0,0,1,0
53382,0,14.0,Computer,1,16.0,Credit Card,Male,3.0,4,Mobile,4,Married,10,1,15.0,1.0,2.0,1.0,161.17,1,1,0,0,1,0,0,0,0,0,0,1,0,0,1,0
52732,0,0.0,Phone,1,7.0,Credit Card,Male,2.9315348837209303,3,Mobile,5,Single,1,0,13.0,7.0,7.0,6.0,128.67,1,0,1,0,1,0,0,0,0,0,0,1,0,0,0,1
55054,0,3.0,Phone,1,8.0,Debit Card,Female,4.0,4,Mobile,1,Married,3,0,16.0,2.0,2.0,3.0,162.6,0,0,1,0,0,1,0,0,0,0,0,1,0,0,1,0
54731,0,26.0,Computer,1,26.0,Credit Card,Male,3.0,4,Mobile,1,Married,2,0,19.0,2.0,2.0,3.0,167.58,1,1,0,0,1,0,0,0,0,0,0,1,0,0,1,0
50248,0,8.0,Phone,1,15.0,Debit Card,Male,3.0,4,Laptop & Accessory,4,Single,10,0,19.0,1.0,1.0,0.0,165.4,1,0,1,0,0,1,0,0,0,0,1,0,0,0,0,1
53413,0,12.0,Computer,1,17.0,Credit Card,Male,4.0,4,Mobile,3,Divorced,2,0,18.0,1.0,2.0,3.0,151.84,1,1,0,0,1,0,0,0,0,0,0,1,0,1,0,0
51868,0,10.0,Phone,1,16.0,Debit Card,Male,3.0,1,Mobile,1,Single,4,0,17.0,1.0,1.0,0.0,146.8,1,0,1,0,0,1,0,0,0,0,0,1,0,0,0,1
52072,0,4.0,Computer,1,6.0,Debit Card,Female,3.0,3,Laptop & Accessory,5,Married,2,0,12.0,1.0,1.0,3.0,141.48,0,1,0,0,0,1,0,0,0,0,1,0,0,0,1,0
55376,0,9.0,Computer,1,9.0,Credit Card,Male,4.0,5,Mobile,1,Single,2,1,15.0,2.0,2.0,5.0,174.3,1,1,0,0,1,0,0,0,0,0,0,1,0,0,0,1
53179,0,16.0,Phone,1,9.0,Debit Card,Female,3.0,4,Laptop & Accessory,2,Divorced,3,0,14.0,3.0,3.0,3.0,165.89,0,0,1,0,0,1,0,0,0,0,1,0,0,1,0,0
50619,0,30.0,Phone,1,8.0,Debit Card,Female,3.0,4,Grocery,2,Single,4,1,13.0,0.0,2.0,3.0,237.26,0,0,1,0,0,1,0,0,0,1,0,0,0,0,0,1
50279,0,14.0,Phone,3,6.0,E Wallet,Male,2.0,2,Fashion,5,Divorced,2,0,16.0,1.0,1.0,7.0,183.92,1,0,1,0,0,0,1,0,1,0,0,0,0,1,0,0
55154,0,1.0,Phone,3,25.0,Debit Card,Male,4.0,2,Laptop & Accessory,3,Married,4,0,12.0,2.0,2.0,3.0,187.32,1,0,1,0,0,1,0,0,0,0,1,0,0,0,1,0
52584,0,0.0,Phone,1,10.0,Credit Card,Female,2.0,3,Mobile,4,Single,2,0,13.0,0.0,1.0,2.0,132.95,0,0,1,0,1,0,0,0,0,0,0,1,0,0,0,1
53214,0,24.0,Phone,1,35.0,Credit Card,Male,4.0,3,Mobile,3,Divorced,3,1,12.0,4.0,4.0,9.0,157.21,1,0,1,0,1,0,0,0,0,0,0,1,0,1,0,0
51690,0,8.0,Phone,1,11.0,Cash On Delivery,Male,3.0,3,Fashion,4,Single,1,0,13.0,1.0,1.0,13.0,180.95,1,0,1,1,0,0,0,0,1,0,0,0,0,0,0,1
55478,0,1.0,Computer,1,12.0,Debit Card,Female,3.0,4,Mobile,1,Single,2,1,15.0,2.0,2.0,3.0,148.79,0,1,0,0,0,1,0,0,0,0,0,1,0,0,0,1
50199,1,0.0,Phone,1,8.0,Credit Card,Male,2.0,5,Mobile,2,Divorced,6,1,13.0,2.0,2.0,2.0,134.64,1,0,1,0,1,0,0,0,0,0,0,1,0,1,0,0
53892,1,1.0,Phone,1,15.0,Credit Card,Male,4.0,5,Mobile,3,Single,3,1,12.0,2.0,2.0,3.0,164.89,1,0,1,0,1,0,0,0,0,0,0,1,0,0,0,1
55269,0,9.0,Phone,1,8.0,Credit Card,Male,4.0,5,Mobile,5,Single,3,0,20.0,2.0,2.0,3.0,149.5,1,0,1,0,1,0,0,0,0,0,0,1,0,0,0,1
50139,0,19.0,Phone,3,8.0,Cash On Delivery,Female,3.0,5,Grocery,4,Divorced,4,1,12.0,1.0,7.0,7.0,268.72,0,0,1,1,0,0,0,0,0,1,0,0,0,1,0,0
52147,1,13.0,Computer,3,6.0,Upi,Male,2.0,3,Laptop & Accessory,3,Single,4,1,14.0,1.0,1.0,0.0,147.28,1,1,0,0,0,0,0,1,0,0,1,0,0,0,0,1
50241,0,19.0,Computer,1,13.0,Credit Card,Female,1.0,3,Laptop & Accessory,3,Divorced,3,0,14.0,0.0,1.0,0.0,152.58,0,1,0,0,1,0,0,0,0,0,1,0,0,1,0,0
52803,0,9.0,Phone,1,8.0,Credit Card,Female,3.0,3,Mobile,3,Married,3,0,14.0,0.0,1.0,2.0,120.00999999999999,0,0,1,0,1,0,0,0,0,0,0,1,0,0,1,0
53662,0,25.0,Phone,1,18.0,Cash On Delivery,Female,3.0,5,Grocery,4,Single,5,0,17.0,1.0,2.0,4.0,256.42,0,0,1,1,0,0,0,0,0,1,0,0,0,0,0,1
52904,0,25.0,Phone,1,15.0,Debit Card,Male,3.0,5,Fashion,4,Divorced,7,0,17.0,2.0,2.0,8.0,249.89999999999998,1,0,1,0,0,1,0,0,1,0,0,0,0,1,0,0
54557,0,17.0,Phone,1,15.0,Upi,Female,4.0,4,Laptop & Accessory,3,Married,6,1,15.0,2.0,2.0,3.0,170.22,0,0,1,0,0,0,0,1,0,0,1,0,0,0,1,0
54292,0,24.0,Computer,3,19.0,E Wallet,Female,4.0,4,Fashion,1,Single,6,0,12.0,2.0,3.0,3.0,217.08,0,1,0,0,0,0,1,0,1,0,0,0,0,0,0,1
53981,1,1.0,Computer,1,16.0,Debit Card,Male,4.0,4,Laptop & Accessory,5,Married,6,0,18.0,1.0,2.0,8.0,178.46,1,1,0,0,0,1,0,0,0,0,1,0,0,0,1,0
50694,0,4.0,Computer,3,26.0,Debit Card,Male,2.9315348837209303,1,Mobile,2,Divorced,1,0,12.0,1.0,2.0,2.0,127.91,1,1,0,0,0,1,0,0,0,0,0,1,0,1,0,0
54908,0,12.0,Phone,3,10.0,Debit Card,Male,3.0,4,Laptop & Accessory,1,Single,10,1,13.0,2.0,2.0,1.0,193.61,1,0,1,0,0,1,0,0,0,0,1,0,0,0,0,1
50690,0,13.0,Phone,1,20.0,Credit Card,Male,2.0,4,Others,3,Single,2,0,15.0,4.0,4.0,9.0,296.26,1,0,1,0,1,0,0,0,0,0,0,0,1,0,0,1
51888,0,11.0,Phone,1,6.0,Debit Card,Female,2.0,3,Fashion,3,Single,5,1,14.0,0.0,1.0,0.0,178.61,0,0,1,0,0,1,0,0,1,0,0,0,0,0,0,1
52010,0,9.0,Phone,1,20.0,Debit Card,Male,3.0,3,Laptop & Accessory,1,Married,1,1,17.0,2.0,4.0,11.0,165.86,1,0,1,0,0,1,0,0,0,0,1,0,0,0,1,0
52629,0,9.0,Phone,1,7.0,Debit Card,Male,2.0,3,Mobile,1,Married,2,0,11.0,0.0,1.0,3.0,120.44,1,0,1,0,0,1,0,0,0,0,0,1,0,0,1,0
55274,0,6.0,Computer,1,8.0,Cash On Delivery,Male,4.0,4,Laptop & Accessory,5,Married,6,0,15.0,1.0,2.0,3.0,165.87,1,1,0,1,0,0,0,0,0,0,1,0,0,0,1,0
51055,0,7.0,Phone,1,9.0,Debit Card,Female,3.0,3,Laptop & Accessory,4,Married,2,0,12.0,7.0,7.0,9.0,154.33,0,0,1,0,0,1,0,0,0,0,1,0,0,0,1,0
53555,1,5.0,Computer,1,12.0,Debit Card,Male,4.0,5,Mobile,5,Married,8,0,18.0,2.0,2.0,1.0,146.07,1,1,0,0,0,1,0,0,0,0,0,1,0,0,1,0
54343,1,5.0,Phone,3,27.0,E Wallet,Female,4.0,4,Mobile,4,Single,3,1,23.0,1.0,2.0,3.0,156.4,0,0,1,0,0,0,1,0,0,0,0,1,0,0,0,1
54977,0,13.0,Computer,1,16.0,Debit Card,Male,4.0,4,Laptop & Accessory,4,Single,11,0,16.0,2.0,2.0,4.0,192.82,1,1,0,0,0,1,0,0,0,0,1,0,0,0,0,1
52256,0,9.0,Phone,1,7.0,Debit Card,Male,2.0,3,Mobile,3,Married,2,0,22.0,1.0,1.0,1.0,112.22999999999999,1,0,1,0,0,1,0,0,0,0,0,1,0,0,1,0
52046,1,20.0,Phone,1,14.0,Cash On Delivery,Male,2.0,3,Mobile,3,Single,5,0,24.0,0.0,1.0,0.0,124.78999999999999,1,0,1,1,0,0,0,0,0,0,0,1,0,0,0,1
51007,0,7.0,Computer,1,16.0,Cash On Delivery,Male,3.0,4,Laptop & Accessory,3,Married,2,0,14.0,2.0,7.0,7.0,150.63,1,1,0,1,0,0,0,0,0,0,1,0,0,0,1,0
52334,0,14.0,Computer,1,28.0,Debit Card,Female,3.0,3,Laptop & Accessory,1,Married,4,1,14.0,2.0,3.0,3.0,154.67,0,1,0,0,0,1,0,0,0,0,1,0,0,0,1,0
53259,1,19.0,Phone,1,9.0,Credit Card,Male,4.0,4,Others,5,Divorced,7,1,14.0,2.0,2.0,5.0,323.59,1,0,1,0,1,0,0,0,0,0,0,0,1,1,0,0
50943,0,20.0,Phone,3,20.0,Credit Card,Female,3.0,3,Laptop & Accessory,3,Divorced,4,1,17.0,1.0,1.0,2.0,145.91,0,0,1,0,1,0,0,0,0,0,1,0,0,1,0,0
51352,0,30.0,Phone,1,9.0,Credit Card,Female,2.9315348837209303,1,Mobile,5,Married,5,1,20.0,0.0,1.0,0.0,126.69999999999999,0,0,1,0,1,0,0,0,0,0,0,1,0,0,1,0
50804,1,7.0,Phone,1,21.0,Credit Card,Female,3.0,3,Fashion,2,Divorced,2,0,11.0,0.0,1.0,5.0,179.78,0,0,1,0,1,0,0,0,1,0,0,0,0,1,0,0
50625,1,15.0,Phone,3,8.0,E Wallet,Female,2.0,5,Others,2,Divorced,2,0,15.0,5.0,6.0,9.0,298.45,0,0,1,0,0,0,1,0,0,0,0,0,1,1,0,0
55106,0,24.0,Phone,1,35.0,Debit Card,Female,3.0,4,Grocery,5,Married,6,1,15.0,1.0,2.0,3.0,293.8,0,0,1,0,0,1,0,0,0,1,0,0,0,0,1,0
51711,0,19.0,Computer,1,13.0,Credit Card,Female,1.0,3,Laptop & Accessory,3,Married,3,0,14.0,1.0,1.0,0.0,152.58,0,1,0,0,1,0,0,0,0,0,1,0,0,0,1,0
52373,0,7.0,Phone,1,7.0,Debit Card,Female,2.0,4,Mobile,4,Married,6,0,17.0,1.0,1.0,2.0,132.94,0,0,1,0,0,1,0,0,0,0,0,1,0,0,1,0
52393,0,6.0,Computer,3,13.0,Credit Card,Male,2.0,3,Laptop & Accessory,5,Married,1,0,14.0,1.0,1.0,3.0,143.73,1,1,0,0,1,0,0,0,0,0,1,0,0,0,1,0
53430,0,1.0,Phone,1,9.0,Debit Card,Female,3.0,4,Laptop & Accessory,2,Divorced,2,0,19.0,1.0,3.0,3.0,167.27,0,0,1,0,0,1,0,0,0,0,1,0,0,1,0,0
53128,0,4.0,Phone,3,14.0,E Wallet,Male,3.0,4,Mobile,4,Single,2,0,15.0,2.0,2.0,3.0,154.83,1,0,1,0,0,0,1,0,0,0,0,1,0,0,0,1
53871,0,10.0,Phone,1,14.0,Debit Card,Male,4.0,4,Mobile,4,Single,4,0,12.0,1.0,2.0,4.0,145.13,1,0,1,0,0,1,0,0,0,0,0,1,0,0,0,1
50598,0,11.0,Computer,1,16.0,Credit Card,Male,2.9315348837209303,3,Mobile,3,Divorced,1,0,17.0,0.0,1.0,2.0,126.84,1,1,0,0,1,0,0,0,0,0,0,1,0,1,0,0
50907,1,9.0,Phone,3,15.0,E Wallet,Male,2.0,3,Fashion,1,Married,5,0,11.0,0.0,4.0,3.0,200.96,1,0,1,0,0,0,1,0,1,0,0,0,0,0,1,0
52305,0,13.0,Phone,1,8.0,Debit Card,Male,3.0,3,Laptop & Accessory,1,Single,2,0,13.0,3.0,8.0,8.0,146.61,1,0,1,0,0,1,0,0,0,0,1,0,0,0,0,1
50188,0,4.0,Phone,1,8.0,Debit Card,Male,2.9315348837209303,3,Mobile,2,Married,1,1,18.0,1.0,2.0,2.0,126.94999999999999,1,0,1,0,0,1,0,0,0,0,0,1,0,0,1,0
51696,0,15.0,Phone,2,8.0,Cash On Delivery,Male,2.9315348837209303,3,Mobile,3,Married,1,1,11.0,1.0,1.0,0.0,126.96000000000001,1,0,1,1,0,0,0,0,0,0,0,1,0,0,1,0
51282,0,27.0,Phone,1,16.0,Credit Card,Female,3.0,3,Laptop & Accessory,5,Single,7,1,19.0,0.0,1.0,4.0,144.4,0,0,1,0,1,0,0,0,0,0,1,0,0,0,0,1
51519,0,3.0,Computer,1,15.0,Credit Card,Male,2.9315348837209303,3,Laptop & Accessory,5,Married,2,0,11.0,5.0,6.0,10.0,130.72,1,1,0,0,1,0,0,0,0,0,1,0,0,0,1,0
52886,0,11.0,Phone,1,28.0,Debit Card,Male,4.0,3,Mobile,5,Divorced,3,1,13.0,1.0,2.0,8.0,160.64,1,0,1,0,0,1,0,0,0,0,0,1,0,1,0,0
51312,0,0.0,Phone,3,14.0,Credit Card,Male,2.0,3,Mobile,5,Single,2,1,11.0,1.0,1.0,2.0,123.80000000000001,1,0,1,0,1,0,0,0,0,0,0,1,0,0,0,1
55024,0,7.0,Phone,2,9.0,Upi,Male,4.0,4,Mobile,3,Married,3,0,14.0,2.0,2.0,5.0,161.0,1,0,1,0,0,0,0,1,0,0,0,1,0,0,1,0
50404,1,13.0,Computer,3,14.0,Cash On Delivery,Male,2.0,3,Laptop & Accessory,3,Divorced,4,1,14.0,1.0,1.0,3.0,167.96,1,1,0,1,0,0,0,0,0,0,1,0,0,1,0,0
53610,0,31.0,Phone,1,25.0,Credit Card,Male,4.0,4,Fashion,2,Single,8,0,13.0,2.0,6.0,3.0,230.12,1,0,1,0,1,0,0,0,1,0,0,0,0,0,0,1
55375,0,18.0,Phone,1,9.0,Debit Card,Female,4.0,2,Fashion,1,Married,3,1,20.0,2.0,7.0,8.0,203.79,0,0,1,0,0,1,0,0,1,0,0,0,0,0,1,0
52101,0,18.0,Phone,3,17.0,Debit Card,Female,2.0,3,Grocery,1,Married,4,0,13.0,1.0,1.0,1.0,276.5,0,0,1,0,0,1,0,0,0,1,0,0,0,0,1,0
51474,0,0.0,Phone,1,14.0,Cash On Delivery,Male,3.0,3,Mobile,1,Married,1,0,14.0,2.0,2.0,1.0,125.22999999999999,1,0,1,1,0,0,0,0,0,0,0,1,0,0,1,0
53501,0,20.0,Phone,3,10.0,E Wallet,Male,3.0,4,Grocery,3,Divorced,5,0,15.0,2.0,5.0,10.0,299.65,1,0,1,0,0,0,1,0,0,1,0,0,0,1,0,0
53468,1,1.0,Phone,1,17.0,Debit Card,Female,3.0,5,Mobile,5,Single,3,0,14.0,2.0,2.0,1.0,139.16,0,0,1,0,0,1,0,0,0,0,0,1,0,0,0,1
51472,1,20.0,Phone,1,29.0,Credit Card,Female,3.0,3,Fashion,1,Married,2,0,12.0,7.0,15.0,6.0,203.12,0,0,1,0,1,0,0,0,1,0,0,0,0,0,1,0
54371,1,1.0,Phone,3,11.0,Credit Card,Male,3.0,6,Fashion,1,Married,3,0,12.0,7.0,10.0,3.0,229.0,1,0,1,0,1,0,0,0,1,0,0,0,0,0,1,0
54909,1,1.0,Computer,3,36.0,Credit Card,Male,4.0,6,Laptop & Accessory,5,Single,10,0,19.0,2.0,3.0,3.0,174.69,1,1,0,0,1,0,0,0,0,0,1,0,0,0,0,1
51910,0,18.0,Phone,3,8.0,Cash On Delivery,Male,2.0,5,Laptop & Accessory,3,Single,1,0,13.0,1.0,3.0,1.0,166.32,1,0,1,1,0,0,0,0,0,0,1,0,0,0,0,1
55391,0,1.0,Phone,1,36.0,Credit Card,Male,4.0,4,Mobile,5,Married,3,0,14.0,2.0,2.0,3.0,164.07,1,0,1,0,1,0,0,0,0,0,0,1,0,0,1,0
51160,0,12.0,Phone,1,16.0,Credit Card,Male,3.0,3,Fashion,3,Single,8,0,21.0,2.0,2.0,2.0,234.64,1,0,1,0,1,0,0,0,1,0,0,0,0,0,0,1
54700,0,24.0,Phone,3,15.0,E Wallet,Male,3.0,4,Mobile,4,Married,9,0,16.0,1.0,3.0,3.0,163.75,1,0,1,0,0,0,1,0,0,0,0,1,0,0,1,0
52262,0,19.0,Phone,3,10.0,E Wallet,Female,2.0,4,Others,4,Married,3,0,14.0,1.0,1.0,8.0,287.89,0,0,1,0,0,0,1,0,0,0,0,0,1,0,1,0
53231,1,1.0,Phone,1,7.0,Debit Card,Female,4.0,6,Mobile,4,Single,9,1,14.0,2.0,4.0,8.0,147.16,0,0,1,0,0,1,0,0,0,0,0,1,0,0,0,1
54934,0,10.0,Phone,1,19.0,Credit Card,Female,3.0,5,Fashion,1,Single,2,0,12.0,6.0,8.0,3.0,213.58,0,0,1,0,1,0,0,0,1,0,0,0,0,0,0,1
55592,0,6.0,Phone,3,8.0,E Wallet,Female,3.0,4,Fashion,1,Married,3,0,20.0,1.0,6.0,3.0,229.22,0,0,1,0,0,0,1,0,1,0,0,0,0,0,1,0
54456,0,16.0,Computer,3,33.0,E Wallet,Female,4.0,4,Grocery,4,Married,7,0,15.0,4.0,2.0,9.0,260.25,0,1,0,0,0,0,1,0,0,1,0,0,0,0,1,0
52850,0,8.0,Computer,3,9.0,E Wallet,Female,4.0,4,Mobile,3,Divorced,8,0,19.0,2.0,2.0,3.0,147.31,0,1,0,0,0,0,1,0,0,0,0,1,0,1,0,0
54645,0,5.0,Phone,3,13.0,Credit Card,Male,4.0,2,Laptop & Accessory,1,Married,6,0,23.0,6.0,6.0,8.0,179.6,1,0,1,0,1,0,0,0,0,0,1,0,0,0,1,0
55453,0,13.0,Computer,3,27.0,Debit Card,Male,3.0,4,Laptop & Accessory,1,Married,4,0,19.0,2.0,3.0,3.0,166.27,1,1,0,0,0,1,0,0,0,0,1,0,0,0,1,0
53099,0,26.0,Phone,1,11.0,Debit Card,Female,2.0,4,Grocery,2,Divorced,4,0,14.0,1.0,2.0,5.0,290.55,0,0,1,0,0,1,0,0,0,1,0,0,0,1,0,0
55492,0,22.0,Phone,1,17.0,Debit Card,Male,4.0,5,Others,4,Married,6,0,15.0,4.0,13.0,10.0,321.65,1,0,1,0,0,1,0,0,0,0,0,0,1,0,1,0
54206,1,5.0,Phone,1,19.0,Cash On Delivery,Female,3.0,4,Others,3,Married,3,0,15.0,2.0,16.0,9.0,320.45,0,0,1,1,0,0,0,0,0,0,0,0,1,0,1,0
54245,0,8.0,Phone,1,7.0,Credit Card,Male,4.0,4,Laptop & Accessory,4,Married,3,0,16.0,2.0,2.0,4.0,168.25,1,0,1,0,1,0,0,0,0,0,1,0,0,0,1,0
51242,0,12.0,Computer,3,27.0,Debit Card,Female,2.0,5,Laptop & Accessory,3,Married,7,0,19.0,0.0,1.0,2.0,157.36,0,1,0,0,0,1,0,0,0,0,1,0,0,0,1,0
51364,0,26.0,Phone,3,8.0,Debit Card,Female,3.0,4,Grocery,1,Married,3,0,16.0,0.0,2.0,7.0,254.26999999999998,0,0,1,0,0,1,0,0,0,1,0,0,0,0,1,0
50856,1,0.0,Computer,3,8.0,Debit Card,Female,2.9315348837209303,4,Mobile,2,Single,8,0,14.0,0.0,1.0,0.0,127.85,0,1,0,0,0,1,0,0,0,0,0,1,0,0,0,1
51964,0,0.0,Phone,1,8.0,Credit Card,Male,3.0,1,Mobile,5,Single,8,0,13.0,0.0,1.0,1.0,134.24,1,0,1,0,1,0,0,0,0,0,0,1,0,0,0,1
55162,0,11.0,Phone,1,18.0,Credit Card,Female,4.0,4,Mobile,3,Single,6,0,19.0,2.0,2.0,3.0,161.29,0,0,1,0,1,0,0,0,0,0,0,1,0,0,0,1
52290,0,1.0,Computer,1,7.0,Debit Card,Female,2.0,5,Laptop & Accessory,1,Married,1,0,11.0,7.0,7.0,5.0,166.74,0,1,0,0,0,1,0,0,0,0,1,0,0,0,1,0
52751,0,4.0,Computer,1,16.0,Credit Card,Female,2.0,3,Fashion,3,Married,5,0,20.0,3.0,4.0,3.0,210.31,0,1,0,0,1,0,0,0,1,0,0,0,0,0,1,0
52407,0,9.0,Computer,3,19.0,Debit Card,Female,3.0,3,Mobile,4,Married,2,0,13.0,0.0,1.0,0.0,120.33000000000001,0,1,0,0,0,1,0,0,0,0,0,1,0,0,1,0
50771,0,4.0,Phone,1,17.0,Credit Card,Male,3.0,3,Laptop & Accessory,5,Divorced,2,1,12.0,0.0,1.0,1.0,168.33,1,0,1,0,1,0,0,0,0,0,1,0,0,1,0,0
53520,1,1.0,Phone,3,16.0,E Wallet,Female,4.0,4,Laptop & Accessory,5,Single,2,1,18.0,1.0,2.0,4.0,207.24,0,0,1,0,0,0,1,0,0,0,1,0,0,0,0,1
50162,1,7.0,Computer,1,30.0,Debit Card,Male,2.9315348837209303,3,Mobile,3,Married,4,1,22.0,0.0,1.0,0.0,131.61,1,1,0,0,0,1,0,0,0,0,0,1,0,0,1,0
54243,0,29.0,Phone,3,7.0,Debit Card,Male,4.0,4,Fashion,1,Married,5,0,15.0,1.0,2.0,3.0,227.39,1,0,1,0,0,1,0,0,1,0,0,0,0,0,1,0
52478,0,13.0,Phone,3,20.0,Debit Card,Female,2.0,3,Laptop & Accessory,5,Married,2,0,15.0,0.0,1.0,2.0,146.39,0,0,1,0,0,1,0,0,0,0,1,0,0,0,1,0
53365,0,31.0,Phone,1,12.0,Cash On Delivery,Female,3.0,5,Fashion,4,Married,4,1,14.0,2.0,2.0,3.0,230.52,0,0,1,1,0,0,0,0,1,0,0,0,0,0,1,0
51545,0,11.0,Phone,1,35.0,Cash On Delivery,Male,2.0,3,Laptop & Accessory,1,Married,4,0,18.0,0.0,1.0,7.0,162.61,1,0,1,1,0,0,0,0,0,0,1,0,0,0,1,0
51100,0,9.0,Phone,1,23.0,Credit Card,Male,3.0,5,Mobile,3,Married,2,0,15.0,0.0,1.0,2.0,123.05000000000001,1,0,1,0,1,0,0,0,0,0,0,1,0,0,1,0
54395,1,1.0,Phone,1,21.0,Credit Card,Male,3.0,4,Mobile,1,Married,7,1,14.0,2.0,2.0,5.0,149.36,1,0,1,0,1,0,0,0,0,0,0,1,0,0,1,0
50781,0,2.0,Phone,1,6.0,Debit Card,Female,2.0,4,Grocery,2,Married,4,0,14.0,1.0,1.0,7.0,261.24,0,0,1,0,0,1,0,0,0,1,0,0,0,0,1,0
55532,0,30.0,Phone,3,18.0,E Wallet,Female,3.0,5,Laptop & Accessory,5,Married,6,0,17.0,1.0,2.0,1.0,178.8,0,0,1,0,0,0,1,0,0,0,1,0,0,0,1,0
55091,0,25.0,Computer,1,13.0,Credit Card,Female,3.0,5,Mobile,3,Single,2,0,15.0,4.0,8.0,8.0,153.38,0,1,0,0,1,0,0,0,0,0,0,1,0,0,0,1
53714,0,30.0,Phone,1,7.0,Debit Card,Female,3.0,4,Mobile,5,Divorced,4,0,23.0,2.0,2.0,1.0,145.66,0,0,1,0,0,1,0,0,0,0,0,1,0,1,0,0
55561,0,12.0,Computer,2,8.0,Upi,Male,3.0,4,Mobile,4,Married,2,1,12.0,1.0,2.0,3.0,154.91,1,1,0,0,0,0,0,1,0,0,0,1,0,0,1,0
54935,0,29.0,Computer,1,9.0,Credit Card,Male,3.0,5,Grocery,5,Single,9,0,15.0,3.0,7.0,3.0,292.56,1,1,0,0,1,0,0,0,0,1,0,0,0,0,0,1
54688,0,6.0,Phone,3,17.0,E Wallet,Male,3.0,4,Laptop & Accessory,1,Single,3,0,13.0,2.0,2.0,9.0,178.96,1,0,1,0,0,0,1,0,0,0,1,0,0,0,0,1
53220,0,12.0,Phone,1,7.0,Debit Card,Female,3.0,3,Laptop & Accessory,2,Single,2,0,14.0,2.0,2.0,9.0,201.25,0,0,1,0,0,1,0,0,0,0,1,0,0,0,0,1
50833,0,13.0,Computer,1,22.0,Debit Card,Male,3.0,3,Mobile,3,Married,10,0,16.0,1.0,1.0,0.0,135.44,1,1,0,0,0,1,0,0,0,0,0,1,0,0,1,0
55217,1,1.0,Computer,3,8.0,Cash On Delivery,Male,4.0,4,Mobile,3,Married,5,0,16.0,2.0,2.0,3.0,154.09,1,1,0,1,0,0,0,0,0,0,0,1,0,0,1,0
54666,0,1.0,Phone,1,13.0,Debit Card,Female,4.0,4,Mobile,1,Married,3,1,14.0,1.0,2.0,3.0,81.0,0,0,1,0,0,1,0,0,0,0,0,1,0,0,1,0
54829,0,2.0,Phone,1,16.0,Credit Card,Female,4.0,4,Mobile,3,Married,7,0,19.0,1.0,3.0,3.0,148.77,0,0,1,0,1,0,0,0,0,0,0,1,0,0,1,0
53412,0,24.0,Phone,1,31.0,Debit Card,Male,4.0,4,Grocery,3,Divorced,5,1,19.0,1.0,2.0,6.0,264.73,1,0,1,0,0,1,0,0,0,1,0,0,0,1,0,0
52171,0,2.0,Phone,1,14.0,Credit Card,Male,3.0,4,Laptop & Accessory,1,Married,2,1,15.0,1.0,1.0,2.0,150.56,1,0,1,0,1,0,0,0,0,0,1,0,0,0,1,0
54299,0,1.0,Phone,3,35.0,Debit Card,Male,3.0,5,Laptop & Accessory,3,Married,4,0,19.0,2.0,3.0,3.0,211.39,1,0,1,0,0,1,0,0,0,0,1,0,0,0,1,0
53363,0,16.0,Phone,3,21.0,Credit Card,Female,4.0,5,Laptop & Accessory,3,Single,9,0,18.0,1.0,2.0,4.0,187.44,0,0,1,0,1,0,0,0,0,0,1,0,0,0,0,1
51691,0,0.0,Phone,1,32.0,Debit Card,Male,2.9315348837209303,3,Mobile,1,Married,2,0,12.0,0.0,1.0,2.0,129.04,1,0,1,0,0,1,0,0,0,0,0,1,0,0,1,0
52304,0,7.0,Phone,1,15.0,Debit Card,Male,2.0,3,Fashion,1,Married,1,0,11.0,0.0,1.0,6.0,185.0,1,0,1,0,0,1,0,0,1,0,0,0,0,0,1,0
53039,0,16.0,Phone,1,30.0,Debit Card,Female,3.0,4,Grocery,2,Single,4,0,15.0,1.0,2.0,1.0,284.92,0,0,1,0,0,1,0,0,0,1,0,0,0,0,0,1
52985,0,11.0,Computer,1,16.0,Credit Card,Male,3.0,4,Mobile,2,Divorced,3,1,13.0,1.0,2.0,3.0,148.26,1,1,0,0,1,0,0,0,0,0,0,1,0,1,0,0
50592,0,14.0,Computer,1,15.0,Credit Card,Male,3.0,3,Others,3,Married,3,0,15.0,1.0,1.0,11.0,294.19,1,1,0,0,1,0,0,0,0,0,0,0,1,0,1,0
54118,0,14.0,Phone,1,7.0,Debit Card,Male,3.0,4,Mobile,1,Married,10,0,20.0,1.0,2.0,1.0,149.06,1,0,1,0,0,1,0,0,0,0,0,1,0,0,1,0
53583,1,1.0,Computer,1,17.0,Credit Card,Female,4.0,5,Mobile,4,Single,3,1,26.0,2.0,2.0,1.0,143.59,0,1,0,0,1,0,0,0,0,0,0,1,0,0,0,1
53866,0,13.0,Phone,1,19.0,Credit Card,Male,4.0,4,Laptop & Accessory,4,Married,6,0,22.0,2.0,2.0,1.0,177.95,1,0,1,0,1,0,0,0,0,0,1,0,0,0,1,0
53819,0,10.0,Computer,1,13.0,Debit Card,Male,4.0,2,Laptop & Accessory,5,Married,5,1,14.0,2.0,2.0,3.0,180.62,1,1,0,0,0,1,0,0,0,0,1,0,0,0,1,0
52204,0,26.0,Phone,1,13.0,Credit Card,Female,2.0,3,Others,3,Married,4,0,18.0,1.0,4.0,7.0,286.06,0,0,1,0,1,0,0,0,0,0,0,0,1,0,1,0
50754,0,15.0,Computer,2,8.0,Credit Card,Male,3.0,1,Laptop & Accessory,5,Divorced,8,0,16.0,0.0,1.0,3.0,162.72,1,1,0,0,1,0,0,0,0,0,1,0,0,1,0,0
51542,0,8.0,Computer,1,8.0,Credit Card,Female,2.0,3,Laptop & Accessory,4,Single,6,0,11.0,0.0,1.0,2.0,144.25,0,1,0,0,1,0,0,0,0,0,1,0,0,0,0,1
54625,0,11.0,Phone,1,7.0,Cash On Delivery,Female,3.0,4,Fashion,1,Single,6,0,18.0,2.0,2.0,3.0,199.91,0,0,1,1,0,0,0,0,1,0,0,0,0,0,0,1
50612,0,21.0,Phone,1,10.0,Debit Card,Male,3.0,4,Fashion,3,Single,8,0,14.0,1.0,4.0,3.0,209.99,1,0,1,0,0,1,0,0,1,0,0,0,0,0,0,1
51673,1,2.0,Phone,3,9.0,Credit Card,Female,2.0,3,Laptop & Accessory,3,Married,5,1,18.0,1.0,1.0,0.0,152.38,0,0,1,0,1,0,0,0,0,0,1,0,0,0,1,0
51706,0,30.0,Phone,1,6.0,Credit Card,Male,2.0,3,Laptop & Accessory,3,Married,3,0,11.0,0.0,1.0,2.0,167.55,1,0,1,0,1,0,0,0,0,0,1,0,0,0,1,0
52853,0,2.0,Phone,1,28.0,Credit Card,Male,3.0,4,Mobile,2,Divorced,3,0,12.0,1.0,2.0,3.0,152.13,1,0,1,0,1,0,0,0,0,0,0,1,0,1,0,0
53966,0,25.0,Phone,1,10.0,Cash On Delivery,Female,3.0,4,Fashion,3,Married,4,0,12.0,3.0,2.0,3.0,256.16,0,0,1,1,0,0,0,0,1,0,0,0,0,0,1,0
52149,0,7.0,Computer,1,9.0,Debit Card,Male,2.9315348837209303,4,Mobile,1,Married,4,0,17.0,0.0,1.0,0.0,129.79,1,1,0,0,0,1,0,0,0,0,0,1,0,0,1,0
54639,0,1.0,Phone,3,20.0,Credit Card,Male,3.0,4,Mobile,3,Married,3,0,12.0,2.0,2.0,7.0,145.96,1,0,1,0,1,0,0,0,0,0,0,1,0,0,1,0
53745,0,23.0,Phone,1,14.0,Debit Card,Male,3.0,4,Fashion,4,Married,5,0,15.0,1.0,2.0,3.0,229.66,1,0,1,0,0,1,0,0,1,0,0,0,0,0,1,0
52636,1,0.0,Computer,1,15.0,Debit Card,Male,3.0,3,Laptop & Accessory,5,Married,5,0,17.0,0.0,1.0,7.0,153.46,1,1,0,0,0,1,0,0,0,0,1,0,0,0,1,0
51411,0,28.0,Phone,1,14.0,Credit Card,Female,2.0,3,Grocery,3,Married,3,1,14.0,1.0,2.0,2.0,247.56,0,0,1,0,1,0,0,0,0,1,0,0,0,0,1,0
50193,1,15.0,Phone,1,14.0,Credit Card,Male,2.0,4,Laptop & Accessory,4,Divorced,3,0,15.0,7.0,7.0,7.0,149.41,1,0,1,0,1,0,0,0,0,0,1,0,0,1,0,0
55423,1,7.0,Computer,1,24.0,Cash On Delivery,Male,3.0,5,Mobile,3,Married,11,1,17.0,2.0,2.0,1.0,149.37,1,1,0,1,0,0,0,0,0,0,0,1,0,0,1,0
55596,0,18.0,Phone,1,8.0,Credit Card,Male,3.0,4,Mobile,1,Single,8,1,13.0,2.0,2.0,3.0,149.36,1,0,1,0,1,0,0,0,0,0,0,1,0,0,0,1
51750,0,1.0,Phone,1,23.0,Credit Card,Male,3.0,3,Laptop & Accessory,5,Married,2,0,12.0,0.0,1.0,8.0,145.58,1,0,1,0,1,0,0,0,0,0,1,0,0,0,1,0
52781,0,17.0,Phone,1,14.0,Credit Card,Male,2.0,3,Mobile,1,Single,7,1,12.0,1.0,1.0,2.0,124.36000000000001,1,0,1,0,1,0,0,0,0,0,0,1,0,0,0,1
54220,0,11.0,Phone,1,7.0,Debit Card,Male,3.0,5,Laptop & Accessory,3,Married,3,0,19.0,1.0,2.0,8.0,184.93,1,0,1,0,0,1,0,0,0,0,1,0,0,0,1,0
54975,0,14.0,Phone,1,21.0,Credit Card,Male,3.0,5,Others,3,Single,3,0,15.0,4.0,5.0,10.0,321.26,1,0,1,0,1,0,0,0,0,0,0,0,1,0,0,1
54521,0,31.0,Phone,1,7.0,Credit Card,Male,3.0,4,Laptop & Accessory,3,Married,4,0,12.0,1.0,2.0,3.0,192.55,1,0,1,0,1,0,0,0,0,0,1,0,0,0,1,0
52281,0,5.0,Phone,3,14.0,Credit Card,Male,2.0,1,Laptop & Accessory,1,Married,2,0,15.0,0.0,1.0,8.0,162.09,1,0,1,0,1,0,0,0,0,0,1,0,0,0,1,0
50250,0,1.0,Phone,3,15.0,Debit Card,Male,3.0,3,Laptop & Accessory,2,Single,2,0,16.0,1.0,1.0,7.0,152.53,1,0,1,0,0,1,0,0,0,0,1,0,0,0,0,1
51128,0,7.0,Phone,1,8.0,Credit Card,Male,2.9315348837209303,1,Mobile,1,Married,1,1,14.0,0.0,1.0,2.0,129.32,1,0,1,0,1,0,0,0,0,0,0,1,0,0,1,0
51231,0,9.0,Phone,3,23.0,E Wallet,Male,2.0,4,Laptop & Accessory,4,Married,3,0,16.0,1.0,1.0,3.0,155.07,1,0,1,0,0,0,1,0,0,0,1,0,0,0,1,0
51694,0,15.0,Phone,1,29.0,Debit Card,Female,2.0,3,Grocery,1,Single,3,0,14.0,0.0,2.0,0.0,259.92,0,0,1,0,0,1,0,0,0,1,0,0,0,0,0,1
50906,0,4.0,Phone,3,14.0,Debit Card,Male,2.0,3,Fashion,2,Married,2,0,18.0,2.0,9.0,9.0,207.93,1,0,1,0,0,1,0,0,1,0,0,0,0,0,1,0
52136,0,6.0,Phone,1,11.0,Debit Card,Male,2.0,4,Fashion,1,Married,5,0,15.0,1.0,1.0,2.0,171.19,1,0,1,0,0,1,0,0,1,0,0,0,0,0,1,0
54912,0,24.0,Computer,3,7.0,Debit Card,Female,4.0,4,Laptop & Accessory,3,Married,2,0,13.0,1.0,2.0,14.0,188.47,0,1,0,0,0,1,0,0,0,0,1,0,0,0,1,0
50587,1,0.0,Phone,1,14.0,Debit Card,Female,3.0,4,Mobile,5,Single,7,1,20.0,1.0,1.0,0.0,124.03999999999999,0,0,1,0,0,1,0,0,0,0,0,1,0,0,0,1
54556,0,17.0,Computer,1,28.0,Credit Card,Male,4.0,4,Mobile,1,Married,9,0,21.0,2.0,2.0,3.0,147.58,1,1,0,0,1,0,0,0,0,0,0,1,0,0,1,0
54788,0,26.0,Computer,1,32.0,Credit Card,Female,3.0,5,Grocery,1,Married,5,0,23.0,1.0,2.0,1.0,263.26,0,1,0,0,1,0,0,0,0,1,0,0,0,0,1,0
51314,1,9.0,Computer,3,15.0,E Wallet,Male,2.0,3,Mobile,5,Married,2,0,19.0,1.0,1.0,0.0,117.9,1,1,0,0,0,0,1,0,0,0,0,1,0,0,1,0
53451,0,27.0,Computer,3,9.0,E Wallet,Female,3.0,5,Fashion,4,Divorced,4,0,13.0,1.0,7.0,13.0,200.25,0,1,0,0,0,0,1,0,1,0,0,0,0,1,0,0
52450,0,2.0,Phone,1,14.0,Debit Card,Male,3.0,1,Mobile,3,Married,7,0,18.0,0.0,1.0,0.0,124.50999999999999,1,0,1,0,0,1,0,0,0,0,0,1,0,0,1,0
53348,0,3.0,Phone,1,14.0,Credit Card,Female,4.0,5,Mobile,2,Married,8,0,15.0,2.0,2.0,4.0,150.32,0,0,1,0,1,0,0,0,0,0,0,1,0,0,1,0
51307,0,5.0,Phone,3,6.0,E Wallet,Female,2.0,3,Fashion,1,Married,2,0,19.0,3.0,5.0,7.0,204.22,0,0,1,0,0,0,1,0,1,0,0,0,0,0,1,0
54892,1,1.0,Phone,1,18.0,Credit Card,Female,4.0,5,Mobile,5,Single,3,1,16.0,2.0,2.0,1.0,151.0,0,0,1,0,1,0,0,0,0,0,0,1,0,0,0,1
52949,0,25.0,Phone,1,7.0,Debit Card,Male,4.0,4,Mobile,2,Divorced,3,0,12.0,2.0,2.0,1.0,152.23,1,0,1,0,0,1,0,0,0,0,0,1,0,1,0,0
54641,1,1.0,Computer,3,19.0,Debit Card,Male,4.0,5,Mobile,5,Married,3,0,19.0,2.0,2.0,1.0,145.33,1,1,0,0,0,1,0,0,0,0,0,1,0,0,1,0
52064,0,18.0,Computer,1,29.0,Debit Card,Male,2.0,3,Laptop & Accessory,5,Married,2,1,15.0,1.0,1.0,8.0,136.33,1,1,0,0,0,1,0,0,0,0,1,0,0,0,1,0
55501,0,10.0,Phone,3,17.0,Cash On Delivery,Female,4.0,5,Laptop & Accessory,3,Married,3,1,14.0,1.0,2.0,8.0,181.73,0,0,1,1,0,0,0,0,0,0,1,0,0,0,1,0
50232,0,15.0,Phone,1,8.0,Upi,Male,3.0,4,Laptop & Accessory,2,Single,4,0,23.0,0.0,1.0,0.0,167.81,1,0,1,0,0,0,0,1,0,0,1,0,0,0,0,1
50890,0,4.0,Phone,1,14.0,Debit Card,Female,3.0,3,Grocery,4,Single,4,0,11.0,1.0,1.0,0.0,264.22,0,0,1,0,0,1,0,0,0,1,0,0,0,0,0,1
54676,0,9.0,Computer,1,10.0,Debit Card,Male,3.0,5,Mobile,3,Married,3,0,19.0,2.0,2.0,1.0,137.81,1,1,0,0,0,1,0,0,0,0,0,1,0,0,1,0
50960,0,7.0,Phone,3,6.0,Cash On Delivery,Male,3.0,4,Fashion,3,Divorced,2,1,14.0,7.0,8.0,6.0,170.83,1,0,1,1,0,0,0,0,1,0,0,0,0,1,0,0
55002,0,1.0,Phone,1,31.0,Credit Card,Male,3.0,4,Mobile,4,Single,10,0,23.0,1.0,2.0,3.0,160.97,1,0,1,0,1,0,0,0,0,0,0,1,0,0,0,1
55432,1,1.0,Phone,3,14.0,E Wallet,Male,3.0,4,Mobile,4,Single,3,0,14.0,1.0,2.0,1.0,151.79,1,0,1,0,0,0,1,0,0,0,0,1,0,0,0,1
54714,0,14.0,Phone,1,9.0,Credit Card,Female,3.0,5,Mobile,1,Single,2,1,21.0,1.0,3.0,4.0,148.42,0,0,1,0,1,0,0,0,0,0,0,1,0,0,0,1
51003,0,9.0,Phone,1,16.0,Cash On Delivery,Male,2.0,1,Mobile,3,Married,3,0,16.0,2.0,2.0,2.0,120.72999999999999,1,0,1,1,0,0,0,0,0,0,0,1,0,0,1,0
55369,0,8.0,Phone,1,12.0,Credit Card,Male,3.0,5,Laptop & Accessory,1,Married,3,0,15.0,1.0,5.0,14.0,164.86,1,0,1,0,1,0,0,0,0,0,1,0,0,0,1,0
54383,0,11.0,Computer,1,18.0,Upi,Male,3.0,4,Fashion,1,Married,3,1,15.0,2.0,2.0,8.0,246.85000000000002,1,1,0,0,0,0,0,1,1,0,0,0,0,0,1,0
52753,0,0.0,Phone,1,7.0,Debit Card,Male,2.0,4,Laptop & Accessory,3,Single,2,0,12.0,1.0,1.0,2.0,146.17,1,0,1,0,0,1,0,0,0,0,1,0,0,0,0,1
52449,0,21.0,Phone,3,22.0,Debit Card,Female,3.0,3,Laptop & Accessory,3,Married,9,0,14.0,7.0,7.0,7.0,164.39,0,0,1,0,0,1,0,0,0,0,1,0,0,0,1,0
55625,0,1.0,Phone,3,12.0,Upi,Female,2.0,5,Mobile,3,Single,2,0,19.0,2.0,2.0,1.0,154.66,0,0,1,0,0,0,0,1,0,0,0,1,0,0,0,1
50138,0,9.0,Phone,1,8.0,Cash On Delivery,Male,2.0,4,Laptop & Accessory,5,Single,5,0,13.0,0.0,1.0,4.0,121.75999999999999,1,0,1,1,0,0,0,0,0,0,1,0,0,0,0,1
52433,0,9.0,Phone,3,13.0,Cash On Delivery,Male,2.0,3,Mobile,3,Married,1,1,25.0,3.0,5.0,7.0,123.08000000000001,1,0,1,1,0,0,0,0,0,0,0,1,0,0,1,0
50414,0,14.0,Phone,2,6.0,Upi,Male,2.0,4,Others,3,Divorced,2,0,12.0,1.0,2.0,10.0,291.89,1,0,1,0,0,0,0,1,0,0,0,0,1,1,0,0
53727,1,1.0,Computer,1,9.0,Debit Card,Male,4.0,4,Mobile,1,Divorced,8,1,14.0,3.0,3.0,3.0,162.22,1,1,0,0,0,1,0,0,0,0,0,1,0,1,0,0
50845,0,21.0,Phone,1,10.0,Debit Card,Male,2.0,3,Fashion,2,Single,2,0,11.0,1.0,1.0,8.0,178.98,1,0,1,0,0,1,0,0,1,0,0,0,0,0,0,1
54147,0,9.0,Computer,1,25.0,Debit Card,Male,4.0,4,Laptop & Accessory,3,Married,3,1,15.0,2.0,2.0,3.0,181.89,1,1,0,0,0,1,0,0,0,0,1,0,0,0,1,0
55265,0,3.0,Phone,1,16.0,Debit Card,Male,4.0,2,Mobile,3,Married,8,0,19.0,1.0,2.0,1.0,149.51,1,0,1,0,0,1,0,0,0,0,0,1,0,0,1,0
53752,0,1.0,Computer,3,20.0,Debit Card,Female,4.0,4,Mobile,4,Divorced,3,0,14.0,1.0,2.0,1.0,145.33,0,1,0,0,0,1,0,0,0,0,0,1,0,1,0,0
51718,0,8.0,Phone,1,15.0,Debit Card,Male,3.0,4,Laptop & Accessory,4,Single,10,0,19.0,0.0,1.0,0.0,165.4,1,0,1,0,0,1,0,0,0,0,1,0,0,0,0,1
55140,0,8.0,Phone,1,36.0,Credit Card,Male,3.0,4,Laptop & Accessory,3,Married,6,0,14.0,6.0,8.0,8.0,179.29,1,0,1,0,1,0,0,0,0,0,1,0,0,0,1,0
50132,0,15.0,Phone,1,14.0,Credit Card,Female,2.0,4,Mobile,5,Married,1,1,11.0,4.0,7.0,8.0,125.93,0,0,1,0,1,0,0,0,0,0,0,1,0,0,1,0
50463,0,25.0,Phone,1,17.0,Debit Card,Female,2.9315348837209303,3,Laptop & Accessory,3,Divorced,9,0,20.0,1.0,1.0,4.0,131.49,0,0,1,0,0,1,0,0,0,0,1,0,0,1,0,0
52970,0,24.0,Phone,1,11.0,Debit Card,Male,4.0,4,Others,4,Married,5,0,15.0,2.0,2.0,7.0,316.44,1,0,1,0,0,1,0,0,0,0,0,0,1,0,1,0
55390,0,14.0,Phone,1,15.0,Debit Card,Female,4.0,4,Laptop & Accessory,5,Married,4,1,17.0,2.0,2.0,1.0,190.16,0,0,1,0,0,1,0,0,0,0,1,0,0,0,1,0
51130,0,22.0,Phone,3,17.0,E Wallet,Female,3.0,3,Laptop & Accessory,1,Single,4,0,12.0,0.0,1.0,4.0,145.07,0,0,1,0,0,0,1,0,0,0,1,0,0,0,0,1
50636,0,26.0,Computer,3,8.0,E Wallet,Female,2.0,4,Fashion,4,Divorced,3,0,12.0,0.0,6.0,12.0,175.25,0,1,0,0,0,0,1,0,1,0,0,0,0,1,0,0
53582,0,18.0,Phone,1,9.0,Debit Card,Female,4.0,2,Mobile,2,Divorced,3,0,14.0,7.0,8.0,8.0,145.11,0,0,1,0,0,1,0,0,0,0,0,1,0,1,0,0
51887,0,9.0,Computer,1,14.0,Debit Card,Female,3.0,1,Fashion,5,Married,10,0,14.0,0.0,1.0,3.0,217.13,0,1,0,0,0,1,0,0,1,0,0,0,0,0,1,0
53078,0,14.0,Phone,3,9.0,E Wallet,Female,3.0,4,Laptop & Accessory,4,Married,9,0,13.0,1.0,2.0,4.0,182.15,0,0,1,0,0,0,1,0,0,0,1,0,0,0,1,0
54749,0,24.0,Phone,1,9.0,Credit Card,Male,4.0,4,Grocery,3,Married,7,0,15.0,1.0,2.0,4.0,301.39,1,0,1,0,1,0,0,0,0,1,0,0,0,0,1,0
51554,0,13.0,Computer,1,15.0,Debit Card,Male,3.0,4,Laptop & Accessory,1,Married,10,0,14.0,0.0,1.0,2.0,148.76,1,1,0,0,0,1,0,0,0,0,1,0,0,0,1,0
52179,0,0.0,Phone,1,14.0,Debit Card,Male,2.0,4,Mobile,3,Married,2,0,13.0,1.0,2.0,2.0,125.38999999999999,1,0,1,0,0,1,0,0,0,0,0,1,0,0,1,0
54415,0,3.0,Phone,3,27.0,E Wallet,Male,3.0,4,Laptop & Accessory,1,Married,4,0,15.0,2.0,2.0,3.0,194.31,1,0,1,0,0,0,1,0,0,0,1,0,0,0,1,0
54732,0,1.0,Computer,1,7.0,Debit Card,Female,4.0,6,Mobile,1,Married,5,0,15.0,3.0,3.0,1.0,168.64,0,1,0,0,0,1,0,0,0,0,0,1,0,0,1,0
52946,0,1.0,Phone,1,7.0,Debit Card,Female,4.0,4,Laptop & Accessory,3,Divorced,2,0,13.0,2.0,2.0,3.0,173.98,0,0,1,0,0,1,0,0,0,0,1,0,0,1,0,0
52759,0,0.0,Phone,1,8.0,Upi,Male,2.0,3,Mobile,3,Married,7,1,19.0,0.0,1.0,2.0,139.77,1,0,1,0,0,0,0,1,0,0,0,1,0,0,1,0
54758,0,16.0,Phone,1,7.0,Debit Card,Female,3.0,5,Laptop & Accessory,1,Married,11,1,14.0,1.0,2.0,3.0,185.62,0,0,1,0,0,1,0,0,0,0,1,0,0,0,1,0
53178,0,1.0,Phone,1,7.0,Debit Card,Female,3.0,5,Mobile,4,Single,3,0,14.0,2.0,2.0,1.0,153.36,0,0,1,0,0,1,0,0,0,0,0,1,0,0,0,1
50094,0,18.0,Computer,3,12.0,Credit Card,Female,2.0,4,Fashion,2,Single,7,0,12.0,12.0,12.0,8.0,188.65,0,1,0,0,1,0,0,0,1,0,0,0,0,0,0,1
50015,1,9.0,Phone,3,15.0,Credit Card,Male,3.0,4,Fashion,2,Single,2,0,16.0,0.0,4.0,7.0,196.19,1,0,1,0,1,0,0,0,1,0,0,0,0,0,0,1
55629,0,23.0,Computer,3,9.0,Credit Card,Male,4.0,5,Laptop & Accessory,4,Married,4,0,15.0,2.0,2.0,9.0,178.9,1,1,0,0,1,0,0,0,0,0,1,0,0,0,1,0
54132,0,30.0,Computer,1,7.0,Debit Card,Male,3.0,4,Laptop & Accessory,3,Married,3,0,22.0,1.0,2.0,10.0,188.06,1,1,0,0,0,1,0,0,0,0,1,0,0,0,1,0
50522,0,26.0,Phone,3,14.0,E Wallet,Male,3.0,3,Grocery,2,Divorced,6,0,14.0,0.0,2.0,3.0,218.36,1,0,1,0,0,0,1,0,0,1,0,0,0,1,0,0
54472,0,19.0,Computer,1,14.0,Debit Card,Male,4.0,4,Fashion,5,Married,3,0,19.0,3.0,10.0,12.0,177.1,1,1,0,0,0,1,0,0,1,0,0,0,0,0,1,0
53383,0,6.0,Phone,1,10.0,Credit Card,Female,4.0,4,Laptop & Accessory,5,Divorced,3,0,13.0,7.0,7.0,4.0,192.25,0,0,1,0,1,0,0,0,0,0,1,0,0,1,0,0
52201,0,10.0,Phone,1,7.0,Debit Card,Female,2.0,4,Laptop & Accessory,1,Married,2,0,13.0,0.0,3.0,11.0,164.74,0,0,1,0,0,1,0,0,0,0,1,0,0,0,1,0
50732,0,0.0,Phone,1,9.0,Debit Card,Male,2.9315348837209303,4,Mobile,3,Single,2,0,12.0,0.0,1.0,2.0,130.33,1,0,1,0,0,1,0,0,0,0,0,1,0,0,0,1
50486,0,0.0,Phone,1,11.0,Cash On Delivery,Male,2.0,4,Fashion,2,Married,2,1,16.0,0.0,1.0,3.0,228.07999999999998,1,0,1,1,0,0,0,0,1,0,0,0,0,0,1,0
51425,0,19.0,Phone,2,11.0,Credit Card,Male,3.0,3,Laptop & Accessory,4,Married,2,1,22.0,1.0,1.0,2.0,150.21,1,0,1,0,1,0,0,0,0,0,1,0,0,0,1,0
54497,1,1.0,Phone,1,15.0,Upi,Male,4.0,6,Mobile,5,Married,3,1,12.0,1.0,2.0,8.0,146.19,1,0,1,0,0,0,0,1,0,0,0,1,0,0,1,0
50545,1,2.0,Phone,1,14.0,Credit Card,Male,3.0,3,Mobile,5,Divorced,8,1,21.0,1.0,2.0,2.0,124.03999999999999,1,0,1,0,1,0,0,0,0,0,0,1,0,1,0,0
52209,0,6.0,Phone,2,8.0,Upi,Male,3.0,3,Mobile,3,Married,2,0,13.0,1.0,1.0,4.0,136.0,1,0,1,0,0,0,0,1,0,0,0,1,0,0,1,0
55025,1,5.0,Computer,1,12.0,Debit Card,Male,4.0,5,Mobile,5,Married,8,0,18.0,1.0,2.0,1.0,146.07,1,1,0,0,0,1,0,0,0,0,0,1,0,0,1,0
52797,0,11.0,Phone,3,16.0,Debit Card,Female,3.0,3,Laptop & Accessory,1,Married,2,0,11.0,0.0,1.0,9.0,153.43,0,0,1,0,0,1,0,0,0,0,1,0,0,0,1,0
50329,1,0.0,Computer,2,23.0,Debit Card,Female,2.9315348837209303,3,Mobile,3,Married,1,1,11.0,0.0,1.0,0.0,127.41,0,1,0,0,0,1,0,0,0,0,0,1,0,0,1,0
51539,0,9.0,Computer,1,13.0,Credit Card,Male,2.0,1,Mobile,1,Married,5,0,14.0,1.0,2.0,2.0,120.88999999999999,1,1,0,0,1,0,0,0,0,0,0,1,0,0,1,0
51547,0,22.0,Computer,1,24.0,Debit Card,Male,3.0,3,Laptop & Accessory,1,Married,2,1,15.0,0.0,1.0,7.0,168.04,1,1,0,0,0,1,0,0,0,0,1,0,0,0,1,0
53945,0,23.0,Phone,3,18.0,E Wallet,Female,4.0,4,Laptop & Accessory,1,Single,5,0,13.0,1.0,2.0,5.0,170.07,0,0,1,0,0,0,1,0,0,0,1,0,0,0,0,1
51567,0,6.0,Phone,1,14.0,Credit Card,Female,2.0,4,Mobile,4,Married,7,0,21.0,0.0,1.0,1.0,126.22,0,0,1,0,1,0,0,0,0,0,0,1,0,0,1,0
51534,0,7.0,Computer,1,8.0,Debit Card,Male,2.0,4,Laptop & Accessory,3,Married,2,0,17.0,0.0,1.0,9.0,195.47,1,1,0,0,0,1,0,0,0,0,1,0,0,0,1,0
55115,0,16.0,Computer,1,9.0,Debit Card,Male,3.0,4,Grocery,3,Married,2,1,15.0,1.0,3.0,11.0,303.61,1,1,0,0,0,1,0,0,0,1,0,0,0,0,1,0
53200,0,7.0,Computer,1,13.0,Debit Card,Male,2.0,4,Laptop & Accessory,2,Married,5,0,24.0,5.0,5.0,8.0,202.25,1,1,0,0,0,1,0,0,0,0,1,0,0,0,1,0
55214,0,31.0,Phone,1,8.0,Debit Card,Male,4.0,2,Laptop & Accessory,3,Married,2,0,25.0,2.0,3.0,9.0,174.0,1,0,1,0,0,1,0,0,0,0,1,0,0,0,1,0
53546,0,11.0,Phone,1,7.0,Debit Card,Female,3.0,5,Laptop & Accessory,2,Divorced,3,0,14.0,4.0,4.0,12.0,189.74,0,0,1,0,0,1,0,0,0,0,1,0,0,1,0,0
50555,0,4.0,Computer,3,26.0,E Wallet,Female,2.0,3,Laptop & Accessory,3,Divorced,2,0,13.0,1.0,1.0,0.0,169.32,0,1,0,0,0,0,1,0,0,0,1,0,0,1,0,0
50738,0,9.0,Computer,1,23.0,Debit Card,Male,3.0,5,Mobile,3,Single,3,0,13.0,1.0,1.0,0.0,122.9,1,1,0,0,0,1,0,0,0,0,0,1,0,0,0,1
55072,1,1.0,Computer,3,31.0,Debit Card,Male,4.0,6,Mobile,1,Single,3,1,15.0,2.0,2.0,1.0,136.18,1,1,0,0,0,1,0,0,0,0,0,1,0,0,0,1
53955,0,29.0,Phone,1,9.0,Credit Card,Male,3.0,5,Others,5,Married,10,0,15.0,1.0,2.0,1.0,315.38,1,0,1,0,1,0,0,0,0,0,0,0,1,0,1,0
53332,0,6.0,Computer,3,12.0,Debit Card,Male,3.0,4,Laptop & Accessory,4,Divorced,3,0,15.0,3.0,6.0,4.0,190.24,1,1,0,0,0,1,0,0,0,0,1,0,0,1,0,0
51934,0,23.0,Phone,1,8.0,Credit Card,Male,3.0,3,Grocery,3,Married,6,0,16.0,1.0,1.0,3.0,276.39,1,0,1,0,1,0,0,0,0,1,0,0,0,0,1,0
50283,0,18.0,Phone,1,14.0,Debit Card,Male,3.0,3,Mobile,2,Divorced,4,0,21.0,1.0,1.0,2.0,126.53999999999999,1,0,1,0,0,1,0,0,0,0,0,1,0,1,0,0
50247,0,9.0,Phone,1,29.0,Debit Card,Male,2.0,3,Mobile,2,Single,10,0,16.0,1.0,1.0,2.0,122.00999999999999,1,0,1,0,0,1,0,0,0,0,0,1,0,0,0,1
52217,1,9.0,Phone,1,23.0,Debit Card,Female,3.0,3,Mobile,4,Married,2,0,13.0,1.0,1.0,0.0,122.1,0,0,1,0,0,1,0,0,0,0,0,1,0,0,1,0
50262,0,10.0,Phone,1,20.0,Debit Card,Female,2.9315348837209303,3,Mobile,5,Married,2,0,12.0,3.0,12.0,17.0,130.34,0,0,1,0,0,1,0,0,0,0,0,1,0,0,1,0
53654,0,12.0,Phone,3,9.0,Debit Card,Female,3.0,4,Laptop & Accessory,5,Married,5,0,16.0,1.0,2.0,8.0,193.93,0,0,1,0,0,1,0,0,0,0,1,0,0,0,1,0
55609,0,15.0,Phone,3,10.0,Debit Card,Male,3.0,5,Laptop & Accessory,4,Married,4,0,12.0,2.0,2.0,3.0,214.38,1,0,1,0,0,1,0,0,0,0,1,0,0,0,1,0
55434,1,1.0,Phone,1,15.0,Credit Card,Female,4.0,4,Mobile,5,Married,3,1,18.0,1.0,2.0,1.0,148.98,0,0,1,0,1,0,0,0,0,0,0,1,0,0,1,0
54634,0,23.0,Phone,1,25.0,Debit Card,Male,3.0,5,Others,3,Married,3,1,15.0,2.0,2.0,10.0,320.02,1,0,1,0,0,1,0,0,0,0,0,0,1,0,1,0
50300,0,30.0,Phone,3,35.0,E Wallet,Male,2.0,4,Grocery,2,Married,4,0,12.0,0.0,2.0,0.0,241.18,1,0,1,0,0,0,1,0,0,1,0,0,0,0,1,0
52369,0,9.0,Phone,1,7.0,Debit Card,Female,2.0,3,Mobile,5,Married,3,0,22.0,0.0,1.0,0.0,120.66,0,0,1,0,0,1,0,0,0,0,0,1,0,0,1,0
50893,0,9.0,Phone,1,17.0,Debit Card,Male,3.0,3,Mobile,5,Divorced,1,0,14.0,1.0,1.0,4.0,120.99000000000001,1,0,1,0,0,1,0,0,0,0,0,1,0,1,0,0
50013,1,0.0,Phone,1,11.0,Cash On Delivery,Male,2.0,3,Mobile,3,Single,2,1,13.0,2.0,2.0,2.0,134.41,1,0,1,1,0,0,0,0,0,0,0,1,0,0,0,1
55128,0,14.0,Phone,1,8.0,Debit Card,Male,3.0,4,Mobile,4,Married,5,0,23.0,2.0,2.0,4.0,148.87,1,0,1,0,0,1,0,0,0,0,0,1,0,0,1,0
51622,0,8.0,Phone,1,28.0,Debit Card,Female,3.0,1,Fashion,4,Married,8,0,18.0,5.0,6.0,3.0,219.95999999999998,0,0,1,0,0,1,0,0,1,0,0,0,0,0,1,0
50090,1,0.0,Phone,1,14.0,Cash On Delivery,Female,2.0,3,Mobile,5,Single,6,1,11.0,1.0,1.0,4.0,126.57,0,0,1,1,0,0,0,0,0,0,0,1,0,0,0,1
55574,0,1.0,Phone,1,9.0,Upi,Male,3.0,4,Mobile,3,Married,8,1,20.0,1.0,2.0,3.0,164.77,1,0,1,0,0,0,0,1,0,0,0,1,0,0,1,0
51263,0,2.0,Phone,1,6.0,Debit Card,Male,2.0,3,Laptop & Accessory,5,Married,1,0,12.0,1.0,1.0,2.0,153.73,1,0,1,0,0,1,0,0,0,0,1,0,0,0,1,0
54890,0,9.0,Phone,1,32.0,Credit Card,Female,3.0,4,Fashion,3,Married,3,1,12.0,1.0,11.0,3.0,228.88,0,0,1,0,1,0,0,0,1,0,0,0,0,0,1,0
51894,0,16.0,Computer,3,21.0,Debit Card,Male,2.0,4,Laptop & Accessory,1,Married,4,0,18.0,1.0,2.0,2.0,168.04,1,1,0,0,0,1,0,0,0,0,1,0,0,0,1,0
52289,0,19.0,Phone,2,7.0,Debit Card,Female,2.0,3,Mobile,5,Single,7,0,12.0,2.0,5.0,7.0,134.23,0,0,1,0,0,1,0,0,0,0,0,1,0,0,0,1
54665,1,9.0,Computer,3,33.0,Debit Card,Female,4.0,4,Laptop & Accessory,5,Married,4,0,15.0,1.0,2.0,1.0,167.86,0,1,0,0,0,1,0,0,0,0,1,0,0,0,1,0
52310,0,7.0,Phone,3,21.0,Credit Card,Female,3.0,3,Laptop & Accessory,5,Single,2,0,12.0,4.0,9.0,6.0,161.25,0,0,1,0,1,0,0,0,0,0,1,0,0,0,0,1
53392,0,27.0,Phone,3,9.0,Credit Card,Male,3.0,4,Grocery,3,Married,8,0,14.0,1.0,16.0,3.0,273.52,1,0,1,0,1,0,0,0,0,1,0,0,0,0,1,0
51702,0,15.0,Phone,1,8.0,Upi,Male,3.0,4,Laptop & Accessory,1,Single,4,0,23.0,1.0,1.0,0.0,167.81,1,0,1,0,0,0,0,1,0,0,1,0,0,0,0,1
53991,0,8.0,Phone,3,15.0,Cash On Delivery,Male,4.0,2,Laptop & Accessory,3,Married,3,0,22.0,1.0,5.0,9.0,192.99,1,0,1,1,0,0,0,0,0,0,1,0,0,0,1,0
50541,0,20.0,Phone,3,8.0,Debit Card,Female,3.0,4,Mobile,2,Single,2,1,18.0,1.0,1.0,2.0,132.94,0,0,1,0,0,1,0,0,0,0,0,1,0,0,0,1
55218,1,1.0,Computer,3,20.0,Cash On Delivery,Female,3.0,4,Laptop & Accessory,4,Single,7,0,12.0,2.0,2.0,1.0,182.65,0,1,0,1,0,0,0,0,0,0,1,0,0,0,0,1
50228,0,21.0,Phone,3,35.0,Credit Card,Female,3.0,3,Fashion,3,Divorced,4,0,21.0,0.0,1.0,3.0,225.04000000000002,0,0,1,0,1,0,0,0,1,0,0,0,0,1,0,0
51825,1,0.0,Computer,1,13.0,Debit Card,Female,2.9315348837209303,3,Mobile,3,Married,2,1,16.0,0.0,1.0,2.0,128.86,0,1,0,0,0,1,0,0,0,0,0,1,0,0,1,0
52091,0,28.0,Computer,1,24.0,Credit Card,Male,3.0,3,Laptop & Accessory,4,Married,4,1,14.0,2.0,6.0,7.0,163.85,1,1,0,0,1,0,0,0,0,0,1,0,0,0,1,0
54249,0,4.0,Phone,1,9.0,Debit Card,Male,5.0,5,Laptop & Accessory,1,Married,3,0,20.0,4.0,11.0,9.0,166.52,1,0,1,0,0,1,0,0,0,0,1,0,0,0,1,0
55511,0,1.0,Phone,3,9.0,Credit Card,Female,3.0,2,Laptop & Accessory,3,Single,2,0,15.0,1.0,2.0,8.0,190.0,0,0,1,0,1,0,0,0,0,0,1,0,0,0,0,1
52389,0,26.0,Phone,1,8.0,Credit Card,Male,2.0,1,Grocery,4,Single,5,0,12.0,1.0,8.0,8.0,265.98,1,0,1,0,1,0,0,0,0,1,0,0,0,0,0,1
53625,0,1.0,Phone,1,7.0,Credit Card,Female,3.0,4,Mobile,4,Single,3,0,19.0,2.0,3.0,2.0,145.96,0,0,1,0,1,0,0,0,0,0,0,1,0,0,0,1
50842,1,20.0,Phone,1,13.0,Credit Card,Female,2.0,4,Fashion,5,Divorced,8,1,14.0,4.0,5.0,9.0,200.08,0,0,1,0,1,0,0,0,1,0,0,0,0,1,0,0
53077,0,11.0,Phone,1,21.0,Debit Card,Female,4.0,4,Mobile,5,Married,3,0,13.0,4.0,13.0,18.0,155.34,0,0,1,0,0,1,0,0,0,0,0,1,0,0,1,0
50477,0,13.0,Computer,1,22.0,Credit Card,Male,2.0,4,Laptop & Accessory,3,Single,7,0,14.0,1.0,1.0,0.0,150.94,1,1,0,0,1,0,0,0,0,0,1,0,0,0,0,1
51810,0,10.0,Phone,1,6.0,Cash On Delivery,Female,2.0,3,Fashion,1,Single,5,0,17.0,1.0,1.0,2.0,174.91,0,0,1,1,0,0,0,0,1,0,0,0,0,0,0,1
54979,0,5.0,Computer,3,27.0,Debit Card,Male,4.0,2,Mobile,1,Married,2,0,13.0,3.0,3.0,3.0,152.91,1,1,0,0,0,1,0,0,0,0,0,1,0,0,1,0
54235,0,10.0,Phone,1,13.0,Debit Card,Female,3.0,2,Mobile,1,Married,5,0,13.0,1.0,2.0,1.0,155.38,0,0,1,0,0,1,0,0,0,0,0,1,0,0,1,0
50674,1,9.0,Phone,1,31.0,Credit Card,Male,2.0,4,Mobile,4,Single,5,1,20.0,0.0,2.0,2.0,123.13,1,0,1,0,1,0,0,0,0,0,0,1,0,0,0,1
50614,0,12.0,Phone,1,6.0,Debit Card,Female,3.0,4,Grocery,2,Divorced,2,0,16.0,0.0,11.0,3.0,227.42000000000002,0,0,1,0,0,1,0,0,0,1,0,0,0,1,0,0
53448,0,8.0,Phone,3,7.0,E Wallet,Male,4.0,2,Laptop & Accessory,2,Married,2,0,12.0,2.0,2.0,3.0,222.25,1,0,1,0,0,0,1,0,0,0,1,0,0,0,1,0
53331,0,1.0,Computer,1,11.0,Debit Card,Male,3.0,5,Mobile,2,Divorced,2,0,18.0,1.0,4.0,5.0,156.62,1,1,0,0,0,1,0,0,0,0,0,1,0,1,0,0
50829,1,7.0,Phone,1,14.0,Debit Card,Male,2.0,3,Mobile,5,Divorced,5,0,12.0,1.0,1.0,2.0,123.62,1,0,1,0,0,1,0,0,0,0,0,1,0,1,0,0
55598,0,13.0,Computer,1,16.0,Debit Card,Male,3.0,4,Others,1,Single,4,0,15.0,2.0,2.0,4.0,319.31,1,1,0,0,0,1,0,0,0,0,0,0,1,0,0,1
52244,0,16.0,Phone,1,9.0,Debit Card,Male,3.0,5,Others,1,Married,4,0,15.0,1.0,1.0,7.0,297.4,1,0,1,0,0,1,0,0,0,0,0,0,1,0,1,0
50253,0,9.0,Phone,1,14.0,Debit Card,Female,3.0,3,Mobile,3,Divorced,5,0,13.0,1.0,2.0,2.0,125.43,0,0,1,0,0,1,0,0,0,0,0,1,0,1,0,0
55540,1,1.0,Computer,2,29.0,Upi,Female,3.0,5,Mobile,4,Married,3,0,13.0,2.0,2.0,1.0,153.63,0,1,0,0,0,0,0,1,0,0,0,1,0,0,1,0
52311,0,0.0,Phone,1,25.0,Credit Card,Male,3.0,3,Mobile,1,Married,4,0,11.0,0.0,1.0,2.0,136.69,1,0,1,0,1,0,0,0,0,0,0,1,0,0,1,0
50320,0,21.0,Phone,3,8.0,E Wallet,Female,2.0,3,Laptop & Accessory,2,Divorced,3,0,14.0,4.0,6.0,7.0,140.51,0,0,1,0,0,0,1,0,0,0,1,0,0,1,0,0
51482,1,14.0,Computer,1,14.0,Debit Card,Male,2.0,5,Fashion,1,Single,3,0,15.0,1.0,1.0,3.0,206.5,1,1,0,0,0,1,0,0,1,0,0,0,0,0,0,1
54988,0,2.0,Computer,1,13.0,Debit Card,Male,3.0,5,Mobile,3,Married,3,1,15.0,2.0,2.0,3.0,152.03,1,1,0,0,0,1,0,0,0,0,0,1,0,0,1,0
52164,0,4.0,Computer,3,26.0,Debit Card,Male,2.9315348837209303,1,Mobile,1,Married,1,0,12.0,2.0,2.0,2.0,127.91,1,1,0,0,0,1,0,0,0,0,0,1,0,0,1,0
55578,0,5.0,Phone,3,9.0,Debit Card,Male,3.0,4,Mobile,3,Married,2,0,20.0,1.0,2.0,3.0,155.67,1,0,1,0,0,1,0,0,0,0,0,1,0,0,1,0
53303,0,2.0,Phone,3,9.0,E Wallet,Female,3.0,4,Laptop & Accessory,4,Divorced,3,1,21.0,8.0,8.0,6.0,172.79,0,0,1,0,0,0,1,0,0,0,1,0,0,1,0,0
50336,0,0.0,Phone,3,35.0,Credit Card,Male,2.0,3,Laptop & Accessory,3,Married,6,0,12.0,1.0,1.0,0.0,143.06,1,0,1,0,1,0,0,0,0,0,1,0,0,0,1,0
52441,0,6.0,Phone,1,34.0,Debit Card,Male,3.0,3,Laptop & Accessory,3,Married,2,1,12.0,4.0,5.0,7.0,152.07,1,0,1,0,0,1,0,0,0,0,1,0,0,0,1,0
53419,0,28.0,Phone,1,24.0,Cash On Delivery,Female,3.0,4,Fashion,3,Divorced,10,0,12.0,2.0,2.0,9.0,232.39,0,0,1,1,0,0,0,0,1,0,0,0,0,1,0,0
51014,0,23.0,Computer,1,26.0,Credit Card,Male,2.0,3,Grocery,3,Married,3,1,15.0,3.0,12.0,3.0,212.45,1,1,0,0,1,0,0,0,0,1,0,0,0,0,1,0
50895,0,9.0,Phone,3,22.0,E Wallet,Female,3.0,4,Laptop & Accessory,5,Divorced,5,0,13.0,1.0,1.0,2.0,156.47,0,0,1,0,0,0,1,0,0,0,1,0,0,1,0,0
52721,1,0.0,Computer,1,14.0,Debit Card,Female,2.0,1,Mobile,3,Single,4,1,14.0,0.0,1.0,3.0,124.32,0,1,0,0,0,1,0,0,0,0,0,1,0,0,0,1
52202,0,0.0,Phone,1,5.0,Debit Card,Male,2.9315348837209303,4,Mobile,3,Single,2,0,12.0,0.0,1.0,2.0,130.33,1,0,1,0,0,1,0,0,0,0,0,1,0,0,0,1
51929,0,7.0,Phone,3,14.0,Debit Card,Female,3.0,3,Laptop & Accessory,5,Married,6,0,17.0,1.0,1.0,2.0,165.0,0,0,1,0,0,1,0,0,0,0,1,0,0,0,1,0
55044,0,7.0,Phone,1,16.0,Credit Card,Male,3.0,4,Mobile,1,Married,2,0,14.0,1.0,5.0,11.0,152.81,1,0,1,0,1,0,0,0,0,0,0,1,0,0,1,0
54289,0,1.0,Phone,1,9.0,Cash On Delivery,Male,4.0,4,Mobile,1,Married,2,0,15.0,3.0,3.0,2.0,150.23,1,0,1,1,0,0,0,0,0,0,0,1,0,0,1,0
51704,0,9.0,Computer,3,6.0,Credit Card,Female,2.0,3,Laptop & Accessory,1,Single,5,0,15.0,1.0,1.0,0.0,166.53,0,1,0,0,1,0,0,0,0,0,1,0,0,0,0,1
51531,0,6.0,Phone,1,20.0,Credit Card,Female,2.9315348837209303,3,Mobile,4,Married,2,0,13.0,1.0,1.0,6.0,127.56,0,0,1,0,1,0,0,0,0,0,0,1,0,0,1,0
52482,1,0.0,Phone,1,14.0,Credit Card,Male,2.0,3,Mobile,4,Married,2,1,17.0,0.0,1.0,0.0,124.08000000000001,1,0,1,0,1,0,0,0,0,0,0,1,0,0,1,0
53063,0,9.0,Phone,1,16.0,Debit Card,Male,4.0,5,Laptop & Accessory,4,Single,11,0,20.0,2.0,2.0,1.0,190.4,1,0,1,0,0,1,0,0,0,0,1,0,0,0,0,1
54574,0,16.0,Computer,1,35.0,Cash On Delivery,Female,3.0,5,Laptop & Accessory,1,Married,2,0,12.0,1.0,2.0,5.0,170.23,0,1,0,1,0,0,0,0,0,0,1,0,0,0,1,0
50628,1,0.0,Phone,1,22.0,Debit Card,Female,2.9315348837209303,1,Mobile,5,Single,2,0,16.0,15.0,15.0,14.0,127.43,0,0,1,0,0,1,0,0,0,0,0,1,0,0,0,1
51959,0,7.0,Phone,2,9.0,Upi,Male,2.0,3,Mobile,1,Married,1,0,19.0,1.0,1.0,2.0,137.37,1,0,1,0,0,0,0,1,0,0,0,1,0,0,1,0
50548,0,15.0,Phone,3,20.0,Credit Card,Female,3.0,4,Laptop & Accessory,3,Single,8,0,17.0,0.0,1.0,3.0,162.44,0,0,1,0,1,0,0,0,0,0,1,0,0,0,0,1
50898,0,10.0,Computer,1,11.0,Cash On Delivery,Male,2.0,1,Mobile,3,Single,1,0,14.0,1.0,1.0,3.0,135.0,1,1,0,1,0,0,0,0,0,0,0,1,0,0,0,1
50905,0,13.0,Computer,1,15.0,Upi,Male,2.0,3,Laptop & Accessory,3,Married,4,0,11.0,1.0,1.0,7.0,139.75,1,1,0,0,0,0,0,1,0,0,1,0,0,0,1,0
52518,0,2.0,Phone,3,16.0,Credit Card,Male,2.0,4,Laptop & Accessory,3,Single,10,0,11.0,1.0,1.0,4.0,158.69,1,0,1,0,1,0,0,0,0,0,1,0,0,0,0,1
51506,0,0.0,Phone,1,14.0,Credit Card,Male,3.0,3,Mobile,1,Married,2,0,24.0,2.0,2.0,2.0,123.22999999999999,1,0,1,0,1,0,0,0,0,0,0,1,0,0,1,0
54153,0,13.0,Phone,3,31.0,E Wallet,Female,3.0,5,Grocery,1,Married,2,0,12.0,2.0,2.0,7.0,245.31,0,0,1,0,0,0,1,0,0,1,0,0,0,0,1,0
54640,1,1.0,Computer,1,14.0,Debit Card,Female,3.0,4,Mobile,3,Married,3,1,17.0,1.0,2.0,3.0,153.86,0,1,0,0,0,1,0,0,0,0,0,1,0,0,1,0
55348,0,12.0,Computer,1,8.0,Debit Card,Male,3.0,4,Laptop & Accessory,1,Married,9,0,16.0,2.0,3.0,10.0,172.35,1,1,0,0,0,1,0,0,0,0,1,0,0,0,1,0
55080,0,31.0,Phone,1,25.0,Credit Card,Male,4.0,4,Fashion,1,Single,8,0,13.0,4.0,6.0,3.0,230.12,1,0,1,0,1,0,0,0,1,0,0,0,0,0,0,1
55256,0,7.0,Phone,1,35.0,Debit Card,Male,4.0,4,Laptop & Accessory,3,Married,3,1,13.0,5.0,6.0,8.0,177.07,1,0,1,0,0,1,0,0,0,0,1,0,0,0,1,0
55523,0,19.0,Computer,1,8.0,Credit Card,Male,3.0,4,Laptop & Accessory,3,Single,6,0,13.0,1.0,2.0,4.0,178.99,1,1,0,0,1,0,0,0,0,0,1,0,0,0,0,1
53566,0,18.0,Phone,1,36.0,Upi,Male,3.0,4,Laptop & Accessory,2,Single,3,0,26.0,2.0,2.0,18.0,170.41,1,0,1,0,0,0,0,1,0,0,1,0,0,0,0,1
52811,0,9.0,Computer,1,14.0,Credit Card,Male,2.0,1,Laptop & Accessory,1,Married,5,0,17.0,0.0,1.0,3.0,125.71000000000001,1,1,0,0,1,0,0,0,0,0,1,0,0,0,1,0
54725,0,19.0,Phone,3,9.0,Cash On Delivery,Male,3.0,6,Laptop & Accessory,3,Single,2,0,14.0,2.0,4.0,2.0,191.32,1,0,1,1,0,0,0,0,0,0,1,0,0,0,0,1
53481,0,7.0,Phone,1,12.0,Debit Card,Male,3.0,5,Fashion,2,Married,6,0,16.0,1.0,2.0,3.0,196.19,1,0,1,0,0,1,0,0,1,0,0,0,0,0,1,0
51257,0,9.0,Computer,1,22.0,Credit Card,Male,2.0,3,Mobile,3,Single,2,0,14.0,0.0,1.0,4.0,121.44,1,1,0,0,1,0,0,0,0,0,0,1,0,0,0,1
51907,0,25.0,Phone,3,9.0,E Wallet,Male,2.0,4,Grocery,5,Married,2,0,11.0,1.0,1.0,16.0,268.56,1,0,1,0,0,0,1,0,0,1,0,0,0,0,1,0
50485,0,16.0,Phone,1,20.0,Debit Card,Male,3.0,3,Grocery,5,Divorced,7,0,24.0,1.0,1.0,0.0,271.59,1,0,1,0,0,1,0,0,0,1,0,0,0,1,0,0
53667,0,30.0,Phone,1,30.0,Debit Card,Male,4.0,4,Grocery,4,Divorced,6,1,13.0,12.0,2.0,10.0,259.02,1,0,1,0,0,1,0,0,0,1,0,0,0,1,0,0
54959,1,1.0,Phone,1,32.0,Credit Card,Male,3.0,5,Mobile,4,Single,6,1,21.0,2.0,3.0,3.0,148.13,1,0,1,0,1,0,0,0,0,0,0,1,0,0,0,1
50968,0,9.0,Phone,1,34.0,Cash On Delivery,Male,3.0,3,Mobile,1,Married,5,0,20.0,1.0,1.0,3.0,121.32,1,0,1,1,0,0,0,0,0,0,0,1,0,0,1,0
54066,1,1.0,Computer,1,12.0,Debit Card,Female,3.0,2,Mobile,3,Single,5,1,15.0,1.0,2.0,4.0,149.32,0,1,0,0,0,1,0,0,0,0,0,1,0,0,0,1
51473,1,9.0,Phone,3,28.0,E Wallet,Male,2.0,3,Mobile,3,Single,2,1,19.0,1.0,1.0,0.0,116.75,1,0,1,0,0,0,1,0,0,0,0,1,0,0,0,1
54974,1,3.0,Computer,1,9.0,Debit Card,Male,3.0,4,Grocery,1,Married,9,0,12.0,11.0,2.0,6.0,246.69,1,1,0,0,0,1,0,0,0,1,0,0,0,0,1,0
55236,0,6.0,Phone,1,17.0,Credit Card,Male,4.0,4,Fashion,1,Single,4,0,26.0,1.0,2.0,1.0,237.44,1,0,1,0,1,0,0,0,1,0,0,0,0,0,0,1
50047,1,0.0,Computer,3,14.0,Cash On Delivery,Female,3.0,5,Mobile,5,Single,1,0,21.0,1.0,1.0,0.0,123.25,0,1,0,1,0,0,0,0,0,0,0,1,0,0,0,1
52347,0,10.0,Phone,1,17.0,Credit Card,Female,3.0,3,Mobile,3,Single,5,0,18.0,1.0,1.0,2.0,136.29,0,0,1,0,1,0,0,0,0,0,0,1,0,0,0,1
52961,0,29.0,Phone,1,7.0,Credit Card,Male,3.0,4,Others,5,Single,2,1,15.0,5.0,5.0,14.0,315.45,1,0,1,0,1,0,0,0,0,0,0,0,1,0,0,1
54760,0,10.0,Phone,2,20.0,Upi,Male,3.0,4,Mobile,4,Married,6,0,14.0,2.0,2.0,5.0,146.43,1,0,1,0,0,0,0,1,0,0,0,1,0,0,1,0
54173,0,5.0,Phone,1,33.0,Debit Card,Male,3.0,4,Mobile,3,Married,3,0,18.0,4.0,5.0,4.0,154.11,1,0,1,0,0,1,0,0,0,0,0,1,0,0,1,0
51351,0,5.0,Computer,1,8.0,Debit Card,Male,2.9315348837209303,3,Mobile,1,Single,1,0,13.0,1.0,3.0,6.0,130.68,1,1,0,0,0,1,0,0,0,0,0,1,0,0,0,1
51094,0,14.0,Phone,3,12.0,E Wallet,Male,2.0,3,Fashion,3,Single,2,0,12.0,6.0,8.0,7.0,192.41,1,0,1,0,0,0,1,0,1,0,0,0,0,0,0,1
53088,0,1.0,Phone,3,11.0,Debit Card,Female,3.0,5,Laptop & Accessory,2,Single,3,1,12.0,1.0,2.0,4.0,169.87,0,0,1,0,0,1,0,0,0,0,1,0,0,0,0,1
51830,0,4.0,Phone,3,12.0,Credit Card,Male,3.0,1,Laptop & Accessory,1,Married,5,0,22.0,5.0,5.0,7.0,154.6,1,0,1,0,1,0,0,0,0,0,1,0,0,0,1,0
50965,0,10.0,Phone,1,19.0,Credit Card,Male,2.0,3,Laptop & Accessory,1,Married,2,0,17.0,0.0,3.0,7.0,142.85,1,0,1,0,1,0,0,0,0,0,1,0,0,0,1,0
55127,1,21.0,Phone,1,14.0,Credit Card,Female,3.0,5,Fashion,5,Married,9,1,15.0,2.0,6.0,3.0,225.08,0,0,1,0,1,0,0,0,1,0,0,0,0,0,1,0
51069,0,11.0,Computer,1,14.0,Credit Card,Female,2.0,4,Mobile,4,Single,2,0,22.0,1.0,3.0,3.0,124.4,0,1,0,0,1,0,0,0,0,0,0,1,0,0,0,1
50028,0,9.0,Phone,3,12.0,E Wallet,Male,2.0,3,Laptop & Accessory,3,Divorced,3,1,20.0,0.0,4.0,5.0,123.06,1,0,1,0,0,0,1,0,0,0,1,0,0,1,0,0
53482,1,1.0,Phone,3,11.0,Cash On Delivery,Male,3.0,4,Fashion,5,Single,2,1,23.0,4.0,5.0,3.0,220.82,1,0,1,1,0,0,0,0,1,0,0,0,0,0,0,1
51326,0,8.0,Phone,2,32.0,Debit Card,Female,2.0,3,Fashion,1,Single,2,1,16.0,1.0,1.0,7.0,188.37,0,0,1,0,0,1,0,0,1,0,0,0,0,0,0,1
53351,1,21.0,Computer,1,9.0,Debit Card,Male,3.0,5,Mobile,2,Married,11,1,15.0,1.0,2.0,1.0,148.8,1,1,0,0,0,1,0,0,0,0,0,1,0,0,1,0
50576,1,20.0,Phone,1,14.0,Cash On Delivery,Male,2.0,3,Mobile,3,Single,5,0,24.0,1.0,1.0,0.0,124.78999999999999,1,0,1,1,0,0,0,0,0,0,0,1,0,0,0,1
55541,0,9.0,Phone,3,25.0,Credit Card,Male,4.0,4,Laptop & Accessory,5,Married,2,0,17.0,2.0,2.0,5.0,180.61,1,0,1,0,1,0,0,0,0,0,1,0,0,0,1,0
50391,0,9.0,Computer,1,9.0,Debit Card,Male,2.0,4,Mobile,3,Divorced,2,0,18.0,1.0,1.0,0.0,112.81,1,1,0,0,0,1,0,0,0,0,0,1,0,1,0,0
54125,0,26.0,Computer,3,127.0,Debit Card,Male,3.0,4,Mobile,1,Married,4,0,16.0,2.0,2.0,1.0,159.82,1,1,0,0,0,1,0,0,0,0,0,1,0,0,1,0
51642,1,9.0,Phone,1,9.0,Debit Card,Male,2.0,3,Mobile,3,Single,2,0,13.0,1.0,1.0,0.0,114.19999999999999,1,0,1,0,0,1,0,0,0,0,0,1,0,0,0,1
54583,1,1.0,Phone,2,9.0,Cash On Delivery,Male,3.0,5,Mobile,1,Single,3,0,13.0,1.0,2.0,1.0,150.64,1,0,1,1,0,0,0,0,0,0,0,1,0,0,0,1
53387,0,19.0,Computer,1,11.0,Debit Card,Male,3.0,4,Laptop & Accessory,4,Divorced,3,0,13.0,2.0,2.0,9.0,169.47,1,1,0,0,0,1,0,0,0,0,1,0,0,1,0,0
53907,0,17.0,Phone,3,9.0,Credit Card,Male,4.0,4,Laptop & Accessory,1,Married,3,1,18.0,1.0,9.0,9.0,203.47,1,0,1,0,1,0,0,0,0,0,1,0,0,0,1,0
55350,0,7.0,Phone,3,9.0,Credit Card,Male,4.0,4,Laptop & Accessory,1,Married,3,0,15.0,2.0,2.0,5.0,180.05,1,0,1,0,1,0,0,0,0,0,1,0,0,0,1,0
51661,0,16.0,Computer,1,14.0,Debit Card,Female,2.0,3,Mobile,1,Single,1,0,19.0,0.0,1.0,7.0,124.55000000000001,0,1,0,0,0,1,0,0,0,0,0,1,0,0,0,1
52617,1,0.0,Phone,3,13.0,E Wallet,Male,2.9315348837209303,3,Mobile,4,Single,2,0,13.0,0.0,1.0,0.0,126.78999999999999,1,0,1,0,0,0,1,0,0,0,0,1,0,0,0,1
53418,0,1.0,Computer,1,12.0,Debit Card,Male,4.0,4,Mobile,2,Single,3,0,16.0,2.0,2.0,1.0,135.51,1,1,0,0,0,1,0,0,0,0,0,1,0,0,0,1
50719,0,0.0,Phone,1,9.0,Credit Card,Male,2.0,1,Mobile,2,Divorced,2,0,22.0,1.0,1.0,7.0,144.2,1,0,1,0,1,0,0,0,0,0,0,1,0,1,0,0
54322,0,1.0,Computer,1,16.0,Credit Card,Male,3.0,4,Mobile,4,Married,8,0,19.0,3.0,3.0,3.0,145.24,1,1,0,0,1,0,0,0,0,0,0,1,0,0,1,0
53102,0,31.0,Phone,1,14.0,Debit Card,Female,3.0,4,Others,5,Divorced,7,0,15.0,1.0,12.0,11.0,320.66,0,0,1,0,0,1,0,0,0,0,0,0,1,1,0,0
52763,0,4.0,Phone,3,8.0,Debit Card,Male,2.9315348837209303,3,Mobile,3,Married,1,0,19.0,0.0,1.0,2.0,130.67,1,0,1,0,0,1,0,0,0,0,0,1,0,0,1,0
52326,1,0.0,Computer,3,8.0,Debit Card,Female,2.9315348837209303,4,Mobile,1,Single,8,0,14.0,0.0,1.0,0.0,127.85,0,1,0,0,0,1,0,0,0,0,0,1,0,0,0,1
54403,0,15.0,Phone,1,26.0,Debit Card,Male,3.0,4,Laptop & Accessory,5,Married,4,0,17.0,1.0,2.0,1.0,155.72,1,0,1,0,0,1,0,0,0,0,1,0,0,0,1,0
51381,0,16.0,Phone,1,14.0,Credit Card,Female,3.0,1,Mobile,3,Married,2,0,12.0,1.0,1.0,4.0,126.44999999999999,0,0,1,0,1,0,0,0,0,0,0,1,0,0,1,0
53018,1,3.0,Phone,3,10.0,Credit Card,Female,3.0,4,Laptop & Accessory,3,Divorced,6,1,19.0,2.0,2.0,1.0,177.38,0,0,1,0,1,0,0,0,0,0,1,0,0,1,0,0
50058,1,4.0,Phone,3,26.0,E Wallet,Female,2.9315348837209303,3,Mobile,4,Single,2,1,22.0,0.0,1.0,2.0,131.4,0,0,1,0,0,0,1,0,0,0,0,1,0,0,0,1
53697,1,1.0,Computer,1,35.0,Debit Card,Male,4.0,5,Laptop & Accessory,5,Single,5,0,21.0,1.0,2.0,4.0,167.84,1,1,0,0,0,1,0,0,0,0,1,0,0,0,0,1
53904,1,1.0,Phone,3,14.0,Debit Card,Male,3.0,4,Mobile,1,Married,3,1,22.0,2.0,2.0,3.0,147.75,1,0,1,0,0,1,0,0,0,0,0,1,0,0,1,0
51054,0,0.0,Phone,3,8.0,Credit Card,Female,2.9315348837209303,3,Mobile,3,Single,2,0,19.0,0.0,2.0,2.0,127.83000000000001,0,0,1,0,1,0,0,0,0,0,0,1,0,0,0,1
55459,1,10.0,Phone,1,28.0,Credit Card,Female,4.0,4,Laptop & Accessory,4,Married,6,0,23.0,4.0,4.0,3.0,214.26,0,0,1,0,1,0,0,0,0,0,1,0,0,0,1,0
51880,0,26.0,Phone,1,13.0,Debit Card,Male,2.0,1,Grocery,3,Married,4,0,19.0,0.0,2.0,3.0,248.14,1,0,1,0,0,1,0,0,0,1,0,0,0,0,1,0
52995,0,13.0,Phone,1,7.0,Credit Card,Male,3.0,3,Fashion,2,Married,2,0,18.0,4.0,4.0,3.0,221.13,1,0,1,0,1,0,0,0,1,0,0,0,0,0,1,0
53384,1,1.0,Phone,3,10.0,Debit Card,Male,3.0,5,Fashion,2,Divorced,3,1,12.0,4.0,4.0,3.0,228.25,1,0,1,0,0,1,0,0,1,0,0,0,0,1,0,0
51355,0,9.0,Phone,1,33.0,Credit Card,Male,3.0,3,Laptop & Accessory,3,Married,7,0,13.0,0.0,7.0,7.0,152.37,1,0,1,0,1,0,0,0,0,0,1,0,0,0,1,0
50462,0,0.0,Computer,1,15.0,Debit Card,Male,2.9315348837209303,4,Mobile,4,Married,2,0,11.0,1.0,1.0,0.0,126.94,1,1,0,0,0,1,0,0,0,0,0,1,0,0,1,0
50790,0,28.0,Computer,1,14.0,Credit Card,Male,2.0,4,Grocery,4,Married,2,1,15.0,3.0,2.0,0.0,235.76999999999998,1,1,0,0,1,0,0,0,0,1,0,0,0,0,1,0
53994,0,21.0,Phone,1,11.0,Debit Card,Female,4.0,5,Fashion,4,Married,10,1,13.0,3.0,15.0,3.0,228.33,0,0,1,0,0,1,0,0,1,0,0,0,0,0,1,0
51918,0,2.0,Phone,1,33.0,Credit Card,Female,3.0,3,Laptop & Accessory,3,Married,5,0,12.0,0.0,1.0,1.0,143.35,0,0,1,0,1,0,0,0,0,0,1,0,0,0,1,0
53426,0,22.0,Phone,1,13.0,Debit Card,Male,4.0,5,Laptop & Accessory,3,Single,4,0,14.0,1.0,3.0,3.0,167.4,1,0,1,0,0,1,0,0,0,0,1,0,0,0,0,1
54327,0,15.0,Phone,1,21.0,Debit Card,Male,3.0,4,Mobile,3,Married,6,0,13.0,2.0,2.0,9.0,149.51,1,0,1,0,0,1,0,0,0,0,0,1,0,0,1,0
53641,0,5.0,Computer,3,9.0,Debit Card,Female,3.0,4,Fashion,3,Married,3,1,20.0,4.0,10.0,3.0,223.52,0,1,0,0,0,1,0,0,1,0,0,0,0,0,1,0
53341,0,17.0,Computer,1,7.0,Debit Card,Female,3.0,4,Laptop & Accessory,2,Divorced,6,0,14.0,2.0,3.0,3.0,180.62,0,1,0,0,0,1,0,0,0,0,1,0,0,1,0,0
55039,0,16.0,Computer,2,9.0,Credit Card,Male,4.0,2,Laptop & Accessory,5,Married,9,0,17.0,2.0,2.0,4.0,187.72,1,1,0,0,1,0,0,0,0,0,1,0,0,0,1,0
54010,0,6.0,Computer,3,17.0,E Wallet,Male,4.0,4,Laptop & Accessory,1,Single,10,0,14.0,2.0,2.0,1.0,171.48,1,1,0,0,0,0,1,0,0,0,1,0,0,0,0,1
51862,0,0.0,Phone,1,10.0,Credit Card,Male,2.9315348837209303,1,Mobile,5,Married,3,0,16.0,0.0,1.0,2.0,128.19,1,0,1,0,1,0,0,0,0,0,0,1,0,0,1,0
54744,0,8.0,Phone,3,15.0,Debit Card,Female,4.0,4,Laptop & Accessory,5,Married,7,0,18.0,2.0,2.0,3.0,190.0,0,0,1,0,0,1,0,0,0,0,1,0,0,0,1,0
51373,0,15.0,Phone,3,14.0,E Wallet,Male,2.0,3,Laptop & Accessory,4,Married,1,0,11.0,2.0,4.0,2.0,168.25,1,0,1,0,0,0,1,0,0,0,1,0,0,0,1,0
54795,0,1.0,Phone,3,10.0,Upi,Male,4.0,4,Laptop & Accessory,5,Married,3,1,19.0,1.0,2.0,4.0,166.94,1,0,1,0,0,0,0,1,0,0,1,0,0,0,1,0
54543,1,1.0,Computer,1,10.0,Cash On Delivery,Male,4.0,4,Mobile,5,Single,2,0,23.0,1.0,2.0,5.0,156.02,1,1,0,1,0,0,0,0,0,0,0,1,0,0,0,1
52327,1,0.0,Computer,3,24.0,E Wallet,Female,3.0,3,Laptop & Accessory,3,Married,1,1,18.0,0.0,3.0,2.0,146.14,0,1,0,0,0,0,1,0,0,0,1,0,0,0,1,0
54203,1,1.0,Phone,1,32.0,Debit Card,Male,3.0,6,Mobile,3,Single,3,0,13.0,1.0,2.0,2.0,147.93,1,0,1,0,0,1,0,0,0,0,0,1,0,0,0,1
50038,0,1.0,Phone,1,27.0,Credit Card,Male,2.9315348837209303,3,Mobile,2,Divorced,2,0,11.0,0.0,1.0,2.0,127.13,1,0,1,0,1,0,0,0,0,0,0,1,0,1,0,0
55101,1,3.0,Phone,1,30.0,Credit Card,Male,4.0,4,Mobile,5,Single,2,0,14.0,1.0,2.0,4.0,164.04,1,0,1,0,1,0,0,0,0,0,0,1,0,0,0,1
54400,1,1.0,Phone,1,7.0,Debit Card,Male,4.0,5,Mobile,3,Single,2,1,15.0,1.0,2.0,3.0,162.3,1,0,1,0,0,1,0,0,0,0,0,1,0,0,0,1
53068,0,10.0,Phone,1,9.0,Debit Card,Female,4.0,4,Mobile,3,Divorced,6,0,14.0,2.0,3.0,3.0,150.43,0,0,1,0,0,1,0,0,0,0,0,1,0,1,0,0
54324,0,31.0,Phone,1,31.0,Debit Card,Male,3.0,2,Fashion,1,Married,5,1,17.0,2.0,2.0,3.0,219.39,1,0,1,0,0,1,0,0,1,0,0,0,0,0,1,0
55057,0,5.0,Phone,1,31.0,Credit Card,Female,4.0,5,Laptop & Accessory,5,Single,3,0,20.0,2.0,2.0,9.0,193.12,0,0,1,0,1,0,0,0,0,0,1,0,0,0,0,1
51627,0,15.0,Phone,3,6.0,Debit Card,Male,1.0,3,Laptop & Accessory,3,Married,2,0,25.0,6.0,11.0,6.0,149.07,1,0,1,0,0,1,0,0,0,0,1,0,0,0,1,0
50149,0,10.0,Phone,3,12.0,Credit Card,Male,3.0,3,Laptop & Accessory,2,Divorced,5,0,14.0,0.0,1.0,1.0,165.02,1,0,1,0,1,0,0,0,0,0,1,0,0,1,0,0
50721,0,13.0,Computer,1,32.0,Credit Card,Female,3.0,4,Laptop & Accessory,2,Divorced,4,1,13.0,1.0,1.0,0.0,144.22,0,1,0,0,1,0,0,0,0,0,1,0,0,1,0,0
51712,1,4.0,Computer,3,10.0,E Wallet,Male,2.0,3,Laptop & Accessory,4,Single,2,0,18.0,4.0,7.0,7.0,193.55,1,1,0,0,0,0,1,0,0,0,1,0,0,0,0,1
53849,0,11.0,Phone,1,26.0,Debit Card,Male,3.0,4,Laptop & Accessory,3,Married,5,0,18.0,1.0,2.0,3.0,182.68,1,0,1,0,0,1,0,0,0,0,1,0,0,0,1,0
50153,0,11.0,Phone,3,13.0,Credit Card,Female,2.0,2,Laptop & Accessory,5,Married,2,1,24.0,0.0,7.0,7.0,156.05,0,0,1,0,1,0,0,0,0,0,1,0,0,0,1,0
52962,1,11.0,Computer,1,36.0,Debit Card,Male,3.0,4,Fashion,4,Divorced,3,1,13.0,6.0,2.0,10.0,243.49,1,1,0,0,0,1,0,0,1,0,0,0,0,1,0,0
54082,0,12.0,Phone,3,7.0,Debit Card,Male,3.0,5,Mobile,5,Single,6,0,15.0,1.0,2.0,1.0,153.58,1,0,1,0,0,1,0,0,0,0,0,1,0,0,0,1
52192,0,8.0,Phone,1,8.0,Debit Card,Male,2.0,4,Fashion,4,Married,3,0,18.0,2.0,6.0,4.0,202.74,1,0,1,0,0,1,0,0,1,0,0,0,0,0,1,0
54448,0,12.0,Phone,1,30.0,Debit Card,Male,3.0,4,Laptop & Accessory,1,Married,11,0,15.0,1.0,2.0,3.0,182.45,1,0,1,0,0,1,0,0,0,0,1,0,0,0,1,0
54156,0,10.0,Computer,1,30.0,Credit Card,Male,3.0,2,Laptop & Accessory,1,Married,6,0,18.0,1.0,2.0,4.0,150.71,1,1,0,0,1,0,0,0,0,0,1,0,0,0,1,0
52672,1,0.0,Phone,3,8.0,E Wallet,Male,2.0,4,Laptop & Accessory,4,Single,8,1,12.0,1.0,2.0,2.0,199.07,1,0,1,0,0,0,1,0,0,0,1,0,0,0,0,1
50367,0,16.0,Computer,1,15.0,Credit Card,Male,3.0,3,Laptop & Accessory,3,Married,4,1,13.0,2.0,4.0,7.0,156.79,1,1,0,0,1,0,0,0,0,0,1,0,0,0,1,0
53149,0,14.0,Computer,3,35.0,Upi,Male,3.0,6,Fashion,5,Married,5,0,16.0,2.0,2.0,2.0,234.32,1,1,0,0,0,0,0,1,1,0,0,0,0,0,1,0
50243,0,23.0,Phone,1,16.0,Cash On Delivery,Male,3.0,4,Fashion,2,Single,7,0,15.0,0.0,1.0,3.0,204.96,1,0,1,1,0,0,0,0,1,0,0,0,0,0,0,1
52646,0,7.0,Phone,3,14.0,Cash On Delivery,Male,3.0,1,Laptop & Accessory,3,Married,2,0,21.0,2.0,4.0,8.0,167.99,1,0,1,1,0,0,0,0,0,0,1,0,0,0,1,0
53684,0,1.0,Phone,3,25.0,Debit Card,Male,4.0,2,Laptop & Accessory,3,Divorced,4,0,12.0,1.0,2.0,3.0,187.32,1,0,1,0,0,1,0,0,0,0,1,0,0,1,0,0
53773,0,1.0,Phone,1,27.0,Debit Card,Male,4.0,4,Laptop & Accessory,3,Single,2,0,15.0,2.0,2.0,3.0,147.72,1,0,1,0,0,1,0,0,0,0,1,0,0,0,0,1
51177,0,30.0,Computer,3,8.0,Credit Card,Male,2.0,3,Grocery,4,Married,5,0,22.0,10.0,14.0,14.0,0.0,1,1,0,0,1,0,0,0,0,1,0,0,0,0,1,0
53097,0,26.0,Phone,1,10.0,Credit Card,Male,3.0,5,Fashion,3,Divorced,4,1,15.0,1.0,2.0,5.0,204.69,1,0,1,0,1,0,0,0,1,0,0,0,0,1,0,0
54597,1,1.0,Phone,1,17.0,Credit Card,Male,3.0,6,Mobile,1,Married,9,0,14.0,1.0,2.0,4.0,159.08,1,0,1,0,1,0,0,0,0,0,0,1,0,0,1,0
52665,0,5.0,Computer,3,16.0,E Wallet,Male,3.0,3,Laptop & Accessory,1,Single,9,0,13.0,0.0,1.0,0.0,146.48,1,1,0,0,0,0,1,0,0,0,1,0,0,0,0,1
55296,0,20.0,Phone,3,8.0,Debit Card,Male,3.0,2,Grocery,5,Single,3,0,15.0,1.0,2.0,13.0,300.67,1,0,1,0,0,1,0,0,0,1,0,0,0,0,0,1
51949,0,9.0,Phone,1,8.0,Debit Card,Female,3.0,4,Mobile,3,Single,2,0,14.0,1.0,1.0,0.0,122.74000000000001,0,0,1,0,0,1,0,0,0,0,0,1,0,0,0,1
52675,0,2.0,Phone,2,12.0,Credit Card,Male,2.9315348837209303,4,Mobile,4,Married,2,0,11.0,1.0,1.0,0.0,128.04,1,0,1,0,1,0,0,0,0,0,0,1,0,0,1,0
51667,0,4.0,Phone,3,13.0,E Wallet,Male,3.0,3,Laptop & Accessory,1,Married,5,0,12.0,0.0,1.0,7.0,175.47,1,0,1,0,0,0,1,0,0,0,1,0,0,0,1,0
54551,0,17.0,Phone,1,19.0,Debit Card,Male,3.0,5,Grocery,4,Married,3,0,12.0,1.0,4.0,10.0,268.36,1,0,1,0,0,1,0,0,0,1,0,0,0,0,1,0
52255,0,0.0,Phone,1,31.0,Debit Card,Female,2.9315348837209303,1,Mobile,1,Single,2,1,12.0,0.0,1.0,1.0,129.94,0,0,1,0,0,1,0,0,0,0,0,1,0,0,0,1
53943,0,8.0,Phone,1,9.0,Credit Card,Male,4.0,2,Mobile,1,Married,2,1,15.0,1.0,2.0,3.0,154.32,1,0,1,0,1,0,0,0,0,0,0,1,0,0,1,0
53913,1,1.0,Phone,2,29.0,Upi,Male,3.0,6,Mobile,3,Married,3,0,12.0,1.0,2.0,1.0,140.55,1,0,1,0,0,0,0,1,0,0,0,1,0,0,1,0
54085,0,6.0,Phone,1,12.0,Debit Card,Male,3.0,5,Laptop & Accessory,1,Single,10,0,25.0,1.0,2.0,3.0,221.79,1,0,1,0,0,1,0,0,0,0,1,0,0,0,0,1
52791,0,14.0,Phone,1,34.0,Debit Card,Female,2.0,4,Grocery,4,Married,1,0,23.0,1.0,2.0,10.0,235.7,0,0,1,0,0,1,0,0,0,1,0,0,0,0,1,0
54980,0,2.0,Phone,1,9.0,Debit Card,Male,4.0,5,Mobile,4,Married,2,0,18.0,1.0,2.0,5.0,157.01,1,0,1,0,0,1,0,0,0,0,0,1,0,0,1,0
54427,0,5.0,Phone,1,30.0,Credit Card,Male,4.0,5,Laptop & Accessory,1,Married,2,0,22.0,1.0,8.0,9.0,180.82,1,0,1,0,1,0,0,0,0,0,1,0,0,0,1,0
54423,0,6.0,Phone,1,9.0,Cash On Delivery,Male,3.0,5,Laptop & Accessory,5,Single,6,0,14.0,1.0,2.0,5.0,146.76,1,0,1,1,0,0,0,0,0,0,1,0,0,0,0,1
54994,0,1.0,Phone,1,13.0,Debit Card,Male,3.0,5,Mobile,3,Married,3,0,14.0,2.0,3.0,3.0,150.39,1,0,1,0,0,1,0,0,0,0,0,1,0,0,1,0
51693,0,20.0,Computer,3,10.0,Credit Card,Male,2.9315348837209303,3,Laptop & Accessory,3,Single,4,0,19.0,0.0,1.0,0.0,129.76,1,1,0,0,1,0,0,0,0,0,1,0,0,0,0,1
55327,0,22.0,Computer,1,11.0,Credit Card,Male,3.0,5,Grocery,1,Married,4,0,26.0,1.0,3.0,3.0,277.02,1,1,0,0,1,0,0,0,0,1,0,0,0,0,1,0
54296,0,10.0,Phone,1,13.0,Credit Card,Male,3.0,4,Laptop & Accessory,4,Married,8,0,21.0,1.0,2.0,2.0,174.41,1,0,1,0,1,0,0,0,0,0,1,0,0,0,1,0
50954,0,17.0,Phone,1,34.0,Debit Card,Male,2.0,3,Grocery,5,Divorced,4,0,13.0,1.0,14.0,17.0,263.28,1,0,1,0,0,1,0,0,0,1,0,0,0,1,0,0
52614,0,26.0,Computer,1,7.0,Credit Card,Female,2.0,4,Grocery,3,Married,5,1,20.0,1.0,1.0,3.0,229.64999999999998,0,1,0,0,1,0,0,0,0,1,0,0,0,0,1,0
50925,0,3.0,Phone,3,22.0,Debit Card,Male,3.0,3,Laptop & Accessory,3,Divorced,9,0,15.0,0.0,2.0,2.0,153.01,1,0,1,0,0,1,0,0,0,0,1,0,0,1,0,0
55295,0,9.0,Phone,1,14.0,Debit Card,Male,4.0,5,Mobile,1,Married,3,0,19.0,2.0,2.0,2.0,151.9,1,0,1,0,0,1,0,0,0,0,0,1,0,0,1,0
52744,0,6.0,Computer,1,13.0,Debit Card,Male,2.0,3,Laptop & Accessory,3,Married,2,0,20.0,0.0,2.0,8.0,159.68,1,1,0,0,0,1,0,0,0,0,1,0,0,0,1,0
53456,0,12.0,Computer,1,10.0,Upi,Male,3.0,4,Mobile,3,Divorced,5,0,17.0,3.0,3.0,3.0,153.21,1,1,0,0,0,0,0,1,0,0,0,1,0,1,0,0
50994,0,9.0,Phone,1,9.0,Debit Card,Female,2.0,3,Mobile,1,Married,2,0,21.0,1.0,1.0,0.0,120.61000000000001,0,0,1,0,0,1,0,0,0,0,0,1,0,0,1,0
50981,0,6.0,Phone,3,14.0,Debit Card,Male,2.0,3,Laptop & Accessory,5,Married,3,0,13.0,2.0,2.0,2.0,163.92,1,0,1,0,0,1,0,0,0,0,1,0,0,0,1,0
54562,0,30.0,Computer,3,13.0,Debit Card,Female,3.0,2,Grocery,5,Married,11,0,12.0,7.0,2.0,8.0,257.12,0,1,0,0,0,1,0,0,0,1,0,0,0,0,1,0
53035,0,9.0,Phone,1,12.0,Cash On Delivery,Male,4.0,4,Fashion,4,Single,2,0,14.0,1.0,2.0,14.0,205.95,1,0,1,1,0,0,0,0,1,0,0,0,0,0,0,1
52522,0,22.0,Phone,1,28.0,Upi,Female,3.0,3,Grocery,4,Married,4,0,16.0,1.0,1.0,2.0,264.13,0,0,1,0,0,0,0,1,0,1,0,0,0,0,1,0
50448,0,2.0,Phone,1,33.0,Credit Card,Female,3.0,3,Laptop & Accessory,3,Divorced,5,0,12.0,1.0,1.0,1.0,143.35,0,0,1,0,1,0,0,0,0,0,1,0,0,1,0,0
54408,0,8.0,Phone,1,9.0,Debit Card,Male,3.0,5,Laptop & Accessory,5,Married,8,0,14.0,1.0,6.0,10.0,184.57,1,0,1,0,0,1,0,0,0,0,1,0,0,0,1,0
51113,1,0.0,Phone,3,6.0,Debit Card,Male,2.0,5,Laptop & Accessory,4,Single,7,0,15.0,0.0,1.0,0.0,167.35,1,0,1,0,0,1,0,0,0,0,1,0,0,0,0,1
54305,0,6.0,Computer,3,16.0,Credit Card,Male,3.0,6,Laptop & Accessory,1,Married,2,0,18.0,1.0,2.0,8.0,171.68,1,1,0,0,1,0,0,0,0,0,1,0,0,0,1,0
52303,0,13.0,Computer,1,22.0,Debit Card,Male,3.0,3,Mobile,3,Married,10,0,16.0,1.0,1.0,0.0,135.44,1,1,0,0,0,1,0,0,0,0,0,1,0,0,1,0
51111,0,19.0,Phone,3,8.0,Debit Card,Male,3.0,3,Fashion,1,Married,5,1,12.0,0.0,1.0,3.0,203.68,1,0,1,0,0,1,0,0,1,0,0,0,0,0,1,0
52207,0,19.0,Phone,3,8.0,E Wallet,Female,3.0,3,Grocery,5,Married,9,0,23.0,1.0,15.0,9.0,270.48,0,0,1,0,0,0,1,0,0,1,0,0,0,0,1,0
55564,0,13.0,Phone,3,22.0,E Wallet,Male,4.0,4,Grocery,5,Single,2,0,13.0,5.0,2.0,11.0,258.41,1,0,1,0,0,0,1,0,0,1,0,0,0,0,0,1
55258,0,1.0,Phone,1,28.0,Cash On Delivery,Male,3.0,5,Mobile,5,Married,2,0,15.0,1.0,2.0,1.0,147.96,1,0,1,1,0,0,0,0,0,0,0,1,0,0,1,0
51963,0,17.0,Phone,1,10.0,Credit Card,Male,2.0,3,Laptop & Accessory,4,Single,10,0,12.0,1.0,2.0,3.0,159.33,1,0,1,0,1,0,0,0,0,0,1,0,0,0,0,1
53872,0,23.0,Phone,1,13.0,Debit Card,Female,3.0,5,Grocery,3,Married,4,1,20.0,1.0,3.0,13.0,264.66,0,0,1,0,0,1,0,0,0,1,0,0,0,0,1,0
51051,0,12.0,Phone,1,18.0,Credit Card,Male,3.0,3,Laptop & Accessory,4,Married,5,0,21.0,1.0,1.0,0.0,152.95,1,0,1,0,1,0,0,0,0,0,1,0,0,0,1,0
52687,0,4.0,Phone,1,26.0,Debit Card,Male,2.0,3,Laptop & Accessory,3,Married,2,0,11.0,0.0,1.0,2.0,141.97,1,0,1,0,0,1,0,0,0,0,1,0,0,0,1,0
51812,0,14.0,Phone,3,8.0,Debit Card,Female,3.0,3,Grocery,5,Married,8,0,16.0,1.0,11.0,8.0,265.95,0,0,1,0,0,1,0,0,0,1,0,0,0,0,1,0
51419,0,5.0,Phone,1,6.0,Debit Card,Male,3.0,3,Laptop & Accessory,4,Married,2,0,17.0,1.0,1.0,9.0,162.2,1,0,1,0,0,1,0,0,0,0,1,0,0,0,1,0
53879,0,3.0,Phone,3,12.0,Credit Card,Male,3.0,5,Laptop & Accessory,4,Married,3,1,14.0,1.0,2.0,10.0,166.87,1,0,1,0,1,0,0,0,0,0,1,0,0,0,1,0
52926,0,17.0,Phone,3,23.0,E Wallet,Female,4.0,4,Grocery,2,Divorced,7,1,23.0,1.0,2.0,10.0,285.64,0,0,1,0,0,0,1,0,0,1,0,0,0,1,0,0
53360,1,3.0,Phone,1,13.0,Credit Card,Male,4.0,4,Mobile,5,Divorced,9,1,22.0,2.0,3.0,3.0,149.04,1,0,1,0,1,0,0,0,0,0,0,1,0,1,0,0
55419,0,3.0,Phone,1,11.0,Cash On Delivery,Female,4.0,5,Mobile,5,Married,3,0,14.0,1.0,2.0,1.0,146.09,0,0,1,1,0,0,0,0,0,0,0,1,0,0,1,0
53661,0,1.0,Phone,3,18.0,Credit Card,Female,4.0,2,Mobile,2,Divorced,10,0,15.0,2.0,2.0,1.0,150.34,0,0,1,0,1,0,0,0,0,0,0,1,0,1,0,0
50600,0,0.0,Phone,1,23.0,Credit Card,Female,2.0,4,Laptop & Accessory,3,Married,2,0,15.0,2.0,3.0,2.0,143.77,0,0,1,0,1,0,0,0,0,0,1,0,0,0,1,0
54121,0,12.0,Phone,1,17.0,Credit Card,Female,3.0,6,Fashion,3,Married,5,0,13.0,2.0,2.0,12.0,257.06,0,0,1,0,1,0,0,0,1,0,0,0,0,0,1,0
54138,0,10.0,Computer,3,22.0,E Wallet,Male,3.0,6,Laptop & Accessory,1,Married,3,0,25.0,5.0,12.0,12.0,179.06,1,1,0,0,0,0,1,0,0,0,1,0,0,0,1,0
54183,0,8.0,Phone,1,14.0,Debit Card,Female,3.0,4,Fashion,4,Single,2,0,12.0,1.0,2.0,12.0,244.94,0,0,1,0,0,1,0,0,1,0,0,0,0,0,0,1
55336,0,13.0,Phone,1,19.0,Credit Card,Male,4.0,4,Laptop & Accessory,4,Married,6,0,22.0,2.0,2.0,1.0,177.95,1,0,1,0,1,0,0,0,0,0,1,0,0,0,1,0
53820,0,16.0,Phone,1,16.0,Upi,Male,4.0,5,Others,1,Single,10,0,15.0,2.0,2.0,2.0,321.13,1,0,1,0,0,0,0,1,0,0,0,0,1,0,0,1
54127,0,1.0,Phone,3,12.0,Credit Card,Male,3.0,4,Mobile,5,Single,3,1,12.0,2.0,2.0,3.0,148.8,1,0,1,0,1,0,0,0,0,0,0,1,0,0,0,1
52349,0,0.0,Phone,1,7.0,Cash On Delivery,Male,2.0,3,Mobile,1,Married,5,0,11.0,0.0,1.0,2.0,132.29,1,0,1,1,0,0,0,0,0,0,0,1,0,0,1,0
54366,1,1.0,Phone,3,34.0,E Wallet,Female,3.0,4,Fashion,1,Married,3,0,23.0,1.0,2.0,10.0,201.39,0,0,1,0,0,0,1,0,1,0,0,0,0,0,1,0
51179,0,20.0,Phone,1,10.0,Debit Card,Female,3.0,4,Fashion,4,Married,9,1,12.0,2.0,14.0,10.0,203.33,0,0,1,0,0,1,0,0,1,0,0,0,0,0,1,0
54694,0,14.0,Computer,3,12.0,Debit Card,Male,3.0,5,Fashion,5,Married,7,1,22.0,1.0,2.0,3.0,229.75,1,1,0,0,0,1,0,0,1,0,0,0,0,0,1,0
52956,0,3.0,Phone,3,9.0,Credit Card,Male,4.0,5,Laptop & Accessory,4,Divorced,4,0,20.0,1.0,2.0,1.0,191.44,1,0,1,0,1,0,0,0,0,0,1,0,0,1,0,0
53258,0,8.0,Phone,3,9.0,Upi,Male,3.0,4,Laptop & Accessory,2,Single,3,0,23.0,1.0,2.0,5.0,187.74,1,0,1,0,0,0,0,1,0,0,1,0,0,0,0,1
52296,0,4.0,Computer,3,8.0,Debit Card,Female,2.0,3,Fashion,3,Married,2,1,19.0,8.0,9.0,6.0,198.52,0,1,0,0,0,1,0,0,1,0,0,0,0,0,1,0
51429,0,11.0,Computer,1,12.0,Credit Card,Female,3.0,5,Laptop & Accessory,1,Married,8,1,12.0,0.0,1.0,9.0,153.29,0,1,0,0,1,0,0,0,0,0,1,0,0,0,1,0
51966,0,8.0,Phone,1,14.0,Credit Card,Female,2.0,4,Mobile,5,Single,2,0,11.0,0.0,1.0,1.0,125.59,0,0,1,0,1,0,0,0,0,0,0,1,0,0,0,1
53614,0,8.0,Computer,2,18.0,Debit Card,Male,3.0,5,Laptop & Accessory,4,Divorced,6,0,12.0,1.0,2.0,9.0,169.9,1,1,0,0,0,1,0,0,0,0,1,0,0,1,0,0
52003,0,2.0,Phone,1,14.0,Credit Card,Female,3.0,4,Mobile,1,Married,7,0,14.0,1.0,1.0,3.0,125.32,0,0,1,0,1,0,0,0,0,0,0,1,0,0,1,0
53276,1,1.0,Phone,1,13.0,Debit Card,Male,4.0,2,Mobile,5,Divorced,3,1,22.0,2.0,2.0,1.0,141.01,1,0,1,0,0,1,0,0,0,0,0,1,0,1,0,0
54255,0,6.0,Phone,3,13.0,Credit Card,Male,3.0,4,Laptop & Accessory,3,Single,3,0,17.0,6.0,6.0,8.0,175.1,1,0,1,0,1,0,0,0,0,0,1,0,0,0,0,1
55313,0,1.0,Phone,1,12.0,Credit Card,Male,4.0,4,Mobile,1,Single,3,0,19.0,1.0,3.0,3.0,156.17,1,0,1,0,1,0,0,0,0,0,0,1,0,0,0,1
52888,0,16.0,Computer,1,28.0,Credit Card,Female,3.0,4,Laptop & Accessory,3,Married,4,0,17.0,1.0,2.0,3.0,177.65,0,1,0,0,1,0,0,0,0,0,1,0,0,0,1,0
51184,0,11.0,Phone,3,8.0,E Wallet,Female,3.0,5,Laptop & Accessory,1,Married,3,1,20.0,0.0,1.0,3.0,154.05,0,0,1,0,0,0,1,0,0,0,1,0,0,0,1,0
53545,0,19.0,Phone,1,14.0,Credit Card,Female,3.0,4,Mobile,3,Divorced,6,1,20.0,2.0,2.0,3.0,169.77,0,0,1,0,1,0,0,0,0,0,0,1,0,1,0,0
51220,0,10.0,Phone,1,13.0,Credit Card,Male,3.0,3,Laptop & Accessory,5,Married,6,1,22.0,0.0,1.0,4.0,142.84,1,0,1,0,1,0,0,0,0,0,1,0,0,0,1,0
50922,0,17.0,Phone,1,26.0,Debit Card,Male,2.0,3,Mobile,4,Single,2,0,13.0,1.0,1.0,3.0,134.2,1,0,1,0,0,1,0,0,0,0,0,1,0,0,0,1
54793,0,16.0,Computer,1,9.0,Credit Card,Male,3.0,4,Mobile,1,Single,7,1,15.0,2.0,3.0,3.0,150.15,1,1,0,0,1,0,0,0,0,0,0,1,0,0,0,1
52286,1,2.0,Phone,1,29.0,Credit Card,Male,3.0,3,Mobile,5,Single,1,0,13.0,0.0,1.0,3.0,139.04,1,0,1,0,1,0,0,0,0,0,0,1,0,0,0,1
51143,0,7.0,Computer,3,16.0,Debit Card,Male,2.0,3,Laptop & Accessory,3,Married,2,1,14.0,1.0,1.0,7.0,140.01,1,1,0,0,0,1,0,0,0,0,1,0,0,0,1,0
51010,0,8.0,Phone,1,13.0,Debit Card,Male,2.9315348837209303,4,Mobile,1,Married,2,0,18.0,1.0,1.0,1.0,126.9,1,0,1,0,0,1,0,0,0,0,0,1,0,0,1,0
50788,0,0.0,Phone,1,10.0,Debit Card,Male,2.9315348837209303,3,Mobile,2,Single,2,1,20.0,0.0,2.0,2.0,128.75,1,0,1,0,0,1,0,0,0,0,0,1,0,0,0,1
53514,0,3.0,Computer,1,17.0,Debit Card,Female,4.0,4,Mobile,4,Married,2,0,15.0,2.0,2.0,2.0,157.91,0,1,0,0,0,1,0,0,0,0,0,1,0,0,1,0
52499,1,9.0,Computer,3,9.0,Credit Card,Female,3.0,3,Mobile,1,Single,2,1,12.0,1.0,1.0,0.0,115.69,0,1,0,0,1,0,0,0,0,0,0,1,0,0,0,1
54493,0,28.0,Computer,1,27.0,Debit Card,Female,3.0,4,Laptop & Accessory,3,Single,5,0,13.0,1.0,2.0,4.0,173.69,0,1,0,0,0,1,0,0,0,0,1,0,0,0,0,1
52840,1,15.0,Computer,1,15.0,Debit Card,Male,3.0,6,Fashion,2,Single,4,0,16.0,1.0,2.0,4.0,231.5,1,1,0,0,0,1,0,0,1,0,0,0,0,0,0,1
52635,0,11.0,Computer,2,14.0,Upi,Male,3.0,3,Mobile,4,Married,6,0,13.0,2.0,3.0,8.0,125.91999999999999,1,1,0,0,0,0,0,1,0,0,0,1,0,0,1,0
53334,0,16.0,Phone,1,10.0,Debit Card,Female,4.0,2,Laptop & Accessory,2,Divorced,4,1,14.0,1.0,2.0,4.0,177.31,0,0,1,0,0,1,0,0,0,0,1,0,0,1,0,0
52953,0,6.0,Phone,1,9.0,Cash On Delivery,Male,3.0,5,Laptop & Accessory,5,Single,6,0,14.0,1.0,2.0,5.0,146.76,1,0,1,1,0,0,0,0,0,0,1,0,0,0,0,1
54606,0,29.0,Phone,3,25.0,Debit Card,Female,3.0,4,Grocery,4,Single,5,0,15.0,2.0,8.0,9.0,293.35,0,0,1,0,0,1,0,0,0,1,0,0,0,0,0,1
52769,0,0.0,Phone,1,7.0,Debit Card,Male,3.0,3,Mobile,3,Single,1,0,12.0,1.0,1.0,2.0,133.75,1,0,1,0,0,1,0,0,0,0,0,1,0,0,0,1
54179,0,27.0,Phone,3,9.0,Debit Card,Female,4.0,5,Grocery,1,Married,4,0,17.0,1.0,4.0,8.0,279.27,0,0,1,0,0,1,0,0,0,1,0,0,0,0,1,0
54259,0,31.0,Phone,3,17.0,Credit Card,Male,3.0,4,Grocery,3,Single,2,0,14.0,1.0,2.0,9.0,263.72,1,0,1,0,1,0,0,0,0,1,0,0,0,0,0,1
51403,0,8.0,Phone,1,29.0,Credit Card,Female,1.0,3,Mobile,5,Married,4,1,15.0,0.0,2.0,2.0,140.14,0,0,1,0,1,0,0,0,0,0,0,1,0,0,1,0
52184,1,5.0,Computer,3,18.0,Debit Card,Male,2.0,3,Grocery,5,Single,1,1,12.0,2.0,2.0,14.0,237.57999999999998,1,1,0,0,0,1,0,0,0,1,0,0,0,0,0,1
51883,0,0.0,Computer,1,16.0,Debit Card,Male,2.0,3,Fashion,5,Married,2,0,21.0,0.0,1.0,7.0,187.93,1,1,0,0,0,1,0,0,1,0,0,0,0,0,1,0
54897,0,22.0,Phone,1,11.0,Debit Card,Male,4.0,5,Fashion,3,Single,9,0,15.0,2.0,2.0,9.0,234.99,1,0,1,0,0,1,0,0,1,0,0,0,0,0,0,1
51286,0,13.0,Phone,3,8.0,E Wallet,Female,3.0,3,Laptop & Accessory,4,Married,4,0,14.0,1.0,5.0,10.0,156.77,0,0,1,0,0,0,1,0,0,0,1,0,0,0,1,0
54071,0,9.0,Phone,3,25.0,Credit Card,Male,4.0,4,Laptop & Accessory,5,Married,2,0,17.0,1.0,2.0,5.0,25.0,1,0,1,0,1,0,0,0,0,0,1,0,0,0,1,0
55515,1,20.0,Phone,1,31.0,Debit Card,Male,4.0,4,Mobile,1,Single,3,0,17.0,1.0,2.0,1.0,150.87,1,0,1,0,0,1,0,0,0,0,0,1,0,0,0,1
55045,0,14.0,Phone,3,17.0,Cash On Delivery,Female,3.0,5,Laptop & Accessory,4,Married,9,0,13.0,2.0,2.0,4.0,193.52,0,0,1,1,0,0,0,0,0,0,1,0,0,0,1,0
55411,0,3.0,Computer,1,8.0,Debit Card,Male,4.0,2,Laptop & Accessory,3,Single,10,1,13.0,2.0,2.0,3.0,187.94,1,1,0,0,0,1,0,0,0,0,1,0,0,0,0,1
55549,0,6.0,Computer,1,22.0,Credit Card,Female,3.0,4,Laptop & Accessory,1,Married,7,0,19.0,1.0,2.0,3.0,191.67,0,1,0,0,1,0,0,0,0,0,1,0,0,0,1,0
52298,1,9.0,Computer,3,7.0,Debit Card,Female,2.0,3,Mobile,4,Single,2,1,11.0,2.0,2.0,2.0,123.02000000000001,0,1,0,0,0,1,0,0,0,0,0,1,0,0,0,1
50850,0,0.0,Computer,3,8.0,Debit Card,Male,2.0,5,Laptop & Accessory,2,Single,4,0,20.0,1.0,1.0,0.0,150.71,1,1,0,0,0,1,0,0,0,0,1,0,0,0,0,1
52125,1,14.0,Phone,1,14.0,Debit Card,Male,2.0,3,Mobile,3,Married,10,1,12.0,0.0,2.0,7.0,124.61000000000001,1,0,1,0,0,1,0,0,0,0,0,1,0,0,1,0
50566,0,4.0,Phone,1,18.0,Credit Card,Female,2.0,3,Laptop & Accessory,2,Divorced,1,1,11.0,0.0,8.0,5.0,158.55,0,0,1,0,1,0,0,0,0,0,1,0,0,1,0,0
52891,0,1.0,Computer,1,7.0,Cash On Delivery,Male,3.0,5,Laptop & Accessory,5,Divorced,7,0,20.0,1.0,3.0,1.0,167.98,1,1,0,1,0,0,0,0,0,0,1,0,0,1,0,0
54368,0,10.0,Computer,1,25.0,Credit Card,Female,4.0,4,Mobile,1,Single,3,0,14.0,1.0,2.0,8.0,146.53,0,1,0,0,1,0,0,0,0,0,0,1,0,0,0,1
54916,0,19.0,Phone,3,18.0,Debit Card,Female,3.0,4,Grocery,1,Married,5,0,15.0,1.0,2.0,2.0,301.5,0,0,1,0,0,1,0,0,0,1,0,0,0,0,1,0
54062,0,30.0,Phone,3,18.0,E Wallet,Female,3.0,5,Laptop & Accessory,5,Married,6,0,17.0,1.0,2.0,1.0,178.8,0,0,1,0,0,0,1,0,0,0,1,0,0,0,1,0
51932,0,0.0,Computer,1,15.0,Debit Card,Male,2.9315348837209303,4,Mobile,4,Married,2,0,11.0,0.0,1.0,0.0,126.94,1,1,0,0,0,1,0,0,0,0,0,1,0,0,1,0
52505,0,12.0,Computer,1,10.0,Credit Card,Female,2.0,3,Laptop & Accessory,3,Single,1,0,13.0,3.0,3.0,8.0,150.42,0,1,0,0,1,0,0,0,0,0,1,0,0,0,0,1
53690,0,16.0,Phone,2,17.0,Upi,Female,3.0,4,Grocery,5,Divorced,2,0,15.0,1.0,2.0,10.0,292.99,0,0,1,0,0,0,0,1,0,1,0,0,0,1,0,0
52056,0,6.0,Computer,3,23.0,Debit Card,Male,2.0,3,Grocery,3,Single,2,0,11.0,1.0,6.0,0.0,274.44,1,1,0,0,0,1,0,0,0,1,0,0,0,0,0,1
51681,0,13.0,Phone,3,6.0,Credit Card,Male,2.0,5,Laptop & Accessory,1,Married,3,1,22.0,1.0,1.0,2.0,174.57,1,0,1,0,1,0,0,0,0,0,1,0,0,0,1,0
54984,0,3.0,Computer,1,17.0,Debit Card,Female,4.0,4,Mobile,4,Married,2,0,15.0,1.0,2.0,2.0,157.91,0,1,0,0,0,1,0,0,0,0,0,1,0,0,1,0
52829,1,1.0,Phone,1,16.0,Credit Card,Male,4.0,5,Mobile,3,Divorced,2,1,18.0,1.0,2.0,1.0,158.88,1,0,1,0,1,0,0,0,0,0,0,1,0,1,0,0
51692,0,14.0,Phone,1,12.0,Credit Card,Male,3.0,4,Laptop & Accessory,4,Single,7,1,15.0,1.0,1.0,2.0,160.32,1,0,1,0,1,0,0,0,0,0,1,0,0,0,0,1
50621,0,28.0,Computer,1,24.0,Credit Card,Male,3.0,3,Laptop & Accessory,4,Divorced,4,1,14.0,6.0,6.0,7.0,163.85,1,1,0,0,1,0,0,0,0,0,1,0,0,1,0,0
51716,1,0.0,Phone,3,18.0,Debit Card,Female,2.9315348837209303,1,Mobile,4,Single,2,0,15.0,0.0,1.0,0.0,127.16,0,0,1,0,0,1,0,0,0,0,0,1,0,0,0,1
51285,0,13.0,Computer,1,17.0,Cash On Delivery,Female,3.0,3,Laptop & Accessory,3,Married,2,0,11.0,2.0,9.0,4.0,163.23,0,1,0,1,0,0,0,0,0,0,1,0,0,0,1,0
55397,1,1.0,Phone,3,20.0,E Wallet,Male,4.0,5,Laptop & Accessory,5,Married,7,1,14.0,2.0,3.0,3.0,186.34,1,0,1,0,0,0,1,0,0,0,1,0,0,0,1,0
53940,1,1.0,Phone,3,16.0,E Wallet,Female,3.0,6,Mobile,4,Single,3,0,14.0,2.0,3.0,3.0,152.6,0,0,1,0,0,0,1,0,0,0,0,1,0,0,0,1
50782,0,7.0,Phone,1,14.0,Cash On Delivery,Female,2.0,1,Mobile,3,Divorced,1,0,17.0,1.0,1.0,0.0,125.85,0,0,1,1,0,0,0,0,0,0,0,1,0,1,0,0
50451,0,27.0,Phone,1,25.0,Credit Card,Female,3.0,3,Laptop & Accessory,5,Married,10,1,11.0,0.0,1.0,4.0,154.85,0,0,1,0,1,0,0,0,0,0,1,0,0,0,1,0
52870,0,12.0,Phone,1,16.0,Debit Card,Female,4.0,4,Mobile,2,Single,3,0,13.0,2.0,3.0,2.0,147.88,0,0,1,0,0,1,0,0,0,0,0,1,0,0,0,1
52346,0,25.0,Phone,1,14.0,Upi,Female,2.9315348837209303,3,Mobile,5,Married,10,0,13.0,1.0,1.0,4.0,129.5,0,0,1,0,0,0,0,1,0,0,0,1,0,0,1,0
54389,0,9.0,Computer,3,7.0,E Wallet,Female,4.0,4,Fashion,3,Single,3,0,15.0,2.0,2.0,3.0,212.89,0,1,0,0,0,0,1,0,1,0,0,0,0,0,0,1
50993,0,7.0,Phone,1,6.0,Debit Card,Male,2.0,3,Laptop & Accessory,1,Married,10,0,17.0,1.0,2.0,1.0,154.84,1,0,1,0,0,1,0,0,0,0,1,0,0,0,1,0
54881,1,1.0,Phone,1,29.0,Debit Card,Female,3.0,4,Mobile,3,Married,6,1,12.0,1.0,2.0,2.0,146.32,0,0,1,0,0,1,0,0,0,0,0,1,0,0,1,0
54536,0,23.0,Phone,1,14.0,Upi,Male,3.0,5,Fashion,3,Single,10,0,25.0,2.0,2.0,1.0,234.64999999999998,1,0,1,0,0,0,0,1,1,0,0,0,0,0,0,1
55611,0,9.0,Phone,2,33.0,Debit Card,Female,3.0,4,Fashion,1,Single,3,1,17.0,2.0,2.0,3.0,213.37,0,0,1,0,0,1,0,0,1,0,0,0,0,0,0,1
53173,1,1.0,Phone,3,20.0,Credit Card,Male,3.0,4,Laptop & Accessory,5,Married,4,0,18.0,1.0,2.0,3.0,167.33,1,0,1,0,1,0,0,0,0,0,1,0,0,0,1,0
52539,0,11.0,Computer,1,14.0,Credit Card,Female,2.0,4,Mobile,4,Single,2,0,22.0,0.0,3.0,3.0,124.4,0,1,0,0,1,0,0,0,0,0,0,1,0,0,0,1
53754,0,3.0,Phone,3,26.0,Debit Card,Male,4.0,5,Laptop & Accessory,3,Married,3,0,15.0,2.0,2.0,3.0,211.2,1,0,1,0,0,1,0,0,0,0,1,0,0,0,1,0
54690,0,12.0,Phone,1,7.0,Debit Card,Female,3.0,2,Laptop & Accessory,1,Single,2,0,14.0,1.0,2.0,9.0,201.25,0,0,1,0,0,1,0,0,0,0,1,0,0,0,0,1
54467,0,6.0,Phone,3,14.0,Debit Card,Male,4.0,5,Laptop & Accessory,3,Married,3,0,15.0,4.0,5.0,9.0,179.84,1,0,1,0,0,1,0,0,0,0,1,0,0,0,1,0
50699,0,2.0,Computer,1,16.0,Debit Card,Female,3.0,3,Mobile,4,Married,1,0,14.0,1.0,1.0,1.0,132.91,0,1,0,0,0,1,0,0,0,0,0,1,0,0,1,0
51968,0,5.0,Phone,3,19.0,Debit Card,Male,3.0,3,Laptop & Accessory,1,Married,3,0,11.0,0.0,1.0,3.0,144.03,1,0,1,0,0,1,0,0,0,0,1,0,0,0,1,0
53362,0,8.0,Phone,1,17.0,Debit Card,Male,3.0,4,Mobile,4,Married,3,0,15.0,2.0,2.0,1.0,145.08,1,0,1,0,0,1,0,0,0,0,0,1,0,0,1,0
54939,0,20.0,Phone,1,15.0,Debit Card,Female,4.0,5,Laptop & Accessory,5,Married,10,1,24.0,2.0,2.0,8.0,171.15,0,0,1,0,0,1,0,0,0,0,1,0,0,0,1,0
52955,1,1.0,Phone,1,9.0,Debit Card,Male,4.0,4,Mobile,3,Single,4,0,12.0,2.0,2.0,1.0,159.85,1,0,1,0,0,1,0,0,0,0,0,1,0,0,0,1
54256,0,28.0,Phone,1,9.0,Cash On Delivery,Female,3.0,4,Fashion,3,Married,11,0,13.0,1.0,2.0,4.0,260.49,0,0,1,1,0,0,0,0,1,0,0,0,0,0,1,0
52366,0,20.0,Phone,1,7.0,Cash On Delivery,Male,3.0,3,Mobile,1,Married,8,0,12.0,1.0,1.0,2.0,134.2,1,0,1,1,0,0,0,0,0,0,0,1,0,0,1,0
52370,0,20.0,Phone,1,8.0,Credit Card,Female,2.0,3,Grocery,3,Married,4,0,19.0,1.0,5.0,6.0,271.69,0,0,1,0,1,0,0,0,0,1,0,0,0,0,1,0
53836,0,10.0,Phone,1,19.0,Debit Card,Female,4.0,4,Laptop & Accessory,3,Married,11,1,13.0,1.0,2.0,2.0,171.63,0,0,1,0,0,1,0,0,0,0,1,0,0,0,1,0
53207,0,1.0,Phone,1,11.0,Credit Card,Male,3.0,3,Mobile,5,Divorced,4,0,17.0,1.0,2.0,3.0,153.19,1,0,1,0,1,0,0,0,0,0,0,1,0,1,0,0
54893,1,1.0,Computer,1,12.0,Credit Card,Female,3.0,4,Mobile,4,Single,2,0,18.0,1.0,2.0,3.0,149.22,0,1,0,0,1,0,0,0,0,0,0,1,0,0,0,1
51088,0,7.0,Phone,1,25.0,Debit Card,Female,2.9315348837209303,4,Mobile,1,Married,2,0,12.0,3.0,8.0,7.0,129.29,0,0,1,0,0,1,0,0,0,0,0,1,0,0,1,0
54524,1,1.0,Phone,3,12.0,E Wallet,Female,3.0,4,Mobile,3,Single,3,1,14.0,1.0,2.0,1.0,153.51,0,0,1,0,0,0,1,0,0,0,0,1,0,0,0,1
53911,0,10.0,Phone,3,9.0,Debit Card,Female,3.0,4,Laptop & Accessory,1,Single,5,0,16.0,4.0,7.0,8.0,170.02,0,0,1,0,0,1,0,0,0,0,1,0,0,0,0,1
53978,0,16.0,Phone,1,20.0,Credit Card,Male,4.0,2,Laptop & Accessory,5,Married,7,0,19.0,2.0,2.0,1.0,180.38,1,0,1,0,1,0,0,0,0,0,1,0,0,0,1,0
55528,0,1.0,Phone,1,9.0,Cash On Delivery,Male,3.0,4,Mobile,4,Married,3,0,12.0,1.0,2.0,3.0,147.26,1,0,1,1,0,0,0,0,0,0,0,1,0,0,1,0
52819,1,1.0,Phone,3,16.0,Debit Card,Male,3.0,5,Laptop & Accessory,5,Single,9,0,24.0,1.0,2.0,4.0,159.07,1,0,1,0,0,1,0,0,0,0,1,0,0,0,0,1
55476,0,10.0,Phone,1,9.0,Upi,Female,4.0,4,Laptop & Accessory,4,Married,6,1,23.0,2.0,2.0,1.0,194.62,0,0,1,0,0,0,0,1,0,0,1,0,0,0,1,0
53264,1,1.0,Phone,3,15.0,Cash On Delivery,Male,3.0,5,Laptop & Accessory,5,Single,8,0,18.0,2.0,2.0,3.0,178.26,1,0,1,1,0,0,0,0,0,0,1,0,0,0,0,1
51261,0,7.0,Phone,3,19.0,Credit Card,Male,2.0,3,Fashion,3,Married,2,0,18.0,1.0,1.0,1.0,186.28,1,0,1,0,1,0,0,0,1,0,0,0,0,0,1,0
54650,0,17.0,Phone,1,13.0,Upi,Male,3.0,5,Grocery,1,Married,6,1,15.0,1.0,2.0,1.0,291.27,1,0,1,0,0,0,0,1,0,1,0,0,0,0,1,0
55437,0,11.0,Phone,3,16.0,E Wallet,Male,3.0,5,Laptop & Accessory,4,Married,3,0,15.0,2.0,2.0,4.0,166.89,1,0,1,0,0,0,1,0,0,0,1,0,0,0,1,0
54246,0,30.0,Phone,1,14.0,Debit Card,Male,3.0,6,Fashion,1,Single,6,0,12.0,1.0,2.0,3.0,197.6,1,0,1,0,0,1,0,0,1,0,0,0,0,0,0,1
52760,0,20.0,Phone,1,31.0,Credit Card,Male,2.0,3,Fashion,3,Single,3,0,23.0,9.0,12.0,11.0,186.33,1,0,1,0,1,0,0,0,1,0,0,0,0,0,0,1
51357,0,2.0,Phone,1,21.0,Debit Card,Female,2.0,4,Laptop & Accessory,3,Single,1,1,12.0,1.0,1.0,8.0,141.93,0,0,1,0,0,1,0,0,0,0,1,0,0,0,0,1
51509,0,30.0,Phone,1,30.0,Debit Card,Male,2.0,1,Fashion,1,Married,4,1,16.0,1.0,1.0,4.0,194.39,1,0,1,0,0,1,0,0,1,0,0,0,0,0,1,0
50069,0,9.0,Computer,1,13.0,Credit Card,Male,2.0,2,Mobile,2,Married,5,0,14.0,0.0,2.0,2.0,120.88999999999999,1,1,0,0,1,0,0,0,0,0,0,1,0,0,1,0
53342,0,21.0,Phone,3,9.0,E Wallet,Female,3.0,4,Laptop & Accessory,2,Divorced,2,1,23.0,6.0,8.0,8.0,170.37,0,0,1,0,0,0,1,0,0,0,1,0,0,1,0,0
51946,0,5.0,Phone,1,10.0,Debit Card,Female,3.0,4,Laptop & Accessory,3,Married,2,0,12.0,5.0,6.0,8.0,161.62,0,0,1,0,0,1,0,0,0,0,1,0,0,0,1,0
51228,0,17.0,Phone,1,6.0,Debit Card,Male,3.0,1,Laptop & Accessory,5,Married,3,0,15.0,2.0,2.0,2.0,150.33,1,0,1,0,0,1,0,0,0,0,1,0,0,0,1,0
52306,0,14.0,Computer,3,7.0,E Wallet,Female,3.0,3,Laptop & Accessory,5,Married,1,0,17.0,0.0,1.0,7.0,141.03,0,1,0,0,0,0,1,0,0,0,1,0,0,0,1,0
55387,0,6.0,Computer,1,17.0,Debit Card,Male,3.0,4,Mobile,3,Married,8,0,14.0,1.0,2.0,4.0,159.33,1,1,0,0,0,1,0,0,0,0,0,1,0,0,1,0
55626,0,10.0,Computer,1,30.0,Credit Card,Male,3.0,2,Laptop & Accessory,1,Married,6,0,18.0,1.0,2.0,4.0,150.71,1,1,0,0,1,0,0,0,0,0,1,0,0,0,1,0
52181,0,8.0,Phone,2,14.0,Cash On Delivery,Male,3.0,3,Mobile,3,Single,2,0,17.0,0.0,1.0,4.0,143.23,1,0,1,1,0,0,0,0,0,0,0,1,0,0,0,1
52088,0,23.0,Phone,1,14.0,Debit Card,Male,3.0,3,Mobile,1,Married,5,0,18.0,1.0,1.0,0.0,123.80000000000001,1,0,1,0,0,1,0,0,0,0,0,1,0,0,1,0
52078,1,0.0,Computer,1,14.0,Credit Card,Female,2.0,3,Mobile,4,Single,1,0,17.0,0.0,1.0,2.0,124.22,0,1,0,0,1,0,0,0,0,0,0,1,0,0,0,1
54196,0,17.0,Phone,1,9.0,Credit Card,Female,4.0,2,Mobile,3,Married,3,0,13.0,2.0,2.0,5.0,151.45,0,0,1,0,1,0,0,0,0,0,0,1,0,0,1,0
52432,0,23.0,Computer,1,28.0,Credit Card,Male,2.0,5,Grocery,1,Single,2,1,13.0,1.0,2.0,9.0,244.11,1,1,0,0,1,0,0,0,0,1,0,0,0,0,0,1
51226,0,0.0,Phone,3,8.0,Credit Card,Female,2.0,1,Laptop & Accessory,3,Single,1,0,14.0,0.0,1.0,7.0,165.0,0,0,1,0,1,0,0,0,0,0,1,0,0,0,0,1
53029,0,4.0,Phone,3,12.0,E Wallet,Female,2.0,5,Laptop & Accessory,3,Married,3,0,14.0,1.0,2.0,3.0,186.18,0,0,1,0,0,0,1,0,0,0,1,0,0,0,1,0
55215,0,23.0,Phone,1,14.0,Debit Card,Male,3.0,4,Fashion,4,Married,5,0,15.0,1.0,2.0,3.0,229.66,1,0,1,0,0,1,0,0,1,0,0,0,0,0,1,0
51610,1,0.0,Phone,1,8.0,Debit Card,Male,3.0,3,Mobile,3,Single,3,0,11.0,0.0,1.0,0.0,134.85,1,0,1,0,0,1,0,0,0,0,0,1,0,0,0,1
54771,0,1.0,Phone,1,12.0,Cash On Delivery,Male,3.0,5,Fashion,1,Married,3,1,17.0,2.0,2.0,9.0,253.07999999999998,1,0,1,1,0,0,0,0,1,0,0,0,0,0,1,0
55193,1,3.0,Computer,1,9.0,Debit Card,Female,3.0,5,Mobile,5,Single,4,1,24.0,1.0,2.0,1.0,161.46,0,1,0,0,0,1,0,0,0,0,0,1,0,0,0,1
54846,0,1.0,Computer,3,7.0,Credit Card,Male,3.0,5,Laptop & Accessory,5,Single,3,0,13.0,1.0,2.0,8.0,167.94,1,1,0,0,1,0,0,0,0,0,1,0,0,0,0,1
54210,0,9.0,Phone,1,15.0,Debit Card,Male,3.0,2,Mobile,1,Married,3,0,20.0,2.0,2.0,2.0,147.69,1,0,1,0,0,1,0,0,0,0,0,1,0,0,1,0
50573,0,9.0,Computer,3,26.0,Cash On Delivery,Female,2.0,3,Mobile,2,Divorced,2,0,15.0,0.0,1.0,2.0,121.57,0,1,0,1,0,0,0,0,0,0,0,1,0,1,0,0
53823,0,14.0,Phone,3,21.0,Debit Card,Female,3.0,4,Laptop & Accessory,5,Married,3,0,16.0,1.0,2.0,3.0,171.39,0,0,1,0,0,1,0,0,0,0,1,0,0,0,1,0
52484,0,23.0,Computer,1,26.0,Credit Card,Male,2.0,3,Grocery,3,Married,3,1,15.0,0.0,12.0,3.0,212.45,1,1,0,0,1,0,0,0,0,1,0,0,0,0,1,0
50611,0,21.0,Phone,1,12.0,Debit Card,Male,3.0,4,Laptop & Accessory,3,Single,3,0,13.0,0.0,2.0,2.0,142.4,1,0,1,0,0,1,0,0,0,0,1,0,0,0,0,1
54341,0,5.0,Phone,1,19.0,Credit Card,Female,4.0,4,Mobile,1,Married,10,1,24.0,2.0,2.0,3.0,164.29,0,0,1,0,1,0,0,0,0,0,0,1,0,0,1,0
52128,0,3.0,Phone,1,26.0,Upi,Male,2.0,3,Laptop & Accessory,5,Married,1,0,15.0,0.0,1.0,2.0,199.57,1,0,1,0,0,0,0,1,0,0,1,0,0,0,1,0
51941,1,20.0,Phone,1,8.0,Debit Card,Male,2.0,3,Others,4,Single,8,1,15.0,7.0,13.0,8.0,292.46,1,0,1,0,0,1,0,0,0,0,0,0,1,0,0,1
53294,0,19.0,Phone,1,9.0,Debit Card,Female,4.0,5,Mobile,3,Single,3,0,15.0,2.0,2.0,1.0,147.74,0,0,1,0,0,1,0,0,0,0,0,1,0,0,0,1
51365,0,11.0,Phone,1,8.0,Debit Card,Male,2.0,3,Mobile,1,Single,6,1,11.0,0.0,1.0,2.0,139.44,1,0,1,0,0,1,0,0,0,0,0,1,0,0,0,1
52923,0,31.0,Phone,2,13.0,Credit Card,Male,3.0,4,Mobile,3,Divorced,10,0,18.0,3.0,3.0,3.0,147.67,1,0,1,0,1,0,0,0,0,0,0,1,0,1,0,0
55317,0,14.0,Phone,1,22.0,Debit Card,Female,4.0,5,Fashion,3,Married,3,0,14.0,7.0,15.0,3.0,229.35,0,0,1,0,0,1,0,0,1,0,0,0,0,0,1,0
55457,0,4.0,Phone,1,17.0,Credit Card,Female,4.0,4,Fashion,3,Single,11,0,15.0,1.0,2.0,3.0,221.67,0,0,1,0,1,0,0,0,1,0,0,0,0,0,0,1
55605,1,20.0,Phone,1,14.0,Cash On Delivery,Male,4.0,4,Mobile,3,Married,10,0,12.0,7.0,10.0,9.0,148.39,1,0,1,1,0,0,0,0,0,0,0,1,0,0,1,0
50165,0,1.0,Phone,1,14.0,Debit Card,Female,3.0,3,Mobile,2,Single,2,0,21.0,0.0,1.0,2.0,133.1,0,0,1,0,0,1,0,0,0,0,0,1,0,0,0,1
54531,1,1.0,Phone,3,19.0,Debit Card,Female,3.0,2,Mobile,4,Single,3,0,16.0,1.0,2.0,1.0,152.16,0,0,1,0,0,1,0,0,0,0,0,1,0,0,0,1
54494,0,17.0,Phone,1,14.0,Debit Card,Female,3.0,4,Fashion,5,Married,10,0,17.0,2.0,2.0,3.0,224.85,0,0,1,0,0,1,0,0,1,0,0,0,0,0,1,0
52086,0,8.0,Phone,1,16.0,Upi,Male,2.0,3,Mobile,1,Married,2,0,20.0,0.0,1.0,2.0,139.17,1,0,1,0,0,0,0,1,0,0,0,1,0,0,1,0
54545,0,10.0,Phone,3,9.0,Credit Card,Male,4.0,5,Fashion,3,Married,3,0,14.0,9.0,10.0,1.0,200.96,1,0,1,0,1,0,0,0,1,0,0,0,0,0,1,0
50816,1,2.0,Phone,1,29.0,Credit Card,Male,3.0,3,Mobile,5,Single,1,0,13.0,0.0,1.0,3.0,139.04,1,0,1,0,1,0,0,0,0,0,0,1,0,0,0,1
54227,0,10.0,Computer,1,18.0,Debit Card,Male,4.0,5,Laptop & Accessory,4,Single,3,0,14.0,2.0,2.0,4.0,189.99,1,1,0,0,0,1,0,0,0,0,1,0,0,0,0,1
53093,0,4.0,Phone,3,19.0,Cash On Delivery,Female,3.0,4,Laptop & Accessory,3,Single,2,0,12.0,4.0,5.0,5.0,190.77,0,0,1,1,0,0,0,0,0,0,1,0,0,0,0,1
51498,0,9.0,Phone,3,12.0,E Wallet,Male,2.0,3,Laptop & Accessory,3,Married,3,1,20.0,0.0,4.0,5.0,123.06,1,0,1,0,0,0,1,0,0,0,1,0,0,0,1,0
54896,0,22.0,Phone,1,13.0,Debit Card,Male,4.0,5,Laptop & Accessory,3,Single,4,0,14.0,1.0,3.0,3.0,167.4,1,0,1,0,0,1,0,0,0,0,1,0,0,0,0,1
53794,0,22.0,Phone,3,23.0,Debit Card,Female,4.0,4,Laptop & Accessory,3,Married,10,0,15.0,2.0,8.0,8.0,189.39,0,0,1,0,0,1,0,0,0,0,1,0,0,0,1,0
54477,0,23.0,Phone,1,7.0,Cash On Delivery,Female,3.0,5,Grocery,3,Single,9,1,13.0,1.0,2.0,8.0,264.64,0,0,1,1,0,0,0,0,0,1,0,0,0,0,0,1
51529,0,23.0,Phone,1,6.0,Credit Card,Male,2.0,4,Mobile,3,Married,3,0,15.0,1.0,1.0,2.0,136.9,1,0,1,0,1,0,0,0,0,0,0,1,0,0,1,0
51614,0,18.0,Phone,1,26.0,Credit Card,Male,3.0,3,Grocery,1,Married,1,1,14.0,2.0,2.0,10.0,234.95999999999998,1,0,1,0,1,0,0,0,0,1,0,0,0,0,1,0
53658,0,14.0,Phone,1,7.0,Debit Card,Male,3.0,4,Mobile,4,Divorced,5,0,23.0,2.0,2.0,4.0,148.87,1,0,1,0,0,1,0,0,0,0,0,1,0,1,0,0
50528,0,10.0,Computer,3,25.0,Credit Card,Male,2.0,3,Fashion,4,Single,2,1,13.0,0.0,1.0,9.0,176.42,1,1,0,0,1,0,0,0,1,0,0,0,0,0,0,1
50487,0,8.0,Phone,1,13.0,Upi,Male,2.0,3,Fashion,3,Single,4,0,21.0,0.0,1.0,6.0,202.21,1,0,1,0,0,0,0,1,1,0,0,0,0,0,0,1
52503,0,8.0,Computer,1,14.0,Debit Card,Female,2.0,3,Laptop & Accessory,3,Married,2,0,12.0,0.0,2.0,9.0,141.48,0,1,0,0,0,1,0,0,0,0,1,0,0,0,1,0
55484,0,2.0,Computer,2,8.0,Debit Card,Male,3.0,4,Mobile,1,Married,3,0,16.0,2.0,3.0,3.0,152.06,1,1,0,0,0,1,0,0,0,0,0,1,0,0,1,0
54273,0,28.0,Computer,2,33.0,Upi,Female,2.0,2,Grocery,1,Single,4,1,15.0,3.0,5.0,5.0,298.28,0,1,0,0,0,0,0,1,0,1,0,0,0,0,0,1
53551,1,1.0,Computer,1,10.0,Debit Card,Male,3.0,5,Mobile,2,Divorced,2,1,12.0,1.0,2.0,1.0,153.53,1,1,0,0,0,1,0,0,0,0,0,1,0,1,0,0
54453,0,5.0,Computer,3,12.0,E Wallet,Female,3.0,4,Mobile,4,Married,3,0,12.0,1.0,3.0,3.0,152.89,0,1,0,0,0,0,1,0,0,0,0,1,0,0,1,0
53663,0,1.0,Computer,1,7.0,Debit Card,Female,4.0,4,Mobile,2,Single,3,0,16.0,2.0,2.0,1.0,141.11,0,1,0,0,0,1,0,0,0,0,0,1,0,0,0,1
53131,1,1.0,Computer,2,30.0,Upi,Female,3.0,4,Fashion,5,Married,11,1,16.0,2.0,2.0,3.0,224.5,0,1,0,0,0,0,0,1,1,0,0,0,0,0,1,0
51845,0,6.0,Phone,3,14.0,E Wallet,Male,2.0,3,Laptop & Accessory,3,Married,1,0,12.0,0.0,1.0,2.0,171.04,1,0,1,0,0,0,1,0,0,0,1,0,0,0,1,0
52066,1,9.0,Phone,1,28.0,Debit Card,Female,2.0,3,Mobile,3,Married,5,1,11.0,0.0,1.0,1.0,121.32,0,0,1,0,0,1,0,0,0,0,0,1,0,0,1,0
55180,0,10.0,Phone,3,23.0,E Wallet,Female,4.0,5,Laptop & Accessory,5,Married,6,0,14.0,2.0,2.0,3.0,181.47,0,0,1,0,0,0,1,0,0,0,1,0,0,0,1,0
50302,0,3.0,Computer,1,14.0,Credit Card,Female,2.0,3,Mobile,2,Single,1,0,14.0,5.0,6.0,7.0,125.63999999999999,0,1,0,0,1,0,0,0,0,0,0,1,0,0,0,1
51183,0,1.0,Phone,1,6.0,Credit Card,Female,3.0,3,Mobile,5,Married,2,0,25.0,1.0,1.0,2.0,135.91,0,0,1,0,1,0,0,0,0,0,0,1,0,0,1,0
55240,0,13.0,Phone,1,13.0,Debit Card,Female,3.0,4,Fashion,4,Single,6,0,19.0,3.0,3.0,3.0,208.76,0,0,1,0,0,1,0,0,1,0,0,0,0,0,0,1
51485,0,3.0,Phone,2,15.0,Upi,Male,2.0,3,Laptop & Accessory,1,Married,1,1,19.0,4.0,4.0,7.0,163.47,1,0,1,0,0,0,0,1,0,0,1,0,0,0,1,0
50798,0,17.0,Phone,1,10.0,Debit Card,Male,3.0,1,Others,5,Married,2,0,14.0,1.0,14.0,13.0,291.9,1,0,1,0,0,1,0,0,0,0,0,0,1,0,1,0
52302,0,29.0,Phone,2,14.0,Debit Card,Male,3.0,3,Others,4,Single,7,0,15.0,2.0,7.0,7.0,297.17,1,0,1,0,0,1,0,0,0,0,0,0,1,0,0,1
52336,0,6.0,Computer,3,11.0,Debit Card,Male,3.0,3,Laptop & Accessory,1,Married,7,0,13.0,1.0,1.0,2.0,199.98,1,1,0,0,0,1,0,0,0,0,1,0,0,0,1,0
50210,0,18.0,Phone,1,14.0,Upi,Male,3.0,3,Laptop & Accessory,2,Divorced,10,0,14.0,7.0,9.0,8.0,136.97,1,0,1,0,0,0,0,1,0,0,1,0,0,1,0,0
51641,0,15.0,Computer,3,32.0,E Wallet,Female,3.0,3,Grocery,4,Married,6,0,14.0,3.0,2.0,8.0,235.25,0,1,0,0,0,0,1,0,0,1,0,0,0,0,1,0
50186,0,4.0,Phone,2,8.0,Upi,Male,3.0,4,Laptop & Accessory,5,Divorced,4,0,12.0,0.0,1.0,0.0,164.1,1,0,1,0,0,0,0,1,0,0,1,0,0,1,0,0
53441,0,18.0,Phone,3,35.0,Credit Card,Female,3.0,2,Grocery,2,Divorced,5,1,19.0,2.0,2.0,12.0,258.2,0,0,1,0,1,0,0,0,0,1,0,0,0,1,0,0
51652,0,5.0,Phone,3,13.0,Debit Card,Male,3.0,4,Laptop & Accessory,3,Married,2,0,14.0,3.0,4.0,8.0,154.84,1,0,1,0,0,1,0,0,0,0,1,0,0,0,1,0
53129,0,9.0,Phone,1,23.0,Debit Card,Male,4.0,4,Fashion,3,Divorced,6,1,13.0,1.0,2.0,1.0,201.32,1,0,1,0,0,1,0,0,1,0,0,0,0,1,0,0
51499,0,18.0,Phone,1,14.0,Debit Card,Male,2.0,3,Laptop & Accessory,4,Married,9,0,18.0,1.0,1.0,15.0,123.47999999999999,1,0,1,0,0,1,0,0,0,0,1,0,0,0,1,0
52980,0,2.0,Phone,1,15.0,Debit Card,Female,4.0,4,Mobile,2,Single,3,0,22.0,1.0,2.0,3.0,158.1,0,0,1,0,0,1,0,0,0,0,0,1,0,0,0,1
55398,1,1.0,Phone,3,8.0,Debit Card,Male,3.0,6,Laptop & Accessory,4,Single,8,0,16.0,1.0,2.0,1.0,192.35,1,0,1,0,0,1,0,0,0,0,1,0,0,0,0,1
50549,0,6.0,Phone,1,6.0,Upi,Male,2.9315348837209303,4,Mobile,5,Single,4,1,11.0,0.0,1.0,2.0,127.99000000000001,1,0,1,0,0,0,0,1,0,0,0,1,0,0,0,1
54258,0,2.0,Computer,3,11.0,Credit Card,Male,3.0,4,Laptop & Accessory,3,Married,3,0,16.0,1.0,2.0,5.0,167.21,1,1,0,0,1,0,0,0,0,0,1,0,0,0,1,0
50441,0,0.0,Phone,1,16.0,Credit Card,Male,3.0,2,Mobile,3,Single,2,0,18.0,1.0,1.0,2.0,135.05,1,0,1,0,1,0,0,0,0,0,0,1,0,0,0,1
50034,0,13.0,Phone,3,10.0,E Wallet,Male,3.0,4,Fashion,2,Divorced,8,0,11.0,2.0,2.0,11.0,208.55,1,0,1,0,0,0,1,0,1,0,0,0,0,1,0,0
54900,0,1.0,Phone,1,9.0,Debit Card,Female,3.0,4,Laptop & Accessory,1,Married,2,0,19.0,3.0,3.0,3.0,167.27,0,0,1,0,0,1,0,0,0,0,1,0,0,0,1,0
55521,0,5.0,Phone,1,11.0,Credit Card,Female,4.0,2,Mobile,3,Married,10,0,13.0,2.0,3.0,3.0,164.78,0,0,1,0,1,0,0,0,0,0,0,1,0,0,1,0
51928,0,13.0,Computer,1,8.0,Credit Card,Female,2.0,1,Laptop & Accessory,4,Married,2,0,24.0,0.0,3.0,7.0,142.44,0,1,0,0,1,0,0,0,0,0,1,0,0,0,1,0
52755,0,13.0,Computer,1,17.0,Cash On Delivery,Female,3.0,3,Laptop & Accessory,3,Married,2,0,11.0,7.0,9.0,4.0,163.23,0,1,0,1,0,0,0,0,0,0,1,0,0,0,1,0
52680,0,0.0,Computer,1,21.0,Debit Card,Female,3.0,4,Mobile,5,Married,1,0,19.0,0.0,7.0,3.0,147.74,0,1,0,0,0,1,0,0,0,0,0,1,0,0,1,0
52448,0,9.0,Phone,3,14.0,Debit Card,Male,3.0,3,Mobile,1,Single,4,1,21.0,1.0,1.0,2.0,126.44,1,0,1,0,0,1,0,0,0,0,0,1,0,0,0,1
52028,0,5.0,Computer,1,14.0,Debit Card,Female,3.0,4,Mobile,4,Married,7,0,20.0,0.0,1.0,2.0,123.32,0,1,0,0,0,1,0,0,0,0,0,1,0,0,1,0
51153,0,19.0,Phone,1,8.0,Credit Card,Male,2.0,3,Others,1,Married,8,1,15.0,1.0,2.0,2.0,293.28,1,0,1,0,1,0,0,0,0,0,0,0,1,0,1,0
55003,1,1.0,Phone,1,19.0,Debit Card,Female,4.0,4,Mobile,1,Married,3,1,12.0,2.0,2.0,1.0,150.15,0,0,1,0,0,1,0,0,0,0,0,1,0,0,1,0
50200,0,3.0,Phone,1,34.0,Credit Card,Female,3.0,3,Laptop & Accessory,2,Divorced,2,0,13.0,0.0,1.0,9.0,157.75,0,0,1,0,1,0,0,0,0,0,1,0,0,1,0,0
53898,0,29.0,Phone,1,29.0,Cash On Delivery,Male,4.0,5,Mobile,4,Married,7,0,13.0,2.0,2.0,3.0,160.37,1,0,1,1,0,0,0,0,0,0,0,1,0,0,1,0
52390,0,22.0,Phone,1,11.0,Cash On Delivery,Male,3.0,3,Laptop & Accessory,3,Married,3,0,14.0,0.0,1.0,2.0,166.51,1,0,1,1,0,0,0,0,0,0,1,0,0,0,1,0
50882,1,0.0,Computer,1,34.0,Debit Card,Male,3.0,4,Laptop & Accessory,5,Single,4,0,20.0,0.0,1.0,3.0,142.84,1,1,0,0,0,1,0,0,0,0,1,0,0,0,0,1
50987,1,16.0,Phone,1,8.0,Cash On Delivery,Female,3.0,4,Fashion,1,Married,1,0,16.0,1.0,1.0,9.0,201.69,0,0,1,1,0,0,0,0,1,0,0,0,0,0,1,0
53917,0,6.0,Computer,1,17.0,Debit Card,Male,3.0,4,Mobile,3,Married,8,0,14.0,1.0,2.0,4.0,159.33,1,1,0,0,0,1,0,0,0,0,0,1,0,0,1,0
52071,1,0.0,Phone,1,20.0,Upi,Male,2.0,4,Mobile,4,Married,2,1,24.0,1.0,1.0,2.0,137.43,1,0,1,0,0,0,0,1,0,0,0,1,0,0,1,0
51611,0,2.0,Phone,3,8.0,Credit Card,Male,3.0,4,Laptop & Accessory,4,Married,3,0,19.0,1.0,1.0,0.0,166.44,1,0,1,0,1,0,0,0,0,0,1,0,0,0,1,0
50369,0,17.0,Phone,2,6.0,Debit Card,Female,2.0,4,Laptop & Accessory,3,Single,5,0,11.0,1.0,1.0,2.0,159.85,0,0,1,0,0,1,0,0,0,0,1,0,0,0,0,1
55489,0,1.0,Phone,3,30.0,Credit Card,Female,3.0,5,Laptop & Accessory,3,Married,3,0,22.0,4.0,6.0,9.0,160.4,0,0,1,0,1,0,0,0,0,0,1,0,0,0,1,0
55366,1,1.0,Phone,1,9.0,Debit Card,Male,4.0,4,Mobile,4,Single,3,0,13.0,1.0,2.0,1.0,138.93,1,0,1,0,0,1,0,0,0,0,0,1,0,0,0,1
51264,0,5.0,Computer,1,21.0,Credit Card,Female,2.0,3,Laptop & Accessory,1,Married,6,0,18.0,0.0,1.0,2.0,166.67,0,1,0,0,1,0,0,0,0,0,1,0,0,0,1,0
52043,0,9.0,Computer,3,26.0,Cash On Delivery,Female,2.0,3,Mobile,1,Married,2,0,15.0,0.0,1.0,2.0,121.57,0,1,0,1,0,0,0,0,0,0,0,1,0,0,1,0
54753,0,21.0,Phone,1,9.0,Upi,Female,3.0,4,Grocery,1,Married,3,1,15.0,4.0,4.0,1.0,292.52,0,0,1,0,0,0,0,1,0,1,0,0,0,0,1,0
52109,0,9.0,Phone,3,16.0,Debit Card,Female,2.0,3,Mobile,3,Married,2,1,19.0,0.0,1.0,0.0,122.19999999999999,0,0,1,0,0,1,0,0,0,0,0,1,0,0,1,0
52041,1,0.0,Phone,3,6.0,Debit Card,Male,2.0,4,Fashion,3,Married,6,0,11.0,5.0,11.0,46.0,206.08999999999997,1,0,1,0,0,1,0,0,1,0,0,0,0,0,1,0
50653,1,9.0,Phone,1,16.0,Debit Card,Female,2.0,4,Mobile,5,Single,2,0,13.0,1.0,1.0,0.0,114.16,0,0,1,0,0,1,0,0,0,0,0,1,0,0,0,1
53942,0,4.0,Phone,3,22.0,E Wallet,Male,4.0,5,Fashion,5,Married,4,0,12.0,1.0,2.0,8.0,196.4,1,0,1,0,0,0,1,0,1,0,0,0,0,0,1,0
50778,0,0.0,Phone,1,14.0,Debit Card,Male,3.0,3,Mobile,3,Married,2,0,11.0,1.0,1.0,3.0,125.16999999999999,1,0,1,0,0,1,0,0,0,0,0,1,0,0,1,0
53508,0,10.0,Computer,1,25.0,Debit Card,Male,4.0,4,Laptop & Accessory,2,Single,4,0,21.0,2.0,2.0,10.0,202.79,1,1,0,0,0,1,0,0,0,0,1,0,0,0,0,1
54060,1,1.0,Phone,3,20.0,E Wallet,Female,3.0,4,Laptop & Accessory,3,Single,5,1,12.0,3.0,3.0,3.0,223.54,0,0,1,0,0,0,1,0,0,0,1,0,0,0,0,1
52367,1,0.0,Phone,3,15.0,Debit Card,Male,3.0,4,Mobile,5,Married,4,0,12.0,2.0,2.0,2.0,144.0,1,0,1,0,0,1,0,0,0,0,0,1,0,0,1,0
54943,0,4.0,Phone,1,27.0,Upi,Male,3.0,4,Laptop & Accessory,5,Married,2,0,16.0,1.0,2.0,3.0,224.57,1,0,1,0,0,0,0,1,0,0,1,0,0,0,1,0
54706,0,4.0,Phone,3,34.0,E Wallet,Male,4.0,4,Laptop & Accessory,1,Married,9,0,24.0,3.0,8.0,8.0,178.04,1,0,1,0,0,0,1,0,0,0,1,0,0,0,1,0
50655,1,14.0,Phone,1,14.0,Debit Card,Male,2.0,3,Mobile,3,Divorced,10,1,12.0,1.0,2.0,7.0,124.61000000000001,1,0,1,0,0,1,0,0,0,0,0,1,0,1,0,0
51017,0,9.0,Phone,1,13.0,Credit Card,Male,2.0,4,Mobile,4,Married,2,0,12.0,0.0,1.0,1.0,121.41,1,0,1,0,1,0,0,0,0,0,0,1,0,0,1,0
51713,0,23.0,Phone,1,16.0,Cash On Delivery,Male,3.0,4,Fashion,1,Single,7,0,15.0,1.0,1.0,3.0,204.96,1,0,1,1,0,0,0,0,1,0,0,0,0,0,0,1
55351,0,6.0,Phone,1,9.0,Credit Card,Male,3.0,4,Laptop & Accessory,4,Married,2,0,14.0,2.0,2.0,7.0,179.7,1,0,1,0,1,0,0,0,0,0,1,0,0,0,1,0
51574,0,8.0,Computer,3,6.0,E Wallet,Female,3.0,3,Fashion,3,Single,2,0,14.0,1.0,1.0,8.0,187.89,0,1,0,0,0,0,1,0,1,0,0,0,0,0,0,1
51189,1,0.0,Phone,2,14.0,Upi,Male,2.0,4,Mobile,5,Married,5,1,15.0,1.0,2.0,0.0,123.35,1,0,1,0,0,0,0,1,0,0,0,1,0,0,1,0
50208,0,27.0,Computer,1,26.0,Debit Card,Female,2.0,3,Laptop & Accessory,3,Single,4,0,12.0,1.0,1.0,3.0,148.69,0,1,0,0,0,1,0,0,0,0,1,0,0,0,0,1
50397,0,0.0,Computer,3,9.0,Credit Card,Female,3.0,2,Laptop & Accessory,2,Married,2,1,20.0,1.0,1.0,4.0,146.47,0,1,0,0,1,0,0,0,0,0,1,0,0,0,1,0
50578,0,3.0,Phone,3,14.0,Upi,Male,3.0,3,Fashion,3,Married,6,0,11.0,4.0,7.0,7.0,172.64,1,0,1,0,0,0,0,1,1,0,0,0,0,0,1,0
51016,0,17.0,Phone,1,13.0,Credit Card,Female,2.0,3,Others,1,Married,1,1,14.0,1.0,1.0,10.0,290.49,0,0,1,0,1,0,0,0,0,0,0,0,1,0,1,0
54747,0,1.0,Computer,1,16.0,Debit Card,Male,3.0,5,Mobile,4,Married,3,0,12.0,1.0,2.0,1.0,151.94,1,1,0,0,0,1,0,0,0,0,0,1,0,0,1,0
51096,0,9.0,Phone,3,8.0,Debit Card,Female,2.0,3,Laptop & Accessory,1,Single,4,0,15.0,3.0,6.0,7.0,145.02,0,0,1,0,0,1,0,0,0,0,1,0,0,0,0,1
50502,0,5.0,Phone,1,14.0,Credit Card,Female,3.0,1,Laptop & Accessory,3,Divorced,6,0,12.0,1.0,1.0,3.0,151.75,0,0,1,0,1,0,0,0,0,0,1,0,0,1,0,0
51911,0,0.0,Phone,1,16.0,Credit Card,Male,3.0,1,Mobile,3,Single,2,0,18.0,0.0,1.0,2.0,135.05,1,0,1,0,1,0,0,0,0,0,0,1,0,0,0,1
53905,0,18.0,Phone,1,9.0,Debit Card,Female,4.0,2,Fashion,1,Married,3,1,20.0,7.0,7.0,8.0,203.79,0,0,1,0,0,1,0,0,1,0,0,0,0,0,1,0
53506,0,1.0,Phone,1,7.0,Cash On Delivery,Female,4.0,5,Mobile,4,Single,3,1,12.0,1.0,3.0,3.0,145.7,0,0,1,1,0,0,0,0,0,0,0,1,0,0,0,1
50435,0,11.0,Phone,1,8.0,Credit Card,Male,2.9315348837209303,3,Mobile,3,Divorced,7,1,13.0,0.0,1.0,1.0,130.57,1,0,1,0,1,0,0,0,0,0,0,1,0,1,0,0
54895,0,1.0,Phone,1,15.0,Debit Card,Male,4.0,6,Mobile,5,Married,3,0,16.0,1.0,2.0,2.0,149.51,1,0,1,0,0,1,0,0,0,0,0,1,0,0,1,0
52110,0,1.0,Phone,3,16.0,Credit Card,Male,3.0,3,Mobile,4,Married,2,0,22.0,0.0,1.0,0.0,110.52000000000001,1,0,1,0,1,0,0,0,0,0,0,1,0,0,1,0
51518,0,9.0,Computer,1,9.0,Credit Card,Male,1.0,3,Mobile,4,Single,5,0,12.0,2.0,7.0,2.0,120.88,1,1,0,0,1,0,0,0,0,0,0,1,0,0,0,1
53116,0,24.0,Phone,1,36.0,Debit Card,Male,3.0,5,Grocery,3,Divorced,2,0,15.0,12.0,16.0,8.0,295.46,1,0,1,0,0,1,0,0,0,1,0,0,0,1,0,0
54800,0,23.0,Phone,1,7.0,Cash On Delivery,Female,3.0,4,Mobile,5,Married,4,0,17.0,1.0,2.0,3.0,160.8,0,0,1,1,0,0,0,0,0,0,0,1,0,0,1,0
54957,1,1.0,Phone,1,11.0,Cash On Delivery,Male,3.0,4,Mobile,1,Married,3,1,16.0,5.0,6.0,7.0,161.91,1,0,1,1,0,0,0,0,0,0,0,1,0,0,1,0
51415,1,0.0,Phone,1,15.0,Credit Card,Male,3.0,4,Mobile,3,Married,1,1,17.0,1.0,1.0,0.0,133.88,1,0,1,0,1,0,0,0,0,0,0,1,0,0,1,0
53008,1,16.0,Phone,1,15.0,Credit Card,Male,3.0,5,Laptop & Accessory,4,Divorced,4,0,16.0,8.0,8.0,8.0,174.41,1,0,1,0,1,0,0,0,0,0,1,0,0,1,0,0
55599,1,1.0,Computer,3,16.0,E Wallet,Male,3.0,4,Mobile,5,Married,3,0,20.0,2.0,2.0,1.0,142.9,1,1,0,0,0,0,1,0,0,0,0,1,0,0,1,0
52943,0,3.0,Phone,1,22.0,Debit Card,Male,3.0,4,Mobile,2,Single,3,0,20.0,1.0,2.0,6.0,148.4,1,0,1,0,0,1,0,0,0,0,0,1,0,0,0,1
51281,0,4.0,Computer,1,16.0,Credit Card,Female,2.0,3,Fashion,3,Married,5,0,20.0,3.0,4.0,3.0,210.31,0,1,0,0,1,0,0,0,1,0,0,0,0,0,1,0
53903,0,8.0,Phone,1,26.0,Debit Card,Female,3.0,5,Mobile,1,Married,3,0,13.0,4.0,9.0,8.0,154.29,0,0,1,0,0,1,0,0,0,0,0,1,0,0,1,0
52485,0,5.0,Phone,1,11.0,Upi,Female,2.0,1,Mobile,1,Married,4,0,17.0,1.0,1.0,2.0,133.12,0,0,1,0,0,0,0,1,0,0,0,1,0,0,1,0
51394,0,19.0,Computer,3,11.0,E Wallet,Male,3.0,3,Laptop & Accessory,1,Single,5,1,21.0,1.0,1.0,8.0,157.72,1,1,0,0,0,0,1,0,0,0,1,0,0,0,0,1
50836,0,14.0,Computer,3,6.0,E Wallet,Female,3.0,3,Laptop & Accessory,5,Married,1,0,17.0,0.0,1.0,7.0,141.03,0,1,0,0,0,0,1,0,0,0,1,0,0,0,1,0
54546,1,1.0,Computer,1,11.0,Cash On Delivery,Male,3.0,4,Mobile,1,Single,11,1,24.0,2.0,2.0,1.0,147.85,1,1,0,1,0,0,0,0,0,0,0,1,0,0,0,1
51984,0,0.0,Phone,3,10.0,E Wallet,Male,2.0,4,Laptop & Accessory,5,Married,2,0,12.0,1.0,1.0,3.0,142.56,1,0,1,0,0,0,1,0,0,0,1,0,0,0,1,0
54774,0,8.0,Phone,2,10.0,Upi,Male,3.0,4,Mobile,1,Married,2,0,20.0,2.0,2.0,3.0,162.37,1,0,1,0,0,0,0,1,0,0,0,1,0,0,1,0
51801,0,6.0,Phone,1,6.0,Credit Card,Female,3.0,1,Grocery,3,Married,5,0,19.0,1.0,1.0,5.0,261.84,0,0,1,0,1,0,0,0,0,1,0,0,0,0,1,0
50648,0,29.0,Computer,1,15.0,Credit Card,Female,2.9315348837209303,3,Mobile,3,Divorced,3,0,19.0,0.0,1.0,3.0,129.42,0,1,0,0,1,0,0,0,0,0,0,1,0,1,0,0
50246,1,0.0,Phone,3,18.0,Debit Card,Female,2.9315348837209303,2,Mobile,4,Single,2,0,15.0,0.0,1.0,0.0,127.16,0,0,1,0,0,1,0,0,0,0,0,1,0,0,0,1
52821,1,1.0,Computer,1,23.0,Debit Card,Female,4.0,6,Mobile,5,Single,3,1,23.0,5.0,7.0,8.0,164.19,0,1,0,0,0,1,0,0,0,0,0,1,0,0,0,1
50299,0,3.0,Computer,3,28.0,Upi,Female,3.0,3,Fashion,5,Divorced,1,0,11.0,2.0,7.0,8.0,184.12,0,1,0,0,0,0,0,1,1,0,0,0,0,1,0,0
51858,0,9.0,Phone,1,9.0,Credit Card,Male,2.0,4,Mobile,1,Single,1,0,13.0,1.0,1.0,1.0,120.44999999999999,1,0,1,0,1,0,0,0,0,0,0,1,0,0,0,1
51219,0,9.0,Phone,1,13.0,Debit Card,Male,2.0,3,Mobile,5,Single,4,0,14.0,0.0,1.0,2.0,120.62,1,0,1,0,0,1,0,0,0,0,0,1,0,0,0,1
54530,0,5.0,Phone,1,16.0,Debit Card,Male,3.0,5,Mobile,4,Single,2,1,17.0,3.0,3.0,3.0,151.57,1,0,1,0,0,1,0,0,0,0,0,1,0,0,0,1
52806,0,2.0,Phone,1,34.0,Credit Card,Female,3.0,4,Mobile,5,Single,2,0,14.0,0.0,1.0,4.0,137.85,0,0,1,0,1,0,0,0,0,0,0,1,0,0,0,1
53307,0,25.0,Phone,3,33.0,E Wallet,Female,4.0,4,Grocery,3,Divorced,4,0,15.0,1.0,5.0,18.0,288.07,0,0,1,0,0,0,1,0,0,1,0,0,0,1,0,0
55131,0,1.0,Phone,3,18.0,Credit Card,Female,4.0,2,Mobile,1,Married,10,0,15.0,1.0,2.0,1.0,150.34,0,0,1,0,1,0,0,0,0,0,0,1,0,0,1,0
51004,0,9.0,Computer,1,12.0,Debit Card,Male,3.0,1,Laptop & Accessory,5,Married,4,1,13.0,1.0,1.0,2.0,155.62,1,1,0,0,0,1,0,0,0,0,1,0,0,0,1,0
51979,0,9.0,Phone,2,14.0,Debit Card,Male,3.0,4,Mobile,5,Married,1,0,21.0,0.0,1.0,3.0,123.41999999999999,1,0,1,0,0,1,0,0,0,0,0,1,0,0,1,0
51238,0,18.0,Computer,1,6.0,Credit Card,Male,2.0,3,Laptop & Accessory,3,Single,5,0,12.0,1.0,1.0,3.0,153.99,1,1,0,0,1,0,0,0,0,0,1,0,0,0,0,1
52630,0,12.0,Phone,1,16.0,Credit Card,Male,3.0,3,Fashion,3,Single,8,0,21.0,2.0,2.0,2.0,234.64,1,0,1,0,1,0,0,0,1,0,0,0,0,0,0,1
51187,0,9.0,Computer,1,20.0,Credit Card,Female,2.0,3,Mobile,3,Single,2,0,16.0,1.0,1.0,0.0,115.13999999999999,0,1,0,0,1,0,0,0,0,0,0,1,0,0,0,1
53775,0,8.0,Phone,3,7.0,Cash On Delivery,Male,4.0,5,Fashion,3,Divorced,3,1,15.0,8.0,9.0,7.0,195.83,1,0,1,1,0,0,0,0,1,0,0,0,0,1,0,0
52569,1,10.0,Computer,3,15.0,Debit Card,Male,2.0,5,Grocery,3,Married,8,0,11.0,6.0,14.0,3.0,229.36,1,1,0,0,0,1,0,0,0,1,0,0,0,0,1,0
52040,0,6.0,Phone,1,6.0,Debit Card,Female,2.0,4,Laptop & Accessory,1,Single,1,0,14.0,1.0,1.0,4.0,169.49,0,0,1,0,0,1,0,0,0,0,1,0,0,0,0,1
50125,0,18.0,Computer,1,13.0,Debit Card,Male,3.0,2,Laptop & Accessory,3,Divorced,5,0,17.0,0.0,1.0,2.0,164.34,1,1,0,0,0,1,0,0,0,0,1,0,0,1,0,0
53920,0,14.0,Phone,1,15.0,Debit Card,Female,4.0,4,Laptop & Accessory,5,Married,4,1,17.0,1.0,2.0,1.0,190.16,0,0,1,0,0,1,0,0,0,0,1,0,0,0,1,0
54074,0,10.0,Computer,1,16.0,Debit Card,Male,4.0,2,Mobile,4,Married,3,0,23.0,2.0,2.0,3.0,153.1,1,1,0,0,0,1,0,0,0,0,0,1,0,0,1,0
53895,1,12.0,Computer,3,14.0,Credit Card,Female,4.0,4,Mobile,3,Married,4,1,12.0,5.0,8.0,8.0,151.55,0,1,0,0,1,0,0,0,0,0,0,1,0,0,1,0
52344,0,0.0,Phone,1,8.0,Credit Card,Male,2.0,4,Mobile,1,Single,1,0,12.0,1.0,1.0,1.0,139.04,1,0,1,0,1,0,0,0,0,0,0,1,0,0,0,1
53142,0,16.0,Phone,1,31.0,Credit Card,Male,3.0,4,Fashion,5,Divorced,3,1,22.0,5.0,6.0,9.0,199.06,1,0,1,0,1,0,0,0,1,0,0,0,0,1,0,0
50864,0,14.0,Computer,1,28.0,Debit Card,Female,3.0,3,Laptop & Accessory,2,Married,4,1,14.0,0.0,3.0,3.0,154.67,0,1,0,0,0,1,0,0,0,0,1,0,0,0,1,0
52668,0,19.0,Phone,1,8.0,Debit Card,Male,2.0,3,Fashion,1,Married,4,0,14.0,0.0,4.0,7.0,185.78,1,0,1,0,0,1,0,0,1,0,0,0,0,0,1,0
51085,0,30.0,Phone,1,6.0,Credit Card,Male,3.0,5,Fashion,1,Married,4,0,20.0,0.0,1.0,0.0,208.82999999999998,1,0,1,0,1,0,0,0,1,0,0,0,0,0,1,0
52363,0,9.0,Phone,1,17.0,Debit Card,Male,3.0,3,Mobile,5,Married,1,0,14.0,1.0,1.0,4.0,120.99000000000001,1,0,1,0,0,1,0,0,0,0,0,1,0,0,1,0
54065,0,31.0,Phone,3,28.0,Debit Card,Female,4.0,4,Grocery,1,Married,6,1,15.0,2.0,2.0,1.0,303.75,0,0,1,0,0,1,0,0,0,1,0,0,0,0,1,0
52628,0,6.0,Phone,1,14.0,Debit Card,Male,2.9315348837209303,1,Mobile,5,Married,7,0,19.0,3.0,7.0,6.0,131.43,1,0,1,0,0,1,0,0,0,0,0,1,0,0,1,0
50187,0,18.0,Computer,1,13.0,Debit Card,Male,3.0,3,Fashion,5,Married,2,0,18.0,5.0,9.0,11.0,152.1,1,1,0,0,0,1,0,0,1,0,0,0,0,0,1,0
50333,1,9.0,Computer,3,11.0,E Wallet,Male,3.0,3,Mobile,4,Single,2,1,14.0,1.0,1.0,0.0,118.78,1,1,0,0,0,0,1,0,0,0,0,1,0,0,0,1
50117,0,5.0,Computer,3,32.0,E Wallet,Male,3.0,3,Laptop & Accessory,2,Divorced,1,0,18.0,1.0,2.0,2.0,144.65,1,1,0,0,0,0,1,0,0,0,1,0,0,1,0,0
53539,0,9.0,Computer,1,11.0,Upi,Male,3.0,5,Mobile,2,Divorced,3,0,14.0,3.0,3.0,3.0,148.76,1,1,0,0,0,0,0,1,0,0,0,1,0,1,0,0
53381,0,5.0,Phone,1,19.0,Credit Card,Female,3.0,4,Laptop & Accessory,2,Divorced,2,1,12.0,1.0,9.0,6.0,183.55,0,0,1,0,1,0,0,0,0,0,1,0,0,1,0,0
50169,1,0.0,Phone,3,10.0,E Wallet,Male,2.0,4,Laptop & Accessory,2,Single,2,1,12.0,7.0,7.0,4.0,158.28,1,0,1,0,0,0,1,0,0,0,1,0,0,0,0,1
55254,0,16.0,Computer,1,9.0,Debit Card,Male,3.0,4,Fashion,1,Married,4,1,15.0,5.0,14.0,3.0,226.24,1,1,0,0,0,1,0,0,1,0,0,0,0,0,1,0
53452,1,1.0,Phone,1,22.0,Upi,Male,3.0,4,Laptop & Accessory,3,Married,9,0,15.0,1.0,2.0,1.0,173.34,1,0,1,0,0,0,0,1,0,0,1,0,0,0,1,0
51383,0,9.0,Phone,3,8.0,E Wallet,Female,3.0,3,Mobile,1,Married,2,0,13.0,2.0,2.0,2.0,120.13999999999999,0,0,1,0,0,0,1,0,0,0,0,1,0,0,1,0
54848,0,10.0,Phone,1,9.0,Credit Card,Male,4.0,4,Mobile,3,Single,6,0,22.0,2.0,4.0,10.0,150.19,1,0,1,0,1,0,0,0,0,0,0,1,0,0,0,1
52952,0,12.0,Computer,3,9.0,Debit Card,Male,3.0,5,Laptop & Accessory,2,Divorced,5,0,19.0,7.0,8.0,6.0,177.49,1,1,0,0,0,1,0,0,0,0,1,0,0,1,0,0
52558,0,7.0,Phone,1,25.0,Debit Card,Female,2.9315348837209303,4,Mobile,1,Married,2,0,12.0,1.0,8.0,7.0,129.29,0,0,1,0,0,1,0,0,0,0,0,1,0,0,1,0
52699,1,9.0,Computer,1,22.0,Cash On Delivery,Male,2.0,5,Mobile,5,Married,2,1,23.0,0.0,3.0,0.0,123.07,1,1,0,1,0,0,0,0,0,0,0,1,0,0,1,0
54874,0,19.0,Phone,1,7.0,Credit Card,Female,4.0,4,Mobile,1,Married,5,0,15.0,2.0,2.0,3.0,147.7,0,0,1,0,1,0,0,0,0,0,0,1,0,0,1,0
54514,0,11.0,Phone,1,13.0,Credit Card,Male,3.0,2,Laptop & Accessory,5,Married,6,1,14.0,7.0,7.0,8.0,184.74,1,0,1,0,1,0,0,0,0,0,1,0,0,0,1,0
52379,1,0.0,Computer,1,7.0,Debit Card,Female,3.0,1,Fashion,4,Single,2,0,11.0,1.0,4.0,7.0,174.46,0,1,0,0,0,1,0,0,1,0,0,0,0,0,0,1
52425,0,12.0,Phone,1,12.0,Debit Card,Female,2.0,3,Fashion,4,Single,5,0,18.0,2.0,2.0,2.0,183.76,0,0,1,0,0,1,0,0,1,0,0,0,0,0,0,1
55612,0,12.0,Phone,3,17.0,Debit Card,Female,4.0,4,Laptop & Accessory,1,Married,3,0,12.0,1.0,2.0,10.0,178.43,0,0,1,0,0,1,0,0,0,0,1,0,0,0,1,0
52626,0,10.0,Phone,2,14.0,Upi,Male,2.0,3,Laptop & Accessory,4,Married,3,0,13.0,3.0,4.0,7.0,140.71,1,0,1,0,0,0,0,1,0,0,1,0,0,0,1,0
52059,0,9.0,Phone,1,6.0,Credit Card,Female,3.0,3,Mobile,1,Married,4,0,14.0,1.0,1.0,2.0,122.69999999999999,0,0,1,0,1,0,0,0,0,0,0,1,0,0,1,0
50383,0,2.0,Phone,3,9.0,Credit Card,Female,3.0,3,Laptop & Accessory,3,Divorced,2,0,14.0,0.0,1.0,2.0,155.61,0,0,1,0,1,0,0,0,0,0,1,0,0,1,0,0
55194,1,1.0,Computer,1,8.0,Debit Card,Female,4.0,2,Fashion,4,Single,3,0,12.0,2.0,5.0,8.0,199.46,0,1,0,0,0,1,0,0,1,0,0,0,0,0,0,1
52517,1,9.0,Phone,1,13.0,Debit Card,Male,3.0,3,Mobile,5,Single,4,1,14.0,0.0,1.0,3.0,121.66,1,0,1,0,0,1,0,0,0,0,0,1,0,0,0,1
51241,1,0.0,Computer,3,30.0,Cash On Delivery,Male,2.0,1,Mobile,5,Single,2,0,17.0,1.0,1.0,0.0,110.91,1,1,0,1,0,0,0,0,0,0,0,1,0,0,0,1
54332,1,1.0,Computer,3,7.0,Cash On Delivery,Female,4.0,6,Mobile,5,Single,2,0,22.0,2.0,2.0,1.0,148.25,0,1,0,1,0,0,0,0,0,0,0,1,0,0,0,1
50513,0,5.0,Computer,1,6.0,Debit Card,Male,3.0,3,Mobile,2,Married,1,0,12.0,0.0,1.0,2.0,123.13999999999999,1,1,0,0,0,1,0,0,0,0,0,1,0,0,1,0
53750,0,9.0,Phone,3,14.0,Debit Card,Male,4.0,4,Mobile,3,Divorced,3,0,14.0,2.0,2.0,1.0,149.04,1,0,1,0,0,1,0,0,0,0,0,1,0,1,0,0
52257,1,0.0,Computer,3,30.0,Debit Card,Male,3.0,5,Mobile,1,Single,2,1,14.0,1.0,1.0,0.0,111.18,1,1,0,0,0,1,0,0,0,0,0,1,0,0,0,1
52602,0,11.0,Computer,1,14.0,Credit Card,Female,3.0,4,Mobile,4,Married,5,0,14.0,0.0,1.0,5.0,124.68,0,1,0,0,1,0,0,0,0,0,0,1,0,0,1,0
50805,0,1.0,Computer,1,8.0,Debit Card,Male,2.0,4,Mobile,2,Divorced,2,1,12.0,2.0,2.0,2.0,138.67,1,1,0,0,0,1,0,0,0,0,0,1,0,1,0,0
51027,0,1.0,Phone,1,33.0,Credit Card,Female,2.0,5,Laptop & Accessory,5,Married,1,0,21.0,1.0,1.0,0.0,0.0,0,0,1,0,1,0,0,0,0,0,1,0,0,0,1,0
53780,0,11.0,Phone,1,20.0,Credit Card,Male,3.0,4,Laptop & Accessory,1,Married,3,0,18.0,1.0,4.0,8.0,167.85,1,0,1,0,1,0,0,0,0,0,1,0,0,0,1,0
54002,0,1.0,Computer,1,21.0,Credit Card,Female,3.0,4,Mobile,3,Single,3,0,17.0,2.0,2.0,1.0,140.14,0,1,0,0,1,0,0,0,0,0,0,1,0,0,0,1
51164,0,8.0,Computer,1,8.0,Credit Card,Male,2.0,3,Laptop & Accessory,1,Married,3,0,14.0,0.0,1.0,7.0,157.62,1,1,0,0,1,0,0,0,0,0,1,0,0,0,1,0
52126,1,0.0,Computer,1,30.0,Cash On Delivery,Male,3.0,4,Fashion,5,Single,2,0,12.0,1.0,1.0,9.0,187.22,1,1,0,1,0,0,0,0,1,0,0,0,0,0,0,1
51418,0,4.0,Phone,1,14.0,Credit Card,Male,2.0,3,Mobile,4,Single,2,0,17.0,1.0,1.0,0.0,125.00999999999999,1,0,1,0,1,0,0,0,0,0,0,1,0,0,0,1
50924,0,7.0,Phone,3,9.0,Upi,Male,2.0,5,Laptop & Accessory,5,Single,4,0,18.0,2.0,3.0,12.0,147.59,1,0,1,0,0,0,0,1,0,0,1,0,0,0,0,1
52906,0,15.0,Phone,3,13.0,Debit Card,Female,4.0,4,Fashion,2,Single,5,1,19.0,1.0,2.0,1.0,260.91,0,0,1,0,0,1,0,0,1,0,0,0,0,0,0,1
51322,0,7.0,Phone,3,34.0,E Wallet,Female,3.0,4,Laptop & Accessory,3,Married,2,0,21.0,1.0,1.0,7.0,167.12,0,0,1,0,0,0,1,0,0,0,1,0,0,0,1,0
54019,0,1.0,Phone,3,30.0,Credit Card,Female,3.0,5,Laptop & Accessory,3,Married,3,0,22.0,5.0,6.0,9.0,160.4,0,0,1,0,1,0,0,0,0,0,1,0,0,0,1,0
50675,0,15.0,Phone,1,8.0,Credit Card,Male,2.0,3,Grocery,5,Divorced,1,0,17.0,1.0,13.0,7.0,276.65,1,0,1,0,1,0,0,0,0,1,0,0,0,1,0,0
51246,0,20.0,Computer,1,20.0,Cash On Delivery,Male,3.0,3,Laptop & Accessory,4,Married,9,0,18.0,0.0,1.0,7.0,154.67,1,1,0,1,0,0,0,0,0,0,1,0,0,0,1,0
50627,0,23.0,Computer,3,6.0,Debit Card,Female,3.0,3,Laptop & Accessory,3,Divorced,1,0,12.0,1.0,1.0,13.0,163.47,0,1,0,0,0,1,0,0,0,0,1,0,0,1,0,0
52123,1,9.0,Phone,1,16.0,Debit Card,Female,2.0,4,Mobile,5,Single,2,0,13.0,0.0,1.0,0.0,114.16,0,0,1,0,0,1,0,0,0,0,0,1,0,0,0,1
50509,0,9.0,Phone,2,14.0,Debit Card,Male,3.0,4,Mobile,5,Divorced,1,0,21.0,1.0,1.0,3.0,123.41999999999999,1,0,1,0,0,1,0,0,0,0,0,1,0,1,0,0
54067,0,12.0,Phone,1,16.0,Debit Card,Male,4.0,4,Mobile,1,Married,4,0,20.0,2.0,2.0,4.0,172.71,1,0,1,0,0,1,0,0,0,0,0,1,0,0,1,0
55169,0,28.0,Phone,1,8.0,Credit Card,Female,3.0,4,Grocery,1,Single,8,0,15.0,7.0,13.0,8.0,298.28,0,0,1,0,1,0,0,0,0,1,0,0,0,0,0,1
53557,0,14.0,Computer,3,9.0,Credit Card,Male,4.0,4,Laptop & Accessory,4,Divorced,7,0,13.0,2.0,2.0,1.0,168.27,1,1,0,0,1,0,0,0,0,0,1,0,0,1,0,0
54023,1,1.0,Computer,1,31.0,Debit Card,Male,4.0,5,Mobile,1,Single,3,1,25.0,2.0,2.0,1.0,149.39,1,1,0,0,0,1,0,0,0,0,0,1,0,0,0,1
54836,0,5.0,Phone,3,14.0,Debit Card,Male,3.0,5,Mobile,3,Married,5,0,16.0,3.0,6.0,3.0,148.29,1,0,1,0,0,1,0,0,0,0,0,1,0,0,1,0
50529,0,23.0,Computer,1,8.0,Debit Card,Male,3.0,3,Grocery,5,Married,2,0,11.0,1.0,14.0,7.0,279.24,1,1,0,0,0,1,0,0,0,1,0,0,0,0,1,0
53145,0,3.0,Phone,1,26.0,Cash On Delivery,Male,3.0,4,Laptop & Accessory,2,Married,6,0,13.0,1.0,2.0,3.0,167.62,1,0,1,1,0,0,0,0,0,0,1,0,0,0,1,0
50746,0,8.0,Phone,3,23.0,Debit Card,Male,3.0,3,Laptop & Accessory,5,Divorced,4,1,15.0,1.0,1.0,7.0,189.66,1,0,1,0,0,1,0,0,0,0,1,0,0,1,0,0
52408,0,17.0,Computer,1,8.0,Credit Card,Male,2.0,3,Fashion,3,Single,6,1,18.0,2.0,2.0,2.0,202.09,1,1,0,0,1,0,0,0,1,0,0,0,0,0,0,1
52621,0,24.0,Phone,1,9.0,Cash On Delivery,Female,2.0,3,Fashion,3,Married,3,0,11.0,2.0,2.0,3.0,231.16000000000003,0,0,1,1,0,0,0,0,1,0,0,0,0,0,1,0
52259,1,8.0,Phone,3,8.0,E Wallet,Female,3.0,5,Others,4,Single,3,1,16.0,1.0,1.0,11.0,288.24,0,0,1,0,0,0,1,0,0,0,0,0,1,0,0,1
53196,0,1.0,Phone,1,13.0,Debit Card,Female,4.0,4,Mobile,2,Divorced,3,1,14.0,1.0,2.0,3.0,151.59,0,0,1,0,0,1,0,0,0,0,0,1,0,1,0,0
55205,0,23.0,Phone,1,12.0,Cash On Delivery,Male,4.0,4,Laptop & Accessory,3,Married,4,0,15.0,1.0,2.0,3.0,191.51,1,0,1,1,0,0,0,0,0,0,1,0,0,0,1,0
53597,0,8.0,Phone,1,27.0,Cash On Delivery,Female,3.0,2,Mobile,3,Divorced,2,0,18.0,2.0,2.0,1.0,150.85,0,0,1,1,0,0,0,0,0,0,0,1,0,1,0,0
50526,0,16.0,Computer,1,6.0,Debit Card,Female,2.0,3,Laptop & Accessory,2,Divorced,5,0,13.0,1.0,2.0,2.0,155.62,0,1,0,0,0,1,0,0,0,0,1,0,0,1,0,0
51412,0,9.0,Computer,1,17.0,Debit Card,Male,3.0,4,Laptop & Accessory,4,Single,2,0,13.0,1.0,1.0,3.0,164.99,1,1,0,0,0,1,0,0,0,0,1,0,0,0,0,1
52120,0,28.0,Computer,1,8.0,Credit Card,Male,2.0,4,Grocery,5,Single,8,0,15.0,1.0,6.0,2.0,267.56,1,1,0,0,1,0,0,0,0,1,0,0,0,0,0,1
52786,0,9.0,Computer,1,10.0,Debit Card,Female,3.0,3,Laptop & Accessory,4,Married,8,0,13.0,0.0,1.0,2.0,151.31,0,1,0,0,0,1,0,0,0,0,1,0,0,0,1,0
55281,0,12.0,Phone,3,23.0,Debit Card,Female,3.0,4,Laptop & Accessory,4,Single,4,0,13.0,2.0,2.0,3.0,166.98,0,0,1,0,0,1,0,0,0,0,1,0,0,0,0,1
51844,0,0.0,Phone,1,12.0,Credit Card,Male,2.9315348837209303,3,Mobile,3,Married,1,0,20.0,1.0,2.0,2.0,127.72999999999999,1,0,1,0,1,0,0,0,0,0,0,1,0,0,1,0
53677,0,13.0,Phone,3,28.0,Debit Card,Male,3.0,5,Laptop & Accessory,2,Divorced,5,1,13.0,1.0,2.0,5.0,186.2,1,0,1,0,0,1,0,0,0,0,1,0,0,1,0,0
52632,0,13.0,Phone,1,8.0,Debit Card,Female,3.0,3,Mobile,5,Married,5,0,17.0,1.0,1.0,2.0,133.77,0,0,1,0,0,1,0,0,0,0,0,1,0,0,1,0
51299,0,0.0,Phone,1,6.0,Debit Card,Male,3.0,3,Mobile,3,Single,1,0,12.0,0.0,1.0,2.0,133.75,1,0,1,0,0,1,0,0,0,0,0,1,0,0,0,1
50514,0,0.0,Phone,3,10.0,E Wallet,Male,2.0,4,Laptop & Accessory,5,Divorced,2,0,12.0,1.0,1.0,3.0,142.56,1,0,1,0,0,0,1,0,0,0,1,0,0,1,0,0
50303,0,30.0,Computer,3,34.0,E Wallet,Female,3.0,4,Fashion,5,Divorced,5,0,19.0,13.0,13.0,11.0,202.66,0,1,0,0,0,0,1,0,1,0,0,0,0,1,0,0
54575,1,1.0,Phone,3,7.0,Cash On Delivery,Female,4.0,4,Mobile,4,Single,3,1,17.0,1.0,2.0,5.0,157.02,0,0,1,1,0,0,0,0,0,0,0,1,0,0,0,1
54698,0,1.0,Computer,1,17.0,Debit Card,Male,3.0,4,Fashion,5,Married,3,0,22.0,1.0,2.0,3.0,212.93,1,1,0,0,0,1,0,0,1,0,0,0,0,0,1,0
51678,0,27.0,Computer,1,26.0,Debit Card,Female,2.0,3,Laptop & Accessory,3,Single,4,0,12.0,0.0,1.0,3.0,148.69,0,1,0,0,0,1,0,0,0,0,1,0,0,0,0,1
53151,0,1.0,Phone,3,36.0,Credit Card,Male,3.0,4,Laptop & Accessory,3,Married,7,0,13.0,2.0,2.0,1.0,168.06,1,0,1,0,1,0,0,0,0,0,1,0,0,0,1,0
54057,0,13.0,Computer,3,28.0,Debit Card,Female,3.0,6,Laptop & Accessory,3,Married,8,0,20.0,1.0,2.0,3.0,182.36,0,1,0,0,0,1,0,0,0,0,1,0,0,0,1,0
52154,0,2.0,Phone,1,14.0,Debit Card,Female,3.0,3,Mobile,1,Married,5,0,22.0,1.0,1.0,7.0,125.13999999999999,0,0,1,0,0,1,0,0,0,0,0,1,0,0,1,0
53843,0,1.0,Phone,1,12.0,Credit Card,Male,4.0,4,Mobile,1,Single,3,0,19.0,2.0,3.0,3.0,156.17,1,0,1,0,1,0,0,0,0,0,0,1,0,0,0,1
52945,0,3.0,Phone,3,27.0,E Wallet,Male,3.0,4,Laptop & Accessory,2,Married,4,0,15.0,2.0,2.0,3.0,194.31,1,0,1,0,0,0,1,0,0,0,1,0,0,0,1,0
54561,0,13.0,Computer,1,7.0,Debit Card,Male,3.0,4,Others,3,Married,3,1,15.0,1.0,2.0,7.0,316.97,1,1,0,0,0,1,0,0,0,0,0,0,1,0,1,0
53705,0,5.0,Phone,1,15.0,Debit Card,Female,4.0,4,Grocery,4,Single,5,0,12.0,1.0,2.0,1.0,289.22,0,0,1,0,0,1,0,0,0,1,0,0,0,0,0,1
55204,0,27.0,Phone,1,9.0,Credit Card,Male,3.0,2,Grocery,4,Single,6,0,13.0,1.0,9.0,9.0,290.98,1,0,1,0,1,0,0,0,0,1,0,0,0,0,0,1
50270,0,4.0,Phone,1,13.0,Credit Card,Female,2.0,3,Laptop & Accessory,5,Divorced,2,0,12.0,3.0,3.0,12.0,143.06,0,0,1,0,1,0,0,0,0,0,1,0,0,1,0,0
50354,0,9.0,Phone,3,19.0,Credit Card,Male,2.0,3,Mobile,3,Divorced,2,0,11.0,1.0,1.0,6.0,120.96000000000001,1,0,1,0,1,0,0,0,0,0,0,1,0,1,0,0
54261,1,1.0,Phone,2,13.0,Upi,Male,4.0,4,Mobile,5,Married,6,1,23.0,1.0,2.0,3.0,145.73,1,0,1,0,0,0,0,1,0,0,0,1,0,0,1,0
54150,0,3.0,Phone,1,20.0,Upi,Male,3.0,5,Laptop & Accessory,4,Married,6,1,14.0,2.0,2.0,4.0,165.25,1,0,1,0,0,0,0,1,0,0,1,0,0,0,1,0
50532,1,0.0,Phone,1,31.0,Debit Card,Male,2.9315348837209303,3,Mobile,2,Single,2,1,24.0,1.0,1.0,1.0,127.94999999999999,1,0,1,0,0,1,0,0,0,0,0,1,0,0,0,1
52260,0,28.0,Computer,1,14.0,Credit Card,Male,2.0,4,Grocery,4,Married,2,1,15.0,2.0,2.0,0.0,235.76999999999998,1,1,0,0,1,0,0,0,0,1,0,0,0,0,1,0
53292,0,14.0,Computer,1,23.0,Credit Card,Male,3.0,5,Laptop & Accessory,3,Single,8,0,15.0,2.0,2.0,1.0,175.94,1,1,0,0,1,0,0,0,0,0,1,0,0,0,0,1
51915,0,9.0,Computer,3,14.0,Debit Card,Male,3.0,4,Fashion,5,Single,2,0,15.0,0.0,1.0,9.0,175.87,1,1,0,0,0,1,0,0,1,0,0,0,0,0,0,1
51512,0,14.0,Phone,1,14.0,Debit Card,Male,2.0,3,Mobile,3,Married,5,0,12.0,1.0,1.0,8.0,124.50999999999999,1,0,1,0,0,1,0,0,0,0,0,1,0,0,1,0
54661,0,6.0,Phone,1,16.0,Debit Card,Female,4.0,4,Laptop & Accessory,1,Married,3,1,13.0,2.0,2.0,6.0,188.22,0,0,1,0,0,1,0,0,0,0,1,0,0,0,1,0
53882,0,5.0,Phone,3,12.0,Debit Card,Female,4.0,4,Laptop & Accessory,1,Married,3,0,12.0,1.0,2.0,3.0,179.76,0,0,1,0,0,1,0,0,0,0,1,0,0,0,1,0
51479,0,14.0,Phone,3,15.0,Debit Card,Male,3.0,3,Fashion,3,Married,4,1,13.0,0.0,1.0,7.0,181.89,1,0,1,0,0,1,0,0,1,0,0,0,0,0,1,0
50108,0,9.0,Phone,2,12.0,Credit Card,Male,2.0,3,Mobile,3,Divorced,9,0,17.0,2.0,2.0,2.0,122.66999999999999,1,0,1,0,1,0,0,0,0,0,0,1,0,1,0,0
52024,0,9.0,Phone,1,26.0,Credit Card,Male,2.0,3,Mobile,3,Married,5,0,17.0,1.0,1.0,0.0,122.59,1,0,1,0,1,0,0,0,0,0,0,1,0,0,1,0
54247,0,1.0,Phone,3,9.0,Cash On Delivery,Male,4.0,4,Mobile,5,Married,5,0,14.0,2.0,2.0,1.0,148.22,1,0,1,1,0,0,0,0,0,0,0,1,0,0,1,0
50970,0,13.0,Phone,3,15.0,Credit Card,Male,2.0,3,Laptop & Accessory,5,Married,1,0,12.0,2.0,7.0,1.0,154.73,1,0,1,0,1,0,0,0,0,0,1,0,0,0,1,0
53949,0,3.0,Phone,1,11.0,Cash On Delivery,Female,4.0,5,Mobile,5,Married,3,0,14.0,1.0,2.0,1.0,146.09,0,0,1,1,0,0,0,0,0,0,0,1,0,0,1,0
53245,0,1.0,Phone,1,14.0,Credit Card,Female,3.0,5,Laptop & Accessory,5,Single,10,0,20.0,2.0,2.0,8.0,193.11,0,0,1,0,1,0,0,0,0,0,1,0,0,0,0,1
54570,0,16.0,Computer,1,36.0,Debit Card,Female,4.0,4,Laptop & Accessory,3,Married,4,0,12.0,2.0,2.0,3.0,170.56,0,1,0,0,0,1,0,0,0,0,1,0,0,0,1,0
50498,0,5.0,Phone,3,19.0,Debit Card,Male,3.0,3,Laptop & Accessory,2,Married,3,0,11.0,0.0,1.0,3.0,144.03,1,0,1,0,0,1,0,0,0,0,1,0,0,0,1,0
50919,0,26.0,Phone,1,8.0,Credit Card,Male,2.0,1,Grocery,4,Single,5,0,12.0,1.0,8.0,8.0,265.98,1,0,1,0,1,0,0,0,0,1,0,0,0,0,0,1
52084,0,12.0,Phone,1,6.0,Debit Card,Female,3.0,4,Grocery,1,Married,2,0,16.0,9.0,11.0,3.0,227.42000000000002,0,0,1,0,0,1,0,0,0,1,0,0,0,0,1,0
51481,0,9.0,Phone,1,12.0,Credit Card,Male,2.0,3,Laptop & Accessory,4,Married,7,0,20.0,0.0,1.0,1.0,149.41,1,0,1,0,1,0,0,0,0,0,1,0,0,0,1,0
53251,0,8.0,Phone,1,15.0,Debit Card,Female,3.0,4,Laptop & Accessory,5,Married,5,0,15.0,2.0,2.0,1.0,176.21,0,0,1,0,0,1,0,0,0,0,1,0,0,0,1,0
50714,1,5.0,Computer,3,18.0,Debit Card,Male,2.0,3,Grocery,5,Single,1,1,12.0,7.0,2.0,14.0,237.57999999999998,1,1,0,0,0,1,0,0,0,1,0,0,0,0,0,1
52613,0,7.0,Computer,3,16.0,Debit Card,Male,2.0,3,Laptop & Accessory,3,Married,2,1,14.0,1.0,1.0,7.0,140.01,1,1,0,0,0,1,0,0,0,0,1,0,0,0,1,0
54302,0,19.0,Phone,1,36.0,Credit Card,Male,3.0,4,Mobile,1,Single,7,0,14.0,2.0,2.0,4.0,159.52,1,0,1,0,1,0,0,0,0,0,0,1,0,0,0,1
53796,0,7.0,Phone,3,15.0,Debit Card,Male,3.0,4,Laptop & Accessory,5,Married,4,0,14.0,3.0,3.0,3.0,188.92,1,0,1,0,0,1,0,0,0,0,1,0,0,0,1,0
52916,0,31.0,Phone,1,10.0,Debit Card,Male,4.0,5,Mobile,2,Divorced,5,0,18.0,1.0,2.0,1.0,146.77,1,0,1,0,0,1,0,0,0,0,0,1,0,1,0,0
55449,0,9.0,Computer,1,9.0,Credit Card,Male,3.0,4,Laptop & Accessory,1,Married,4,0,15.0,2.0,2.0,8.0,182.62,1,1,0,0,1,0,0,0,0,0,1,0,0,0,1,0
53488,1,1.0,Phone,1,28.0,Credit Card,Male,3.0,4,Mobile,3,Married,3,0,21.0,2.0,2.0,1.0,148.77,1,0,1,0,1,0,0,0,0,0,0,1,0,0,1,0
51229,1,9.0,Computer,1,22.0,Cash On Delivery,Male,2.0,5,Mobile,5,Married,2,1,23.0,3.0,3.0,0.0,123.07,1,1,0,1,0,0,0,0,0,0,0,1,0,0,1,0
53651,0,15.0,Computer,3,7.0,E Wallet,Female,4.0,4,Laptop & Accessory,5,Married,2,0,18.0,1.0,2.0,8.0,166.03,0,1,0,0,0,0,1,0,0,0,1,0,0,0,1,0
51190,0,18.0,Computer,3,8.0,Debit Card,Female,3.0,3,Laptop & Accessory,3,Married,5,0,22.0,3.0,5.0,7.0,151.54,0,1,0,0,0,1,0,0,0,0,1,0,0,0,1,0
52221,0,17.0,Phone,1,35.0,Upi,Male,2.0,3,Laptop & Accessory,1,Single,2,0,25.0,6.0,13.0,17.0,145.41,1,0,1,0,0,0,0,1,0,0,1,0,0,0,0,1
54354,0,17.0,Computer,1,14.0,Credit Card,Male,3.0,2,Mobile,1,Married,6,0,15.0,2.0,3.0,3.0,145.89,1,1,0,0,1,0,0,0,0,0,0,1,0,0,1,0
50266,0,16.0,Phone,1,18.0,Debit Card,Male,2.0,4,Grocery,4,Married,2,0,11.0,0.0,2.0,9.0,243.36,1,0,1,0,0,1,0,0,0,1,0,0,0,0,1,0
54883,0,12.0,Computer,1,17.0,Credit Card,Male,4.0,4,Mobile,3,Married,2,0,18.0,1.0,2.0,3.0,151.84,1,1,0,0,1,0,0,0,0,0,0,1,0,0,1,0
54768,1,13.0,Phone,3,18.0,E Wallet,Female,3.0,4,Fashion,1,Married,3,0,19.0,1.0,8.0,8.0,201.54,0,0,1,0,0,0,1,0,1,0,0,0,0,0,1,0
52736,1,0.0,Phone,1,14.0,Cash On Delivery,Male,2.0,4,Mobile,1,Married,6,0,12.0,1.0,1.0,3.0,123.66999999999999,1,0,1,1,0,0,0,0,0,0,0,1,0,0,1,0
51310,0,25.0,Computer,3,126.0,Debit Card,Male,2.0,3,Mobile,1,Married,3,0,15.0,1.0,1.0,0.0,134.82,1,1,0,0,0,1,0,0,0,0,0,1,0,0,1,0
53464,0,10.0,Phone,1,19.0,Credit Card,Female,3.0,5,Fashion,2,Single,2,0,12.0,6.0,8.0,3.0,213.58,0,0,1,0,1,0,0,0,1,0,0,0,0,0,0,1
52794,0,14.0,Phone,3,9.0,Debit Card,Male,2.0,4,Laptop & Accessory,4,Married,3,0,11.0,1.0,1.0,4.0,189.38,1,0,1,0,0,1,0,0,0,0,1,0,0,0,1,0
53320,0,2.0,Phone,2,15.0,Credit Card,Male,4.0,5,Mobile,2,Married,3,0,14.0,1.0,2.0,5.0,174.36,1,0,1,0,1,0,0,0,0,0,0,1,0,0,1,0
50360,0,4.0,Phone,3,12.0,Credit Card,Male,3.0,2,Laptop & Accessory,2,Married,5,0,22.0,3.0,5.0,7.0,154.6,1,0,1,0,1,0,0,0,0,0,1,0,0,0,1,0
51824,0,9.0,Phone,3,19.0,Credit Card,Male,2.0,3,Mobile,3,Married,2,0,11.0,1.0,1.0,6.0,120.96000000000001,1,0,1,0,1,0,0,0,0,0,0,1,0,0,1,0
52922,0,16.0,Phone,1,11.0,Cash On Delivery,Male,3.0,4,Others,2,Divorced,3,0,15.0,1.0,12.0,16.0,317.32,1,0,1,1,0,0,0,0,0,0,0,0,1,1,0,0
50708,0,10.0,Phone,1,31.0,Credit Card,Female,2.0,4,Laptop & Accessory,2,Married,8,0,13.0,0.0,1.0,3.0,157.31,0,0,1,0,1,0,0,0,0,0,1,0,0,0,1,0
51852,0,10.0,Phone,1,9.0,Upi,Male,2.0,3,Fashion,3,Married,2,0,15.0,7.0,7.0,8.0,194.34,1,0,1,0,0,0,0,1,1,0,0,0,0,0,1,0
54603,0,10.0,Computer,3,17.0,Credit Card,Male,3.0,4,Fashion,1,Single,3,0,15.0,9.0,10.0,3.0,224.8,1,1,0,0,1,0,0,0,1,0,0,0,0,0,0,1
53494,0,8.0,Computer,1,10.0,Debit Card,Male,3.0,5,Mobile,2,Divorced,5,0,18.0,2.0,2.0,1.0,154.79,1,1,0,0,0,1,0,0,0,0,0,1,0,1,0,0
50556,0,9.0,Phone,1,13.0,Upi,Male,3.0,3,Mobile,2,Single,3,0,18.0,0.0,1.0,1.0,146.78,1,0,1,0,0,0,0,1,0,0,0,1,0,0,0,1
50503,0,25.0,Computer,1,31.0,Credit Card,Female,2.0,4,Grocery,2,Divorced,4,0,22.0,0.0,2.0,0.0,238.26,0,1,0,0,1,0,0,0,0,1,0,0,0,1,0,0
55283,0,3.0,Phone,1,10.0,Credit Card,Male,3.0,4,Mobile,5,Single,3,1,19.0,1.0,2.0,6.0,172.23,1,0,1,0,1,0,0,0,0,0,0,1,0,0,0,1
54898,0,15.0,Phone,1,14.0,Credit Card,Female,3.0,4,Laptop & Accessory,3,Single,8,0,15.0,3.0,3.0,2.0,175.03,0,0,1,0,1,0,0,0,0,0,1,0,0,0,0,1
52843,0,27.0,Phone,3,13.0,E Wallet,Male,3.0,4,Laptop & Accessory,3,Divorced,4,1,21.0,1.0,5.0,6.0,148.06,1,0,1,0,0,0,1,0,0,0,1,0,0,1,0,0
51170,0,14.0,Phone,1,11.0,Debit Card,Male,2.0,1,Laptop & Accessory,4,Single,4,0,12.0,1.0,1.0,2.0,168.7,1,0,1,0,0,1,0,0,0,0,1,0,0,0,0,1
52507,0,11.0,Phone,1,8.0,Credit Card,Female,2.0,4,Fashion,3,Married,4,1,19.0,0.0,1.0,2.0,177.56,0,0,1,0,1,0,0,0,1,0,0,0,0,0,1,0
50879,0,0.0,Phone,1,6.0,Cash On Delivery,Male,2.0,3,Mobile,2,Divorced,5,0,11.0,1.0,1.0,2.0,132.29,1,0,1,1,0,0,0,0,0,0,0,1,0,1,0,0
51828,1,0.0,Phone,3,19.0,Credit Card,Male,2.0,3,Laptop & Accessory,5,Married,3,0,17.0,0.0,1.0,2.0,142.33,1,0,1,0,1,0,0,0,0,0,1,0,0,0,1,0
54165,0,1.0,Phone,1,9.0,Credit Card,Male,3.0,4,Mobile,4,Married,11,0,13.0,2.0,3.0,3.0,159.68,1,0,1,0,1,0,0,0,0,0,0,1,0,0,1,0
51067,0,4.0,Phone,3,11.0,Debit Card,Female,3.0,3,Laptop & Accessory,1,Married,2,0,11.0,0.0,1.0,2.0,154.76,0,0,1,0,0,1,0,0,0,0,1,0,0,0,1,0
53175,0,5.0,Phone,3,13.0,Credit Card,Male,4.0,3,Laptop & Accessory,2,Married,6,0,23.0,4.0,6.0,8.0,179.6,1,0,1,0,1,0,0,0,0,0,1,0,0,0,1,0
55293,0,14.0,Phone,3,21.0,Debit Card,Female,3.0,4,Laptop & Accessory,5,Married,3,0,16.0,1.0,2.0,3.0,171.39,0,0,1,0,0,1,0,0,0,0,1,0,0,0,1,0
55410,1,1.0,Phone,3,16.0,E Wallet,Female,3.0,6,Mobile,4,Single,3,0,14.0,3.0,3.0,3.0,152.6,0,0,1,0,0,0,1,0,0,0,0,1,0,0,0,1
52301,0,28.0,Phone,1,8.0,Credit Card,Female,2.0,5,Others,3,Married,5,0,14.0,1.0,9.0,11.0,291.87,0,0,1,0,1,0,0,0,0,0,0,0,1,0,1,0
51586,0,9.0,Phone,1,6.0,Credit Card,Female,3.0,3,Mobile,3,Married,8,0,14.0,1.0,1.0,2.0,122.32,0,0,1,0,1,0,0,0,0,0,0,1,0,0,1,0
52121,0,16.0,Phone,3,31.0,Credit Card,Male,3.0,4,Fashion,1,Married,6,0,13.0,1.0,1.0,0.0,207.98000000000002,1,0,1,0,1,0,0,0,1,0,0,0,0,0,1,0
55210,0,4.0,Phone,3,23.0,Debit Card,Male,4.0,4,Laptop & Accessory,3,Married,10,0,16.0,2.0,3.0,3.0,178.01,1,0,1,0,0,1,0,0,0,0,1,0,0,0,1,0
54864,0,12.0,Computer,3,17.0,Cash On Delivery,Female,3.0,4,Laptop & Accessory,1,Single,3,1,14.0,2.0,2.0,4.0,181.66,0,1,0,1,0,0,0,0,0,0,1,0,0,0,0,1
53014,1,1.0,Phone,1,9.0,Credit Card,Male,3.0,6,Mobile,2,Divorced,7,1,14.0,3.0,3.0,3.0,159.64,1,0,1,0,1,0,0,0,0,0,0,1,0,1,0,0
50107,0,15.0,Phone,1,10.0,Cash On Delivery,Male,2.0,3,Others,2,Divorced,2,0,15.0,0.0,11.0,15.0,292.32,1,0,1,1,0,0,0,0,0,0,0,0,1,1,0,0
50465,1,0.0,Phone,1,14.0,Debit Card,Female,2.0,4,Mobile,5,Divorced,2,1,11.0,0.0,1.0,0.0,123.19,0,0,1,0,0,1,0,0,0,0,0,1,0,1,0,0
55581,0,15.0,Phone,1,8.0,Debit Card,Male,4.0,4,Mobile,1,Married,5,0,23.0,1.0,2.0,1.0,152.82,1,0,1,0,0,1,0,0,0,0,0,1,0,0,1,0
51142,0,9.0,Phone,1,15.0,Debit Card,Male,3.0,3,Mobile,5,Married,2,0,20.0,1.0,1.0,4.0,122.88999999999999,1,0,1,0,0,1,0,0,0,0,0,1,0,0,1,0
55404,0,19.0,Phone,2,11.0,Debit Card,Female,3.0,6,Fashion,3,Married,6,0,22.0,2.0,2.0,3.0,222.56,0,0,1,0,0,1,0,0,1,0,0,0,0,0,1,0
51288,0,3.0,Phone,1,6.0,Credit Card,Male,3.0,3,Mobile,4,Married,2,0,13.0,0.0,1.0,7.0,137.48,1,0,1,0,1,0,0,0,0,0,0,1,0,0,1,0
51631,0,9.0,Phone,1,6.0,Debit Card,Female,2.0,3,Mobile,1,Single,2,0,12.0,1.0,5.0,7.0,121.15,0,0,1,0,0,1,0,0,0,0,0,1,0,0,0,1
55368,0,29.0,Phone,1,29.0,Cash On Delivery,Male,4.0,5,Mobile,4,Married,7,0,13.0,2.0,2.0,3.0,160.37,1,0,1,1,0,0,0,0,0,0,0,1,0,0,1,0
52169,0,2.0,Computer,1,16.0,Debit Card,Female,3.0,3,Mobile,4,Married,1,0,14.0,0.0,1.0,1.0,132.91,0,1,0,0,0,1,0,0,0,0,0,1,0,0,1,0
53957,0,15.0,Phone,1,16.0,Debit Card,Male,4.0,4,Mobile,5,Married,3,0,21.0,2.0,2.0,5.0,147.89,1,0,1,0,0,1,0,0,0,0,0,1,0,0,1,0
55116,0,29.0,Phone,1,9.0,Credit Card,Female,3.0,6,Others,3,Married,6,0,15.0,5.0,10.0,12.0,316.87,0,0,1,0,1,0,0,0,0,0,0,0,1,0,1,0
50315,1,0.0,Computer,1,26.0,Debit Card,Male,3.0,3,Fashion,3,Divorced,4,0,12.0,1.0,1.0,0.0,198.24,1,1,0,0,0,1,0,0,1,0,0,0,0,1,0,0
53996,0,28.0,Phone,1,14.0,Credit Card,Female,4.0,4,Laptop & Accessory,1,Married,6,0,16.0,2.0,2.0,8.0,193.54,0,0,1,0,1,0,0,0,0,0,1,0,0,0,1,0
53760,0,2.0,Phone,1,7.0,Debit Card,Male,4.0,5,Mobile,3,Married,3,0,15.0,1.0,2.0,1.0,140.63,1,0,1,0,0,1,0,0,0,0,0,1,0,0,1,0
51524,0,19.0,Phone,3,6.0,E Wallet,Female,3.0,3,Fashion,5,Married,2,0,25.0,8.0,15.0,7.0,204.53,0,0,1,0,0,0,1,0,1,0,0,0,0,0,1,0
51520,0,18.0,Phone,3,10.0,Debit Card,Female,1.0,3,Laptop & Accessory,5,Married,5,1,11.0,0.0,1.0,3.0,150.06,0,0,1,0,0,1,0,0,0,0,1,0,0,0,1,0
51843,0,17.0,Phone,1,9.0,Upi,Male,2.0,3,Others,1,Married,5,1,15.0,0.0,1.0,1.0,295.13,1,0,1,0,0,0,0,1,0,0,0,0,1,0,1,0
54199,0,10.0,Phone,1,12.0,Debit Card,Female,3.0,5,Mobile,5,Married,11,1,15.0,2.0,2.0,1.0,159.19,0,0,1,0,0,1,0,0,0,0,0,1,0,0,1,0
55135,0,1.0,Computer,3,9.0,Debit Card,Male,3.0,6,Laptop & Accessory,1,Single,5,0,21.0,1.0,2.0,1.0,175.71,1,1,0,0,0,1,0,0,0,0,1,0,0,0,0,1
55268,0,12.0,Computer,2,17.0,Upi,Male,4.0,4,Laptop & Accessory,3,Married,5,0,12.0,1.0,2.0,3.0,185.77,1,1,0,0,0,0,0,1,0,0,1,0,0,0,1,0
50133,0,13.0,Phone,1,8.0,Credit Card,Male,2.0,3,Others,3,Married,1,0,15.0,0.0,3.0,9.0,294.36,1,0,1,0,1,0,0,0,0,0,0,0,1,0,1,0
52324,0,13.0,Phone,1,8.0,Credit Card,Female,2.0,1,Laptop & Accessory,3,Married,6,0,20.0,6.0,11.0,8.0,163.77,0,0,1,0,1,0,0,0,0,0,1,0,0,0,1,0
51569,0,11.0,Phone,3,9.0,Debit Card,Male,3.0,3,Fashion,3,Married,1,0,12.0,1.0,5.0,13.0,206.08999999999997,1,0,1,0,0,1,0,0,1,0,0,0,0,0,1,0
51484,0,0.0,Phone,3,34.0,Debit Card,Male,2.0,4,Laptop & Accessory,3,Married,3,0,18.0,1.0,2.0,2.0,186.39,1,0,1,0,0,1,0,0,0,0,1,0,0,0,1,0
51501,0,2.0,Computer,1,6.0,Cash On Delivery,Male,2.0,3,Laptop & Accessory,3,Married,2,0,13.0,0.0,1.0,9.0,143.19,1,1,0,1,0,0,0,0,0,0,1,0,0,0,1,0
52643,1,9.0,Phone,2,26.0,Credit Card,Female,3.0,3,Mobile,4,Married,1,1,11.0,0.0,1.0,4.0,121.47999999999999,0,0,1,0,1,0,0,0,0,0,0,1,0,0,1,0
53189,0,1.0,Phone,1,13.0,Credit Card,Male,4.0,4,Mobile,3,Divorced,2,0,21.0,3.0,3.0,3.0,152.73,1,0,1,0,1,0,0,0,0,0,0,1,0,1,0,0
50967,0,6.0,Phone,1,31.0,Debit Card,Male,2.0,4,Laptop & Accessory,4,Single,2,0,13.0,0.0,1.0,2.0,143.2,1,0,1,0,0,1,0,0,0,0,1,0,0,0,0,1
50276,0,12.0,Computer,1,6.0,Debit Card,Male,2.0,3,Others,3,Married,2,1,14.0,0.0,1.0,6.0,291.97,1,1,0,0,0,1,0,0,0,0,0,0,1,0,1,0
54458,0,9.0,Phone,3,23.0,E Wallet,Male,4.0,4,Fashion,4,Married,2,0,16.0,4.0,7.0,10.0,205.2,1,0,1,0,0,0,1,0,1,0,0,0,0,0,1,0
50143,0,0.0,Computer,1,11.0,Debit Card,Male,2.0,2,Laptop & Accessory,5,Married,2,0,12.0,1.0,1.0,5.0,140.0,1,1,0,0,0,1,0,0,0,0,1,0,0,0,1,0
54510,0,3.0,Computer,3,9.0,Debit Card,Male,4.0,4,Laptop & Accessory,3,Married,3,0,15.0,2.0,2.0,3.0,171.49,1,1,0,0,0,1,0,0,0,0,1,0,0,0,1,0
53201,0,28.0,Phone,2,26.0,Credit Card,Male,3.0,4,Fashion,4,Divorced,4,0,16.0,4.0,2.0,2.0,232.25,1,0,1,0,1,0,0,0,1,0,0,0,0,1,0,0
52778,0,10.0,Phone,1,16.0,Debit Card,Female,2.0,1,Fashion,1,Married,2,1,25.0,5.0,2.0,8.0,237.44,0,0,1,0,0,1,0,0,1,0,0,0,0,0,1,0
52489,0,18.0,Computer,3,32.0,E Wallet,Male,2.0,4,Laptop & Accessory,5,Married,2,0,15.0,3.0,4.0,5.0,143.85,1,1,0,0,0,0,1,0,0,0,1,0,0,0,1,0
53477,0,1.0,Computer,1,15.0,Debit Card,Male,3.0,6,Mobile,3,Divorced,3,0,20.0,2.0,2.0,3.0,171.21,1,1,0,0,0,1,0,0,0,0,0,1,0,1,0,0
55552,0,12.0,Phone,3,8.0,Debit Card,Male,3.0,5,Mobile,5,Single,6,0,15.0,2.0,2.0,1.0,153.58,1,0,1,0,0,1,0,0,0,0,0,1,0,0,0,1
50128,0,2.0,Phone,1,14.0,Debit Card,Male,2.0,3,Mobile,2,Single,2,0,19.0,0.0,1.0,5.0,123.4,1,0,1,0,0,1,0,0,0,0,0,1,0,0,0,1
50656,1,0.0,Computer,1,30.0,Cash On Delivery,Male,3.0,4,Fashion,5,Single,2,0,12.0,0.0,1.0,9.0,187.22,1,1,0,1,0,0,0,0,1,0,0,0,0,0,0,1
52783,0,12.0,Computer,1,15.0,Debit Card,Male,2.0,3,Others,1,Single,3,0,15.0,1.0,1.0,3.0,294.31,1,1,0,0,0,1,0,0,0,0,0,0,1,0,0,1
53072,0,4.0,Phone,3,9.0,Cash On Delivery,Male,4.0,4,Mobile,4,Divorced,3,0,19.0,2.0,2.0,1.0,149.76,1,0,1,1,0,0,0,0,0,0,0,1,0,1,0,0
53784,0,16.0,Computer,1,9.0,Debit Card,Male,3.0,4,Fashion,1,Married,4,1,15.0,13.0,14.0,3.0,226.24,1,1,0,0,0,1,0,0,1,0,0,0,0,0,1,0
52102,0,5.0,Computer,1,35.0,Credit Card,Female,3.0,3,Mobile,3,Single,10,0,12.0,6.0,7.0,7.0,140.25,0,1,0,0,1,0,0,0,0,0,0,1,0,0,0,1
54981,0,9.0,Computer,3,18.0,E Wallet,Male,3.0,4,Laptop & Accessory,1,Married,3,0,12.0,2.0,2.0,3.0,174.68,1,1,0,0,0,0,1,0,0,0,1,0,0,0,1,0
51664,0,0.0,Phone,1,14.0,Debit Card,Female,2.0,3,Mobile,4,Single,2,1,12.0,0.0,1.0,2.0,124.78,0,0,1,0,0,1,0,0,0,0,0,1,0,0,0,1
52612,0,9.0,Phone,1,15.0,Debit Card,Male,3.0,3,Mobile,5,Married,2,0,20.0,0.0,1.0,4.0,122.88999999999999,1,0,1,0,0,1,0,0,0,0,0,1,0,0,1,0
52750,0,15.0,Computer,1,29.0,Debit Card,Male,2.0,4,Laptop & Accessory,3,Single,2,0,12.0,3.0,3.0,7.0,143.32,1,1,0,0,0,1,0,0,0,0,1,0,0,0,0,1
50308,0,7.0,Phone,1,8.0,Debit Card,Male,2.9315348837209303,4,Mobile,3,Married,4,0,12.0,5.0,5.0,7.0,127.68,1,0,1,0,0,1,0,0,0,0,0,1,0,0,1,0
50235,0,9.0,Computer,3,9.0,Credit Card,Male,2.0,4,Fashion,2,Divorced,5,0,11.0,0.0,1.0,12.0,196.99,1,1,0,0,1,0,0,0,1,0,0,0,0,1,0,0
54526,0,20.0,Computer,1,14.0,Credit Card,Female,2.0,4,Laptop & Accessory,3,Married,4,0,15.0,2.0,2.0,1.0,177.58,0,1,0,0,1,0,0,0,0,0,1,0,0,0,1,0
55037,0,1.0,Phone,3,28.0,E Wallet,Male,3.0,2,Mobile,1,Single,3,0,18.0,3.0,3.0,3.0,151.78,1,0,1,0,0,0,1,0,0,0,0,1,0,0,0,1
54241,0,4.0,Phone,1,7.0,Debit Card,Male,3.0,5,Laptop & Accessory,1,Married,3,1,13.0,2.0,4.0,1.0,176.26,1,0,1,0,0,1,0,0,0,0,1,0,0,0,1,0
51782,1,0.0,Phone,1,16.0,Credit Card,Male,2.0,5,Mobile,1,Married,8,0,13.0,0.0,1.0,3.0,134.08,1,0,1,0,1,0,0,0,0,0,0,1,0,0,1,0
53899,0,8.0,Phone,1,12.0,Credit Card,Male,3.0,5,Laptop & Accessory,1,Married,3,0,15.0,5.0,5.0,14.0,164.86,1,0,1,0,1,0,0,0,0,0,1,0,0,0,1,0
51445,0,9.0,Computer,1,29.0,Credit Card,Male,3.0,3,Laptop & Accessory,4,Married,5,0,12.0,0.0,1.0,2.0,120.41999999999999,1,1,0,0,1,0,0,0,0,0,1,0,0,0,1,0
53734,0,27.0,Phone,1,9.0,Credit Card,Male,3.0,2,Grocery,4,Single,6,0,13.0,1.0,9.0,9.0,290.98,1,0,1,0,1,0,0,0,0,1,0,0,0,0,0,1
53564,0,10.0,Phone,1,13.0,Debit Card,Male,3.0,6,Mobile,3,Married,3,0,15.0,1.0,2.0,8.0,152.41,1,0,1,0,0,1,0,0,0,0,0,1,0,0,1,0
52978,0,12.0,Phone,1,30.0,Debit Card,Male,3.0,4,Laptop & Accessory,2,Married,11,0,15.0,1.0,2.0,3.0,182.45,1,0,1,0,0,1,0,0,0,0,1,0,0,0,1,0
50174,0,9.0,Computer,1,24.0,Debit Card,Male,2.0,2,Mobile,2,Divorced,5,0,18.0,0.0,1.0,0.0,136.88,1,1,0,0,0,1,0,0,0,0,0,1,0,1,0,0
51832,0,10.0,Phone,3,8.0,E Wallet,Male,3.0,3,Laptop & Accessory,3,Married,5,1,11.0,0.0,1.0,0.0,196.02,1,0,1,0,0,0,1,0,0,0,1,0,0,0,1,0
54876,0,7.0,Computer,1,7.0,Upi,Female,3.0,2,Laptop & Accessory,4,Married,3,1,14.0,2.0,2.0,3.0,179.88,0,1,0,0,0,0,0,1,0,0,1,0,0,0,1,0
51819,0,22.0,Phone,1,24.0,Debit Card,Male,2.0,4,Others,3,Married,2,1,15.0,1.0,1.0,9.0,295.02,1,0,1,0,0,1,0,0,0,0,0,0,1,0,1,0
52826,1,5.0,Phone,1,19.0,Cash On Delivery,Female,3.0,4,Others,3,Divorced,3,0,15.0,10.0,16.0,9.0,320.45,0,0,1,1,0,0,0,0,0,0,0,0,1,1,0,0
50683,0,11.0,Phone,3,16.0,E Wallet,Male,3.0,4,Fashion,3,Married,1,1,14.0,2.0,2.0,7.0,187.4,1,0,1,0,0,0,1,0,1,0,0,0,0,0,1,0
51746,0,12.0,Computer,1,6.0,Debit Card,Male,2.0,3,Others,3,Married,2,1,14.0,0.0,1.0,6.0,291.97,1,1,0,0,0,1,0,0,0,0,0,0,1,0,1,0
52940,0,19.0,Computer,1,14.0,Debit Card,Male,4.0,3,Laptop & Accessory,3,Divorced,6,0,18.0,1.0,2.0,3.0,189.34,1,1,0,0,0,1,0,0,0,0,1,0,0,1,0,0
52469,0,8.0,Phone,1,16.0,Credit Card,Female,2.0,3,Laptop & Accessory,3,Single,4,1,16.0,0.0,1.0,4.0,161.42,0,0,1,0,1,0,0,0,0,0,1,0,0,0,0,1
55182,1,1.0,Phone,3,16.0,Debit Card,Male,4.0,5,Mobile,5,Married,5,0,13.0,3.0,3.0,3.0,169.0,1,0,1,0,0,1,0,0,0,0,0,1,0,0,1,0
51256,0,8.0,Phone,3,24.0,Credit Card,Male,3.0,3,Laptop & Accessory,5,Married,1,0,16.0,0.0,1.0,4.0,0.0,1,0,1,0,1,0,0,0,0,0,1,0,0,0,1,0
51211,0,12.0,Phone,1,25.0,Upi,Male,2.0,3,Laptop & Accessory,1,Married,9,0,14.0,1.0,2.0,2.0,139.02,1,0,1,0,0,0,0,1,0,0,1,0,0,0,1,0
52708,0,18.0,Computer,1,7.0,Credit Card,Male,2.0,3,Laptop & Accessory,3,Single,5,0,12.0,0.0,1.0,3.0,153.99,1,1,0,0,1,0,0,0,0,0,1,0,0,0,0,1
51344,0,22.0,Computer,3,8.0,Credit Card,Male,3.0,4,Laptop & Accessory,4,Married,3,0,14.0,1.0,1.0,8.0,153.9,1,1,0,0,1,0,0,0,0,0,1,0,0,0,1,0
50328,0,18.0,Phone,3,8.0,Upi,Male,3.0,3,Laptop & Accessory,4,Divorced,1,0,19.0,3.0,3.0,7.0,148.05,1,0,1,0,0,0,0,1,0,0,1,0,0,1,0,0
54004,1,1.0,Phone,2,20.0,Upi,Male,3.0,5,Mobile,5,Married,6,1,16.0,2.0,3.0,1.0,148.35,1,0,1,0,0,0,0,1,0,0,0,1,0,0,1,0
51316,0,9.0,Computer,1,10.0,Debit Card,Female,3.0,3,Laptop & Accessory,4,Married,8,0,13.0,1.0,1.0,2.0,151.31,0,1,0,0,0,1,0,0,0,0,1,0,0,0,1,0
51204,0,0.0,Phone,3,29.0,Credit Card,Female,2.0,4,Laptop & Accessory,3,Married,2,0,21.0,4.0,5.0,8.0,135.4,0,0,1,0,1,0,0,0,0,0,1,0,0,0,1,0
52235,0,9.0,Phone,1,20.0,Debit Card,Male,2.0,3,Mobile,5,Married,2,1,14.0,5.0,6.0,8.0,122.35,1,0,1,0,0,1,0,0,0,0,0,1,0,0,1,0
54154,0,5.0,Computer,1,12.0,Credit Card,Male,4.0,4,Laptop & Accessory,5,Single,2,0,20.0,1.0,2.0,3.0,224.36,1,1,0,0,1,0,0,0,0,0,1,0,0,0,0,1
53369,0,22.0,Phone,1,27.0,Credit Card,Male,3.0,4,Mobile,3,Divorced,6,0,18.0,1.0,2.0,1.0,147.59,1,0,1,0,1,0,0,0,0,0,0,1,0,1,0,0
52468,0,2.0,Phone,1,9.0,Credit Card,Male,2.0,3,Mobile,5,Single,2,1,18.0,0.0,1.0,5.0,147.23,1,0,1,0,1,0,0,0,0,0,0,1,0,0,0,1
55594,0,1.0,Phone,3,15.0,Upi,Female,3.0,4,Laptop & Accessory,3,Married,2,1,23.0,1.0,2.0,5.0,174.07,0,0,1,0,0,0,0,1,0,0,1,0,0,0,1,0
50324,0,13.0,Phone,1,12.0,Debit Card,Female,3.0,3,Grocery,3,Single,8,0,15.0,4.0,2.0,13.0,232.37,0,0,1,0,0,1,0,0,0,1,0,0,0,0,0,1
51739,0,7.0,Computer,3,10.0,E Wallet,Female,3.0,3,Laptop & Accessory,3,Married,10,0,15.0,0.0,1.0,2.0,165.38,0,1,0,0,0,0,1,0,0,0,1,0,0,0,1,0
53933,0,14.0,Phone,3,14.0,Credit Card,Male,3.0,4,Others,4,Single,3,0,15.0,2.0,13.0,9.0,323.33,1,0,1,0,1,0,0,0,0,0,0,0,1,0,0,1
50339,1,0.0,Phone,1,14.0,Cash On Delivery,Male,3.0,5,Mobile,2,Single,2,1,18.0,1.0,1.0,0.0,123.4,1,0,1,1,0,0,0,0,0,0,0,1,0,0,0,1
54915,0,7.0,Computer,3,15.0,Debit Card,Female,3.0,5,Mobile,1,Single,2,0,20.0,1.0,3.0,3.0,148.42,0,1,0,0,0,1,0,0,0,0,0,1,0,0,0,1
55065,0,22.0,Phone,1,8.0,Debit Card,Male,4.0,5,Others,1,Single,8,0,15.0,2.0,2.0,1.0,307.65,1,0,1,0,0,1,0,0,0,0,0,0,1,0,0,1
52127,0,0.0,Phone,1,6.0,Credit Card,Male,2.0,4,Mobile,5,Married,2,0,16.0,1.0,1.0,3.0,139.55,1,0,1,0,1,0,0,0,0,0,0,1,0,0,1,0
53266,0,28.0,Phone,1,26.0,Credit Card,Female,4.0,4,Laptop & Accessory,5,Married,11,1,12.0,1.0,2.0,5.0,179.85,0,0,1,0,1,0,0,0,0,0,1,0,0,0,1,0
53786,0,7.0,Phone,1,35.0,Debit Card,Male,4.0,4,Laptop & Accessory,3,Married,3,1,13.0,2.0,6.0,8.0,177.07,1,0,1,0,0,1,0,0,0,0,1,0,0,0,1,0
51505,0,9.0,Computer,3,8.0,E Wallet,Female,3.0,3,Mobile,3,Married,7,0,18.0,0.0,1.0,2.0,122.31,0,1,0,0,0,0,1,0,0,0,0,1,0,0,1,0
52038,0,5.0,Phone,1,9.0,Credit Card,Female,3.0,3,Laptop & Accessory,5,Married,2,0,12.0,1.0,6.0,3.0,167.25,0,0,1,0,1,0,0,0,0,0,1,0,0,0,1,0
52835,1,20.0,Phone,1,21.0,Debit Card,Female,4.0,4,Mobile,4,Divorced,11,1,19.0,2.0,5.0,4.0,174.63,0,0,1,0,0,1,0,0,0,0,0,1,0,1,0,0
55195,0,19.0,Phone,1,27.0,Credit Card,Male,4.0,6,Fashion,5,Married,4,1,19.0,2.0,2.0,8.0,233.51,1,0,1,0,1,0,0,0,1,0,0,0,0,0,1,0
54105,0,21.0,Phone,1,32.0,Credit Card,Male,3.0,4,Fashion,3,Single,4,0,24.0,2.0,13.0,3.0,211.33,1,0,1,0,1,0,0,0,1,0,0,0,0,0,0,1
51389,0,0.0,Computer,3,14.0,Debit Card,Male,2.0,3,Fashion,3,Single,2,0,15.0,1.0,1.0,7.0,187.26,1,1,0,0,0,1,0,0,1,0,0,0,0,0,0,1
51584,0,5.0,Phone,3,10.0,Debit Card,Female,2.0,3,Mobile,4,Married,3,0,11.0,1.0,1.0,2.0,139.31,0,0,1,0,0,1,0,0,0,0,0,1,0,0,1,0
53665,0,1.0,Computer,3,9.0,Debit Card,Male,3.0,6,Laptop & Accessory,2,Single,5,0,21.0,2.0,2.0,1.0,175.71,1,1,0,0,0,1,0,0,0,0,1,0,0,0,0,1
51802,0,4.0,Phone,3,13.0,Debit Card,Male,2.0,4,Fashion,1,Married,10,0,21.0,1.0,1.0,3.0,215.57,1,0,1,0,0,1,0,0,1,0,0,0,0,0,1,0
53045,0,4.0,Computer,3,32.0,Cash On Delivery,Female,3.0,4,Laptop & Accessory,3,Divorced,9,1,13.0,2.0,3.0,3.0,172.36,0,1,0,1,0,0,0,0,0,0,1,0,0,1,0,0
51639,1,0.0,Phone,3,10.0,E Wallet,Male,2.0,4,Laptop & Accessory,1,Single,2,1,12.0,4.0,7.0,4.0,158.28,1,0,1,0,0,0,1,0,0,0,1,0,0,0,0,1
53644,1,8.0,Phone,1,10.0,Debit Card,Male,3.0,4,Mobile,5,Divorced,6,0,13.0,2.0,2.0,3.0,148.62,1,0,1,0,0,1,0,0,0,0,0,1,0,1,0,0
51790,0,21.0,Phone,3,8.0,E Wallet,Female,2.0,3,Laptop & Accessory,1,Married,3,0,14.0,6.0,6.0,7.0,140.51,0,0,1,0,0,0,1,0,0,0,1,0,0,0,1,0
51508,0,1.0,Phone,1,27.0,Credit Card,Male,2.9315348837209303,3,Mobile,1,Married,2,0,11.0,0.0,1.0,2.0,127.13,1,0,1,0,1,0,0,0,0,0,0,1,0,0,1,0
55172,0,10.0,Phone,3,10.0,E Wallet,Female,4.0,4,Laptop & Accessory,4,Single,5,1,17.0,1.0,2.0,3.0,217.78,0,0,1,0,0,0,1,0,0,0,1,0,0,0,0,1
50510,0,0.0,Phone,3,9.0,Upi,Male,3.0,3,Laptop & Accessory,5,Divorced,2,1,18.0,1.0,1.0,3.0,141.94,1,0,1,0,0,0,0,1,0,0,1,0,0,1,0,0
51120,0,3.0,Computer,1,8.0,Cash On Delivery,Female,3.0,4,Mobile,5,Single,1,0,16.0,0.0,1.0,7.0,149.68,0,1,0,1,0,0,0,0,0,0,0,1,0,0,0,1
54940,1,15.0,Phone,1,11.0,Debit Card,Male,3.0,4,Mobile,3,Married,11,1,13.0,1.0,3.0,8.0,149.61,1,0,1,0,0,1,0,0,0,0,0,1,0,0,1,0
52686,0,9.0,Phone,3,16.0,Cash On Delivery,Female,3.0,4,Laptop & Accessory,3,Married,2,1,13.0,0.0,1.0,7.0,156.73,0,0,1,1,0,0,0,0,0,0,1,0,0,0,1,0
53547,0,1.0,Phone,1,10.0,Debit Card,Male,3.0,5,Mobile,3,Single,3,0,13.0,1.0,2.0,3.0,155.33,1,0,1,0,0,1,0,0,0,0,0,1,0,0,0,1
53923,0,9.0,Phone,1,34.0,Debit Card,Male,3.0,4,Laptop & Accessory,3,Married,4,0,17.0,1.0,2.0,8.0,193.83,1,0,1,0,0,1,0,0,0,0,1,0,0,0,1,0
55344,0,10.0,Phone,1,10.0,Debit Card,Male,4.0,2,Laptop & Accessory,5,Married,8,0,21.0,1.0,2.0,5.0,193.42,1,0,1,0,0,1,0,0,0,0,1,0,0,0,1,0
55388,0,5.0,Phone,1,9.0,Debit Card,Male,4.0,4,Mobile,3,Married,3,0,15.0,2.0,2.0,4.0,159.77,1,0,1,0,0,1,0,0,0,0,0,1,0,0,1,0
53870,0,8.0,Phone,1,10.0,Debit Card,Female,4.0,4,Laptop & Accessory,4,Married,3,0,13.0,8.0,8.0,10.0,179.33,0,0,1,0,0,1,0,0,0,0,1,0,0,0,1,0
51172,0,3.0,Phone,1,16.0,Credit Card,Female,3.0,3,Fashion,3,Single,10,0,14.0,0.0,1.0,2.0,196.67,0,0,1,0,1,0,0,0,1,0,0,0,0,0,0,1
50783,0,17.0,Phone,3,11.0,E Wallet,Male,2.0,3,Others,4,Divorced,8,0,11.0,1.0,3.0,10.0,282.13,1,0,1,0,0,0,1,0,0,0,0,0,1,1,0,0
52650,0,13.0,Phone,1,18.0,Debit Card,Female,2.0,3,Laptop & Accessory,5,Married,3,0,12.0,1.0,7.0,7.0,144.48,0,0,1,0,0,1,0,0,0,0,1,0,0,0,1,0
54146,0,14.0,Phone,1,9.0,Debit Card,Male,3.0,5,Mobile,3,Single,4,0,15.0,1.0,3.0,3.0,153.09,1,0,1,0,0,1,0,0,0,0,0,1,0,0,0,1
54102,0,1.0,Phone,2,9.0,Upi,Female,3.0,4,Mobile,4,Married,6,0,15.0,1.0,2.0,3.0,146.87,0,0,1,0,0,0,0,1,0,0,0,1,0,0,1,0
51038,1,0.0,Phone,3,16.0,Credit Card,Male,2.0,4,Fashion,5,Married,10,0,17.0,4.0,6.0,0.0,203.06,1,0,1,0,1,0,0,0,1,0,0,0,0,0,1,0
55203,0,18.0,Computer,1,12.0,Debit Card,Male,3.0,5,Mobile,3,Single,5,0,15.0,1.0,2.0,4.0,156.62,1,1,0,0,0,1,0,0,0,0,0,1,0,0,0,1
52225,0,30.0,Phone,3,13.0,E Wallet,Male,2.0,1,Laptop & Accessory,1,Married,1,1,18.0,0.0,1.0,9.0,152.2,1,0,1,0,0,0,1,0,0,0,1,0,0,0,1,0
55026,0,4.0,Phone,3,36.0,Debit Card,Male,4.0,4,Laptop & Accessory,5,Married,10,0,20.0,2.0,2.0,4.0,166.15,1,0,1,0,0,1,0,0,0,0,1,0,0,0,1,0
54528,0,24.0,Phone,1,17.0,Cash On Delivery,Male,4.0,5,Fashion,1,Single,8,0,16.0,2.0,2.0,3.0,229.96,1,0,1,1,0,0,0,0,1,0,0,0,0,0,0,1
52112,0,23.0,Phone,1,8.0,Credit Card,Male,3.0,3,Others,3,Married,3,1,15.0,4.0,7.0,7.0,292.37,1,0,1,0,1,0,0,0,0,0,0,0,1,0,1,0
51271,1,0.0,Computer,3,32.0,E Wallet,Male,3.0,3,Laptop & Accessory,1,Married,2,1,11.0,0.0,1.0,8.0,156.17,1,1,0,0,0,0,1,0,0,0,1,0,0,0,1,0
53824,0,17.0,Phone,1,34.0,Cash On Delivery,Male,3.0,2,Mobile,4,Married,7,0,13.0,2.0,2.0,3.0,173.76,1,0,1,1,0,0,0,0,0,0,0,1,0,0,1,0
55271,1,1.0,Phone,1,9.0,Debit Card,Female,4.0,4,Mobile,5,Married,3,1,13.0,2.0,2.0,1.0,145.74,0,0,1,0,0,1,0,0,0,0,0,1,0,0,1,0
50172,1,9.0,Phone,1,9.0,Debit Card,Male,2.0,3,Mobile,3,Single,2,0,13.0,0.0,1.0,0.0,114.19999999999999,1,0,1,0,0,1,0,0,0,0,0,1,0,0,0,1
53629,0,31.0,Phone,1,30.0,Debit Card,Male,3.0,4,Mobile,3,Married,3,0,13.0,3.0,3.0,3.0,148.72,1,0,1,0,0,1,0,0,0,0,0,1,0,0,1,0
54362,0,23.0,Computer,1,25.0,Debit Card,Male,4.0,4,Laptop & Accessory,1,Married,3,1,16.0,1.0,2.0,8.0,193.04,1,1,0,0,0,1,0,0,0,0,1,0,0,0,1,0
53241,0,1.0,Phone,1,16.0,Credit Card,Male,3.0,4,Mobile,5,Divorced,3,0,15.0,1.0,2.0,3.0,150.0,1,0,1,0,1,0,0,0,0,0,0,1,0,1,0,0
54519,0,10.0,Computer,3,7.0,Credit Card,Female,3.0,4,Laptop & Accessory,1,Single,6,0,16.0,2.0,2.0,1.0,191.53,0,1,0,0,1,0,0,0,0,0,1,0,0,0,0,1
50826,0,4.0,Computer,3,8.0,Debit Card,Female,2.0,3,Fashion,3,Married,2,1,19.0,3.0,9.0,6.0,198.52,0,1,0,0,0,1,0,0,1,0,0,0,0,0,1,0
51202,1,0.0,Phone,3,8.0,E Wallet,Male,2.0,4,Laptop & Accessory,4,Single,8,1,12.0,2.0,2.0,2.0,199.07,1,0,1,0,0,0,1,0,0,0,1,0,0,0,0,1
50152,0,2.0,Phone,1,28.0,Debit Card,Female,3.0,2,Fashion,4,Married,8,0,18.0,5.0,6.0,3.0,219.95999999999998,0,0,1,0,0,1,0,0,1,0,0,0,0,0,1,0
51875,0,11.0,Phone,1,6.0,Debit Card,Female,2.0,1,Laptop & Accessory,1,Single,1,0,13.0,0.0,1.0,8.0,176.25,0,0,1,0,0,1,0,0,0,0,1,0,0,0,0,1
53928,1,1.0,Phone,3,7.0,Debit Card,Male,3.0,6,Laptop & Accessory,4,Single,8,0,16.0,1.0,2.0,1.0,192.35,1,0,1,0,0,1,0,0,0,0,1,0,0,0,0,1
52933,0,15.0,Phone,1,26.0,Debit Card,Male,3.0,4,Laptop & Accessory,5,Married,4,0,17.0,2.0,2.0,1.0,155.72,1,0,1,0,0,1,0,0,0,0,1,0,0,0,1,0
50259,0,9.0,Phone,1,17.0,Credit Card,Female,2.0,3,Mobile,4,Divorced,2,0,13.0,1.0,1.0,2.0,122.44,0,0,1,0,1,0,0,0,0,0,0,1,0,1,0,0
55408,0,5.0,Phone,3,12.0,Cash On Delivery,Male,3.0,4,Laptop & Accessory,3,Married,3,0,20.0,2.0,2.0,3.0,208.46,1,0,1,1,0,0,0,0,0,0,1,0,0,0,1,0
53324,0,10.0,Phone,2,15.0,Debit Card,Male,4.0,5,Mobile,5,Divorced,2,0,22.0,2.0,2.0,4.0,148.42,1,0,1,0,0,1,0,0,0,0,0,1,0,1,0,0
50747,1,9.0,Phone,1,23.0,Debit Card,Female,3.0,3,Mobile,4,Divorced,2,0,13.0,0.0,1.0,0.0,122.1,0,0,1,0,0,1,0,0,0,0,0,1,0,1,0,0
52588,0,13.0,Phone,3,13.0,Credit Card,Male,2.0,3,Others,4,Single,2,0,15.0,12.0,12.0,8.0,298.33,1,0,1,0,1,0,0,0,0,0,0,0,1,0,0,1
54664,0,8.0,Phone,1,7.0,Debit Card,Male,3.0,4,Mobile,1,Married,3,0,13.0,2.0,9.0,9.0,151.91,1,0,1,0,0,1,0,0,0,0,0,1,0,0,1,0
52849,0,14.0,Phone,3,11.0,E Wallet,Male,4.0,5,Fashion,2,Divorced,9,0,12.0,3.0,2.0,12.0,233.55,1,0,1,0,0,0,1,0,1,0,0,0,0,1,0,0
51904,0,5.0,Computer,1,30.0,Debit Card,Male,3.0,3,Laptop & Accessory,1,Married,2,0,15.0,1.0,4.0,7.0,153.09,1,1,0,0,0,1,0,0,0,0,1,0,0,0,1,0
52805,0,2.0,Phone,1,19.0,Upi,Male,2.0,4,Laptop & Accessory,4,Married,5,1,13.0,0.0,1.0,3.0,140.25,1,0,1,0,0,0,0,1,0,0,1,0,0,0,1,0
53192,0,4.0,Computer,1,10.0,Credit Card,Female,4.0,4,Mobile,3,Married,3,0,21.0,2.0,2.0,1.0,145.83,0,1,0,0,1,0,0,0,0,0,0,1,0,0,1,0
53402,1,1.0,Phone,1,17.0,Debit Card,Female,4.0,5,Mobile,5,Single,8,1,21.0,2.0,2.0,1.0,149.04,0,0,1,0,0,1,0,0,0,0,0,1,0,0,0,1
50718,1,0.0,Phone,1,14.0,Debit Card,Female,3.0,3,Mobile,2,Divorced,2,1,11.0,1.0,1.0,0.0,125.15,0,0,1,0,0,1,0,0,0,0,0,1,0,1,0,0
52633,0,15.0,Phone,1,19.0,Credit Card,Male,3.0,1,Laptop & Accessory,5,Married,6,0,18.0,1.0,1.0,0.0,155.38,1,0,1,0,1,0,0,0,0,0,1,0,0,0,1,0
53333,0,12.0,Phone,3,16.0,E Wallet,Male,4.0,5,Mobile,4,Divorced,2,0,20.0,1.0,2.0,3.0,153.99,1,0,1,0,0,0,1,0,0,0,0,1,0,1,0,0
51387,0,0.0,Phone,1,14.0,Debit Card,Female,2.0,3,Mobile,5,Married,2,0,13.0,1.0,1.0,0.0,123.41,0,0,1,0,0,1,0,0,0,0,0,1,0,0,1,0
52237,0,9.0,Phone,1,8.0,Debit Card,Female,3.0,1,Mobile,1,Married,2,0,13.0,1.0,7.0,7.0,120.11000000000001,0,0,1,0,0,1,0,0,0,0,0,1,0,0,1,0
51444,0,30.0,Phone,3,16.0,Credit Card,Male,2.0,3,Grocery,3,Single,1,0,13.0,0.0,2.0,8.0,238.72000000000003,1,0,1,0,1,0,0,0,0,1,0,0,0,0,0,1
50182,0,5.0,Phone,3,13.0,Debit Card,Male,3.0,4,Laptop & Accessory,3,Divorced,2,0,14.0,1.0,4.0,8.0,154.84,1,0,1,0,0,1,0,0,0,0,1,0,0,1,0,0
50547,0,9.0,Phone,1,16.0,Debit Card,Male,2.0,3,Mobile,4,Married,2,0,14.0,1.0,1.0,0.0,120.08000000000001,1,0,1,0,0,1,0,0,0,0,0,1,0,0,1,0
51362,0,5.0,Phone,1,11.0,Debit Card,Male,3.0,1,Mobile,4,Married,1,1,12.0,1.0,1.0,5.0,132.98,1,0,1,0,0,1,0,0,0,0,0,1,0,0,1,0
53100,0,16.0,Computer,1,36.0,Debit Card,Female,4.0,4,Laptop & Accessory,3,Married,4,0,12.0,2.0,2.0,3.0,170.56,0,1,0,0,0,1,0,0,0,0,1,0,0,0,1,0
54301,1,1.0,Phone,1,16.0,Credit Card,Female,3.0,4,Mobile,5,Single,9,0,23.0,2.0,2.0,5.0,167.0,0,0,1,0,1,0,0,0,0,0,0,1,0,0,0,1
52384,0,21.0,Phone,3,13.0,E Wallet,Male,3.0,3,Laptop & Accessory,5,Married,5,0,11.0,0.0,2.0,2.0,154.86,1,0,1,0,0,0,1,0,0,0,1,0,0,0,1,0
53161,0,1.0,Computer,3,31.0,Credit Card,Male,3.0,4,Mobile,2,Divorced,2,0,14.0,1.0,3.0,2.0,149.0,1,1,0,0,1,0,0,0,0,0,0,1,0,1,0,0
50425,0,7.0,Phone,1,14.0,Credit Card,Female,3.0,3,Laptop & Accessory,3,Single,4,0,11.0,1.0,4.0,3.0,161.42,0,0,1,0,1,0,0,0,0,0,1,0,0,0,0,1
55297,1,1.0,Phone,1,31.0,Credit Card,Male,3.0,4,Mobile,4,Married,3,1,18.0,1.0,2.0,1.0,149.08,1,0,1,0,1,0,0,0,0,0,0,1,0,0,1,0
54683,0,11.0,Phone,1,17.0,Debit Card,Male,4.0,2,Mobile,1,Single,5,0,18.0,2.0,2.0,1.0,171.8,1,0,1,0,0,1,0,0,0,0,0,1,0,0,0,1
53003,0,5.0,Phone,1,9.0,Debit Card,Male,3.0,4,Mobile,2,Married,2,1,19.0,2.0,3.0,3.0,151.95,1,0,1,0,0,1,0,0,0,0,0,1,0,0,1,0
50988,1,1.0,Phone,1,8.0,Credit Card,Male,2.0,3,Laptop & Accessory,4,Married,5,0,11.0,0.0,1.0,4.0,148.55,1,0,1,0,1,0,0,0,0,0,1,0,0,0,1,0
51413,0,18.0,Phone,1,13.0,Debit Card,Male,2.0,3,Fashion,5,Married,3,0,17.0,0.0,1.0,0.0,197.24,1,0,1,0,0,1,0,0,1,0,0,0,0,0,1,0
50277,0,29.0,Computer,3,12.0,Debit Card,Female,2.0,2,Grocery,5,Divorced,10,0,11.0,2.0,2.0,7.0,232.12,0,1,0,0,0,1,0,0,0,1,0,0,0,1,0,0
53230,0,24.0,Phone,3,15.0,E Wallet,Male,3.0,4,Mobile,4,Divorced,9,0,16.0,2.0,3.0,3.0,163.75,1,0,1,0,0,0,1,0,0,0,0,1,0,1,0,0
55166,0,3.0,Phone,2,24.0,Upi,Male,3.0,5,Fashion,5,Single,3,0,14.0,1.0,2.0,10.0,204.88,1,0,1,0,0,0,0,1,1,0,0,0,0,0,0,1
54642,0,8.0,Phone,1,7.0,Debit Card,Male,3.0,5,Mobile,1,Married,3,1,14.0,2.0,2.0,4.0,161.22,1,0,1,0,0,1,0,0,0,0,0,1,0,0,1,0
53062,0,3.0,Phone,1,30.0,Debit Card,Male,3.0,4,Mobile,2,Single,11,0,17.0,2.0,2.0,3.0,147.01,1,0,1,0,0,1,0,0,0,0,0,1,0,0,0,1
54385,0,5.0,Computer,1,7.0,Credit Card,Male,3.0,6,Laptop & Accessory,3,Married,2,0,13.0,1.0,2.0,5.0,168.45,1,1,0,0,1,0,0,0,0,0,1,0,0,0,1,0
51530,0,26.0,Phone,1,19.0,Credit Card,Female,2.0,1,Laptop & Accessory,5,Married,2,0,11.0,1.0,1.0,3.0,144.5,0,0,1,0,1,0,0,0,0,0,1,0,0,0,1,0
51585,1,0.0,Phone,1,6.0,Debit Card,Male,3.0,4,Mobile,3,Single,1,1,14.0,0.0,1.0,2.0,137.3,1,0,1,0,0,1,0,0,0,0,0,1,0,0,0,1
52604,0,9.0,Phone,1,10.0,Cash On Delivery,Female,3.0,4,Mobile,5,Married,2,0,13.0,0.0,1.0,0.0,121.09,0,0,1,1,0,0,0,0,0,0,0,1,0,0,1,0
54604,1,1.0,Computer,1,11.0,Cash On Delivery,Male,4.0,5,Mobile,3,Single,7,0,17.0,1.0,2.0,3.0,163.94,1,1,0,1,0,0,0,0,0,0,0,1,0,0,0,1
51926,0,8.0,Phone,3,14.0,Debit Card,Female,3.0,3,Mobile,1,Married,2,0,16.0,1.0,1.0,2.0,125.72,0,0,1,0,0,1,0,0,0,0,0,1,0,0,1,0
54207,0,8.0,Computer,3,30.0,E Wallet,Male,4.0,4,Laptop & Accessory,3,Single,2,0,21.0,1.0,9.0,8.0,170.68,1,1,0,0,0,0,1,0,0,0,1,0,0,0,0,1
51600,0,2.0,Phone,3,26.0,E Wallet,Male,2.0,3,Laptop & Accessory,1,Married,3,0,14.0,1.0,1.0,2.0,169.31,1,0,1,0,0,0,1,0,0,0,1,0,0,0,1,0
54877,0,15.0,Computer,1,16.0,Credit Card,Male,4.0,4,Others,3,Married,4,0,15.0,1.0,2.0,12.0,319.19,1,1,0,0,1,0,0,0,0,0,0,0,1,0,1,0
52270,0,8.0,Phone,1,12.0,Debit Card,Male,3.0,3,Mobile,3,Married,1,1,14.0,1.0,2.0,2.0,135.06,1,0,1,0,0,1,0,0,0,0,0,1,0,0,1,0
54086,1,1.0,Computer,3,33.0,E Wallet,Male,4.0,4,Laptop & Accessory,1,Married,3,1,12.0,1.0,2.0,9.0,181.17,1,1,0,0,0,0,1,0,0,0,1,0,0,0,1,0
53222,0,6.0,Phone,1,10.0,Debit Card,Female,3.0,4,Fashion,2,Single,5,0,16.0,4.0,2.0,8.0,236.58999999999997,0,0,1,0,0,1,0,0,1,0,0,0,0,0,0,1
52079,0,0.0,Phone,1,8.0,Credit Card,Male,2.0,1,Laptop & Accessory,1,Married,2,0,12.0,1.0,1.0,3.0,154.72,1,0,1,0,1,0,0,0,0,0,1,0,0,0,1,0
52229,0,6.0,Phone,1,15.0,Credit Card,Male,2.9315348837209303,3,Mobile,1,Married,1,0,13.0,0.0,4.0,10.0,127.81,1,0,1,0,1,0,0,0,0,0,0,1,0,0,1,0
52155,0,1.0,Phone,1,9.0,Credit Card,Female,3.0,3,Fashion,4,Married,1,0,17.0,0.0,1.0,7.0,176.55,0,0,1,0,1,0,0,0,1,0,0,0,0,0,1,0
50278,0,3.0,Phone,3,18.0,Cash On Delivery,Female,2.0,3,Laptop & Accessory,3,Single,1,0,11.0,3.0,4.0,4.0,165.77,0,0,1,1,0,0,0,0,0,0,1,0,0,0,0,1
54293,1,1.0,Phone,3,27.0,Debit Card,Female,4.0,6,Laptop & Accessory,3,Married,5,1,12.0,1.0,3.0,3.0,170.59,0,0,1,0,0,1,0,0,0,0,1,0,0,0,1,0
52145,0,15.0,Phone,1,8.0,Credit Card,Male,2.0,3,Grocery,5,Married,1,0,17.0,1.0,13.0,7.0,276.65,1,0,1,0,1,0,0,0,0,1,0,0,0,0,1,0
50351,0,0.0,Phone,3,34.0,E Wallet,Male,3.0,3,Laptop & Accessory,4,Divorced,2,0,20.0,1.0,1.0,4.0,162.72,1,0,1,0,0,0,1,0,0,0,1,0,0,1,0,0
52738,0,8.0,Phone,3,13.0,Debit Card,Female,2.0,3,Laptop & Accessory,1,Married,2,1,11.0,1.0,1.0,9.0,152.04,0,0,1,0,0,1,0,0,0,0,1,0,0,0,1,0
55242,0,9.0,Phone,1,23.0,Debit Card,Female,4.0,5,Fashion,4,Single,3,0,20.0,4.0,4.0,3.0,211.06,0,0,1,0,0,1,0,0,1,0,0,0,0,0,0,1
55615,0,19.0,Phone,3,27.0,Debit Card,Female,3.0,4,Laptop & Accessory,3,Single,10,0,16.0,1.0,2.0,2.0,173.5,0,0,1,0,0,1,0,0,0,0,1,0,0,0,0,1
51707,0,9.0,Phone,1,16.0,Debit Card,Female,2.0,1,Mobile,3,Married,4,1,13.0,0.0,1.0,7.0,122.13,0,0,1,0,0,1,0,0,0,0,0,1,0,0,1,0
52338,0,12.0,Computer,1,31.0,Debit Card,Male,3.0,3,Fashion,3,Married,4,0,21.0,0.0,1.0,3.0,209.2,1,1,0,0,0,1,0,0,1,0,0,0,0,0,1,0
50986,1,9.0,Phone,1,8.0,Debit Card,Female,3.0,3,Mobile,5,Married,2,1,12.0,1.0,1.0,0.0,120.74000000000001,0,0,1,0,0,1,0,0,0,0,0,1,0,0,1,0
51446,1,9.0,Phone,2,12.0,Upi,Male,3.0,3,Mobile,5,Married,5,1,22.0,0.0,1.0,2.0,120.72999999999999,1,0,1,0,0,0,0,1,0,0,0,1,0,0,1,0
52519,0,9.0,Phone,1,11.0,Debit Card,Female,2.0,3,Fashion,5,Married,5,0,12.0,1.0,1.0,2.0,180.08,0,0,1,0,0,1,0,0,1,0,0,0,0,0,1,0
50007,1,9.0,Phone,3,11.0,Cash On Delivery,Male,2.0,3,Laptop & Accessory,2,Divorced,4,0,14.0,0.0,1.0,0.0,120.86000000000001,1,0,1,1,0,0,0,0,0,0,1,0,0,1,0,0
51759,0,15.0,Computer,1,34.0,Cash On Delivery,Female,2.0,4,Laptop & Accessory,1,Married,1,0,11.0,0.0,1.0,4.0,145.23,0,1,0,1,0,0,0,0,0,0,1,0,0,0,1,0
51194,0,2.0,Computer,1,26.0,Credit Card,Male,2.0,3,Mobile,1,Married,2,0,13.0,1.0,3.0,10.0,138.12,1,1,0,0,1,0,0,0,0,0,0,1,0,0,1,0
50589,0,9.0,Phone,1,6.0,Credit Card,Female,3.0,3,Mobile,2,Married,4,0,14.0,0.0,1.0,2.0,122.69999999999999,0,0,1,0,1,0,0,0,0,0,0,1,0,0,1,0
52944,0,16.0,Phone,1,24.0,Debit Card,Female,3.0,3,Laptop & Accessory,5,Single,5,1,14.0,1.0,2.0,3.0,190.45,0,0,1,0,0,1,0,0,0,0,1,0,0,0,0,1
50991,0,7.0,Phone,1,13.0,Credit Card,Male,2.9315348837209303,3,Mobile,1,Single,2,0,13.0,0.0,1.0,0.0,129.72,1,0,1,0,1,0,0,0,0,0,0,1,0,0,0,1
52356,0,28.0,Phone,1,7.0,Credit Card,Male,2.0,1,Grocery,1,Married,3,0,13.0,0.0,2.0,0.0,247.32,1,0,1,0,1,0,0,0,0,1,0,0,0,0,1,0
52111,0,11.0,Computer,1,9.0,Upi,Male,2.9315348837209303,3,Mobile,3,Married,4,0,16.0,2.0,2.0,2.0,128.21,1,1,0,0,0,0,0,1,0,0,0,1,0,0,1,0
52589,0,18.0,Phone,2,10.0,Debit Card,Female,2.0,5,Fashion,3,Married,5,0,21.0,1.0,1.0,3.0,197.56,0,0,1,0,0,1,0,0,1,0,0,0,0,0,1,0
50068,1,0.0,Phone,1,29.0,Debit Card,Male,2.0,4,Laptop & Accessory,3,Divorced,4,1,13.0,1.0,1.0,1.0,159.16,1,0,1,0,0,1,0,0,0,0,1,0,0,1,0,0
52196,0,5.0,Computer,3,8.0,Debit Card,Female,2.9315348837209303,3,Mobile,5,Married,2,0,12.0,1.0,1.0,0.0,128.27,0,1,0,0,0,1,0,0,0,0,0,1,0,0,1,0
55471,0,31.0,Computer,1,22.0,Debit Card,Male,3.0,4,Grocery,3,Married,4,1,15.0,1.0,3.0,3.0,282.87,1,1,0,0,0,1,0,0,0,1,0,0,0,0,1,0
52048,0,3.0,Phone,3,14.0,Upi,Male,3.0,3,Fashion,3,Married,6,0,11.0,2.0,7.0,7.0,172.64,1,0,1,0,0,0,0,1,1,0,0,0,0,0,1,0
53708,0,1.0,Phone,1,18.0,Debit Card,Male,4.0,4,Mobile,5,Divorced,2,0,15.0,2.0,2.0,5.0,145.99,1,0,1,0,0,1,0,0,0,0,0,1,0,1,0,0
53428,0,15.0,Phone,1,14.0,Credit Card,Female,3.0,4,Laptop & Accessory,3,Single,8,0,15.0,2.0,3.0,2.0,175.03,0,0,1,0,1,0,0,0,0,0,1,0,0,0,0,1
50455,0,7.0,Phone,1,8.0,Credit Card,Female,2.0,4,Mobile,5,Single,2,0,11.0,1.0,1.0,3.0,143.81,0,0,1,0,1,0,0,0,0,0,0,1,0,0,0,1
55407,1,1.0,Computer,2,15.0,Upi,Female,4.0,5,Mobile,1,Married,8,0,12.0,2.0,2.0,3.0,146.8,0,1,0,0,0,0,0,1,0,0,0,1,0,0,1,0
51873,0,5.0,Phone,3,16.0,E Wallet,Male,2.0,3,Laptop & Accessory,1,Single,2,0,12.0,1.0,1.0,8.0,153.96,1,0,1,0,0,0,1,0,0,0,1,0,0,0,0,1
52552,0,0.0,Computer,1,14.0,Credit Card,Male,3.0,3,Mobile,1,Single,2,0,20.0,0.0,5.0,7.0,125.69999999999999,1,1,0,0,1,0,0,0,0,0,0,1,0,0,0,1
53252,0,26.0,Phone,3,10.0,E Wallet,Male,3.0,5,Grocery,5,Divorced,3,0,15.0,2.0,2.0,17.0,293.56,1,0,1,0,0,0,1,0,0,1,0,0,0,1,0,0
52618,0,11.0,Phone,1,12.0,Upi,Female,2.0,4,Mobile,3,Married,2,0,11.0,1.0,1.0,4.0,137.02,0,0,1,0,0,0,0,1,0,0,0,1,0,0,1,0
51720,0,1.0,Phone,3,15.0,Debit Card,Male,3.0,3,Laptop & Accessory,1,Single,2,0,16.0,1.0,1.0,7.0,152.53,1,0,1,0,0,1,0,0,0,0,1,0,0,0,0,1
50977,0,5.0,Phone,1,11.0,Debit Card,Female,3.0,4,Laptop & Accessory,4,Married,4,0,12.0,1.0,2.0,5.0,158.78,0,0,1,0,0,1,0,0,0,0,1,0,0,0,1,0
50196,0,0.0,Phone,3,8.0,Debit Card,Male,3.0,3,Laptop & Accessory,3,Single,2,1,11.0,1.0,1.0,4.0,144.78,1,0,1,0,0,1,0,0,0,0,1,0,0,0,0,1
55330,0,1.0,Phone,1,15.0,Credit Card,Female,3.0,2,Mobile,3,Married,9,0,18.0,1.0,2.0,3.0,160.17,0,0,1,0,1,0,0,0,0,0,0,1,0,0,1,0
51234,0,4.0,Phone,3,16.0,Credit Card,Female,2.0,3,Laptop & Accessory,1,Married,3,1,11.0,0.0,1.0,4.0,165.83,0,0,1,0,1,0,0,0,0,0,1,0,0,0,1,0
50974,0,13.0,Computer,1,14.0,Debit Card,Male,3.0,3,Laptop & Accessory,1,Married,4,1,18.0,2.0,2.0,2.0,140.69,1,1,0,0,0,1,0,0,0,0,1,0,0,0,1,0
54593,0,8.0,Phone,1,9.0,Debit Card,Male,4.0,5,Mobile,3,Married,5,0,13.0,4.0,6.0,8.0,152.68,1,0,1,0,0,1,0,0,0,0,0,1,0,0,1,0
53180,0,17.0,Phone,1,13.0,Upi,Male,3.0,5,Grocery,2,Married,6,1,15.0,1.0,2.0,1.0,291.27,1,0,1,0,0,0,0,1,0,1,0,0,0,0,1,0
50456,0,8.0,Phone,3,14.0,Debit Card,Female,3.0,3,Mobile,2,Divorced,2,0,16.0,0.0,1.0,2.0,125.72,0,0,1,0,0,1,0,0,0,0,0,1,0,1,0,0
54976,0,1.0,Phone,1,7.0,Cash On Delivery,Female,4.0,5,Mobile,4,Single,3,1,12.0,2.0,3.0,3.0,145.7,0,0,1,1,0,0,0,0,0,0,0,1,0,0,0,1
52162,0,12.0,Computer,1,15.0,Debit Card,Male,3.0,3,Laptop & Accessory,4,Single,10,0,15.0,1.0,1.0,3.0,167.82,1,1,0,0,0,1,0,0,0,0,1,0,0,0,0,1
54450,0,2.0,Phone,1,15.0,Debit Card,Female,4.0,4,Mobile,1,Single,3,0,22.0,2.0,2.0,3.0,158.1,0,0,1,0,0,1,0,0,0,0,0,1,0,0,0,1
52979,1,1.0,Phone,1,23.0,Credit Card,Male,3.0,4,Mobile,4,Married,4,1,14.0,2.0,2.0,3.0,148.73,1,0,1,0,1,0,0,0,0,0,0,1,0,0,1,0
53852,0,12.0,Phone,1,9.0,Credit Card,Female,3.0,5,Fashion,3,Married,5,1,20.0,2.0,2.0,3.0,202.56,0,0,1,0,1,0,0,0,1,0,0,0,0,0,1,0
55569,0,1.0,Phone,1,19.0,Upi,Male,4.0,4,Mobile,1,Single,3,0,14.0,2.0,2.0,5.0,151.47,1,0,1,0,0,0,0,1,0,0,0,1,0,0,0,1
54590,0,20.0,Phone,1,9.0,Debit Card,Male,3.0,4,Grocery,3,Married,8,0,15.0,2.0,2.0,2.0,303.61,1,0,1,0,0,1,0,0,0,1,0,0,0,0,1,0
54035,0,11.0,Phone,1,14.0,Credit Card,Male,4.0,4,Laptop & Accessory,5,Married,7,1,23.0,1.0,2.0,5.0,167.84,1,0,1,0,1,0,0,0,0,0,1,0,0,0,1,0
50884,0,27.0,Phone,1,6.0,Credit Card,Female,2.0,3,Grocery,2,Single,7,0,19.0,1.0,12.0,7.0,273.28,0,0,1,0,1,0,0,0,0,1,0,0,0,0,0,1
51049,0,9.0,Phone,1,11.0,Debit Card,Female,2.0,3,Fashion,5,Married,5,0,12.0,1.0,1.0,2.0,180.08,0,0,1,0,0,1,0,0,1,0,0,0,0,0,1,0
50078,0,7.0,Computer,1,16.0,Credit Card,Male,2.0,3,Mobile,3,Married,2,1,17.0,2.0,2.0,0.0,138.15,1,1,0,0,1,0,0,0,0,0,0,1,0,0,1,0
50325,0,12.0,Computer,1,14.0,Debit Card,Female,2.0,3,Mobile,3,Divorced,2,0,11.0,0.0,1.0,7.0,137.55,0,1,0,0,0,1,0,0,0,0,0,1,0,1,0,0
53711,0,21.0,Phone,1,7.0,Cash On Delivery,Male,4.0,4,Mobile,2,Divorced,9,0,13.0,2.0,2.0,3.0,159.2,1,0,1,1,0,0,0,0,0,0,0,1,0,1,0,0
54630,1,1.0,Computer,3,18.0,Upi,Male,3.0,2,Laptop & Accessory,3,Married,10,0,13.0,2.0,2.0,3.0,172.07,1,1,0,0,0,0,0,1,0,0,1,0,0,0,1,0
52521,0,12.0,Phone,1,18.0,Credit Card,Male,3.0,3,Laptop & Accessory,4,Married,5,0,21.0,1.0,1.0,0.0,152.95,1,0,1,0,1,0,0,0,0,0,1,0,0,0,1,0
54304,0,4.0,Phone,1,25.0,Debit Card,Female,4.0,4,Mobile,3,Single,3,0,15.0,2.0,2.0,5.0,151.32,0,0,1,0,0,1,0,0,0,0,0,1,0,0,0,1
54037,0,19.0,Phone,1,32.0,Debit Card,Female,4.0,5,Laptop & Accessory,1,Married,2,0,14.0,1.0,4.0,9.0,184.06,0,0,1,0,0,1,0,0,0,0,1,0,0,0,1,0
52890,0,12.0,Phone,1,36.0,Cash On Delivery,Male,3.0,4,Laptop & Accessory,2,Divorced,5,0,19.0,1.0,2.0,8.0,187.61,1,0,1,1,0,0,0,0,0,0,1,0,0,1,0,0
55543,0,5.0,Computer,1,10.0,Credit Card,Male,3.0,4,Mobile,5,Married,3,1,14.0,3.0,3.0,4.0,155.65,1,1,0,0,1,0,0,0,0,0,0,1,0,0,1,0
55176,0,8.0,Computer,1,8.0,Upi,Male,4.0,4,Mobile,5,Married,7,0,15.0,2.0,2.0,4.0,154.96,1,1,0,0,0,0,0,1,0,0,0,1,0,0,1,0
53405,0,24.0,Phone,1,7.0,Credit Card,Male,4.0,4,Grocery,2,Married,11,0,15.0,1.0,2.0,4.0,298.99,1,0,1,0,1,0,0,0,0,1,0,0,0,0,1,0
52852,0,1.0,Computer,1,16.0,Credit Card,Male,3.0,4,Mobile,4,Married,8,0,19.0,1.0,3.0,3.0,145.24,1,1,0,0,1,0,0,0,0,0,0,1,0,0,1,0
54187,1,1.0,Computer,1,23.0,Debit Card,Female,4.0,6,Mobile,5,Single,3,1,23.0,1.0,7.0,8.0,164.19,0,1,0,0,0,1,0,0,0,0,0,1,0,0,0,1
54437,0,9.0,Phone,1,29.0,Debit Card,Female,4.0,2,Fashion,4,Married,9,0,19.0,6.0,2.0,3.0,244.95999999999998,0,0,1,0,0,1,0,0,1,0,0,0,0,0,1,0
53758,0,21.0,Phone,3,21.0,Credit Card,Female,4.0,4,Laptop & Accessory,3,Divorced,5,1,18.0,2.0,2.0,3.0,170.91,0,0,1,0,1,0,0,0,0,0,1,0,0,1,0,0
51176,0,7.0,Phone,3,14.0,Cash On Delivery,Male,3.0,1,Laptop & Accessory,3,Married,2,0,21.0,0.0,4.0,8.0,167.99,1,0,1,1,0,0,0,0,0,0,1,0,0,0,1,0
50157,0,15.0,Phone,3,6.0,Debit Card,Male,2.0,3,Laptop & Accessory,3,Divorced,2,0,25.0,4.0,11.0,6.0,149.07,1,0,1,0,0,1,0,0,0,0,1,0,0,1,0,0
54093,0,5.0,Phone,1,9.0,Credit Card,Female,3.0,6,Mobile,1,Married,3,1,12.0,2.0,2.0,1.0,136.29,0,0,1,0,1,0,0,0,0,0,0,1,0,0,1,0
50599,0,19.0,Phone,1,13.0,Credit Card,Male,3.0,3,Fashion,3,Married,7,0,13.0,0.0,1.0,7.0,208.45,1,0,1,0,1,0,0,0,1,0,0,0,0,0,1,0
55524,0,7.0,Phone,3,17.0,E Wallet,Male,3.0,4,Laptop & Accessory,3,Single,3,0,15.0,1.0,2.0,10.0,179.87,1,0,1,0,0,0,1,0,0,0,1,0,0,0,0,1
51374,0,17.0,Phone,1,13.0,Credit Card,Female,2.0,4,Fashion,1,Married,4,0,14.0,0.0,5.0,17.0,202.48,0,0,1,0,1,0,0,0,1,0,0,0,0,0,1,0
54887,0,5.0,Computer,1,7.0,Debit Card,Female,4.0,4,Laptop & Accessory,5,Married,3,0,13.0,2.0,2.0,4.0,166.48,0,1,0,0,0,1,0,0,0,0,1,0,0,0,1,0
52928,0,26.0,Computer,3,9.0,Debit Card,Male,4.0,5,Others,3,Single,3,1,15.0,8.0,16.0,13.0,315.68,1,1,0,0,0,1,0,0,0,0,0,0,1,0,0,1
53438,0,12.0,Phone,3,10.0,Debit Card,Male,3.0,4,Laptop & Accessory,2,Single,10,1,13.0,2.0,2.0,1.0,193.61,1,0,1,0,0,1,0,0,0,0,1,0,0,0,0,1
50406,0,0.0,Phone,1,6.0,Debit Card,Female,3.0,3,Fashion,5,Divorced,2,0,11.0,1.0,1.0,7.0,174.12,0,0,1,0,0,1,0,0,1,0,0,0,0,1,0,0
53813,0,3.0,Phone,1,10.0,Credit Card,Male,3.0,4,Mobile,5,Single,3,1,19.0,1.0,2.0,6.0,172.23,1,0,1,0,1,0,0,0,0,0,0,1,0,0,0,1
51306,0,11.0,Phone,1,16.0,Credit Card,Female,2.0,5,Fashion,3,Married,4,0,12.0,1.0,2.0,11.0,232.06,0,0,1,0,1,0,0,0,1,0,0,0,0,0,1,0
54823,1,1.0,Phone,3,9.0,Credit Card,Female,3.0,5,Mobile,3,Single,3,0,14.0,2.0,2.0,3.0,145.44,0,0,1,0,1,0,0,0,0,0,0,1,0,0,0,1
50920,0,22.0,Phone,1,11.0,Cash On Delivery,Male,3.0,3,Laptop & Accessory,3,Divorced,3,0,14.0,0.0,1.0,2.0,166.51,1,0,1,1,0,0,0,0,0,0,1,0,0,1,0,0
51536,0,25.0,Phone,1,6.0,Debit Card,Male,3.0,4,Others,3,Married,1,0,15.0,7.0,11.0,9.0,299.99,1,0,1,0,0,1,0,0,0,0,0,0,1,0,1,0
50335,0,14.0,Computer,1,8.0,Upi,Female,3.0,4,Laptop & Accessory,3,Single,3,1,17.0,0.0,1.0,7.0,168.11,0,1,0,0,0,0,0,1,0,0,1,0,0,0,0,1
51582,1,0.0,Phone,1,8.0,Debit Card,Female,2.9315348837209303,3,Mobile,5,Married,8,0,20.0,1.0,1.0,7.0,127.07,0,0,1,0,0,1,0,0,0,0,0,1,0,0,1,0
50966,0,2.0,Phone,1,14.0,Upi,Female,2.0,5,Laptop & Accessory,5,Married,4,0,13.0,0.0,1.0,7.0,197.15,0,0,1,0,0,0,0,1,0,0,1,0,0,0,1,0
51532,0,13.0,Phone,1,10.0,Credit Card,Female,2.0,3,Others,3,Married,2,0,14.0,1.0,9.0,9.0,290.33,0,0,1,0,1,0,0,0,0,0,0,0,1,0,1,0
52057,1,0.0,Phone,1,14.0,Debit Card,Female,3.0,4,Mobile,5,Single,7,1,20.0,1.0,1.0,0.0,124.03999999999999,0,0,1,0,0,1,0,0,0,0,0,1,0,0,0,1
51624,0,0.0,Computer,1,6.0,Debit Card,Female,2.0,3,Laptop & Accessory,4,Married,2,0,20.0,1.0,1.0,4.0,163.97,0,1,0,0,0,1,0,0,0,0,1,0,0,0,1,0
50219,0,2.0,Phone,3,16.0,E Wallet,Female,2.0,4,Laptop & Accessory,4,Married,2,1,14.0,0.0,1.0,7.0,182.68,0,0,1,0,0,0,1,0,0,0,1,0,0,0,1,0
51700,0,3.0,Computer,3,31.0,Cash On Delivery,Female,2.0,3,Laptop & Accessory,3,Married,8,1,12.0,2.0,2.0,2.0,147.36,0,1,0,1,0,0,0,0,0,0,1,0,0,0,1,0
50110,1,0.0,Phone,1,14.0,Credit Card,Male,2.0,3,Mobile,2,Divorced,6,1,13.0,0.0,1.0,4.0,124.36000000000001,1,0,1,0,1,0,0,0,0,0,0,1,0,1,0,0
54540,0,29.0,Phone,1,9.0,Debit Card,Female,4.0,4,Grocery,1,Single,4,1,14.0,1.0,2.0,3.0,291.59,0,0,1,0,0,1,0,0,0,1,0,0,0,0,0,1
51432,0,0.0,Phone,3,14.0,Cash On Delivery,Male,3.0,3,Mobile,5,Married,4,0,13.0,1.0,1.0,0.0,123.22,1,0,1,1,0,0,0,0,0,0,0,1,0,0,1,0
53624,0,2.0,Phone,1,7.0,Cash On Delivery,Male,3.0,4,Mobile,5,Single,4,0,12.0,1.0,2.0,3.0,145.8,1,0,1,1,0,0,0,0,0,0,0,1,0,0,0,1
51848,0,26.0,Phone,3,6.0,Credit Card,Female,2.0,3,Laptop & Accessory,5,Single,8,0,20.0,4.0,8.0,10.0,183.81,0,0,1,0,1,0,0,0,0,0,1,0,0,0,0,1
54018,0,20.0,Phone,3,10.0,Cash On Delivery,Female,3.0,2,Grocery,5,Married,4,0,13.0,2.0,2.0,9.0,257.25,0,0,1,1,0,0,0,0,0,1,0,0,0,0,1,0
50910,0,18.0,Phone,1,26.0,Credit Card,Male,3.0,5,Fashion,5,Married,3,1,18.0,0.0,1.0,7.0,208.51,1,0,1,0,1,0,0,0,1,0,0,0,0,0,1,0
53730,1,1.0,Phone,2,16.0,Cash On Delivery,Female,3.0,4,Mobile,3,Divorced,3,0,16.0,2.0,3.0,3.0,152.42,0,0,1,1,0,0,0,0,0,0,0,1,0,1,0,0
54856,1,1.0,Phone,3,7.0,Debit Card,Male,3.0,5,Fashion,3,Married,7,0,12.0,6.0,12.0,3.0,231.08999999999997,1,0,1,0,0,1,0,0,1,0,0,0,0,0,1,0
55570,0,14.0,Computer,1,18.0,Cash On Delivery,Female,4.0,4,Laptop & Accessory,3,Married,3,0,12.0,8.0,10.0,5.0,188.23,0,1,0,1,0,0,0,0,0,0,1,0,0,0,1,0
55614,0,10.0,Phone,3,18.0,E Wallet,Female,4.0,5,Laptop & Accessory,1,Married,6,0,14.0,2.0,2.0,1.0,191.52,0,0,1,0,0,0,1,0,0,0,1,0,0,0,1,0
54496,0,14.0,Phone,3,7.0,Credit Card,Male,3.0,6,Laptop & Accessory,1,Married,4,1,23.0,2.0,2.0,3.0,199.57,1,0,1,0,1,0,0,0,0,0,1,0,0,0,1,0
50604,0,27.0,Phone,1,23.0,Cash On Delivery,Female,2.0,3,Fashion,3,Divorced,9,0,11.0,1.0,1.0,8.0,207.39,0,0,1,1,0,0,0,0,1,0,0,0,0,1,0,0
52103,0,7.0,Phone,3,6.0,E Wallet,Male,3.0,1,Laptop & Accessory,1,Married,1,0,11.0,0.0,1.0,9.0,197.25,1,0,1,0,0,0,1,0,0,0,1,0,0,0,1,0
53709,0,10.0,Phone,1,11.0,Debit Card,Male,3.0,5,Laptop & Accessory,2,Single,3,0,17.0,2.0,2.0,9.0,183.1,1,0,1,0,0,1,0,0,0,0,1,0,0,0,0,1
54656,1,1.0,Phone,3,9.0,E Wallet,Male,3.0,4,Mobile,5,Married,2,0,12.0,2.0,2.0,3.0,155.41,1,0,1,0,0,0,1,0,0,0,0,1,0,0,1,0
51118,0,13.0,Phone,3,13.0,Credit Card,Male,2.0,3,Others,4,Single,2,0,15.0,1.0,12.0,8.0,298.33,1,0,1,0,1,0,0,0,0,0,0,0,1,0,0,1
55319,0,11.0,Phone,1,26.0,Debit Card,Male,3.0,4,Laptop & Accessory,3,Married,5,0,18.0,1.0,2.0,3.0,182.68,1,0,1,0,0,1,0,0,0,0,1,0,0,0,1,0
53126,1,1.0,Phone,1,22.0,Credit Card,Male,3.0,4,Fashion,3,Divorced,9,1,13.0,1.0,8.0,8.0,261.1,1,0,1,0,1,0,0,0,1,0,0,0,0,1,0,0
50344,0,25.0,Phone,1,12.0,Cash On Delivery,Male,3.0,3,Laptop & Accessory,5,Married,4,1,12.0,2.0,6.0,9.0,155.77,1,0,1,1,0,0,0,0,0,0,1,0,0,0,1,0
54049,0,5.0,Phone,3,17.0,Credit Card,Female,3.0,4,Laptop & Accessory,1,Married,4,1,12.0,1.0,2.0,5.0,190.83,0,0,1,0,1,0,0,0,0,0,1,0,0,0,1,0
55021,1,1.0,Computer,1,10.0,Debit Card,Male,3.0,5,Mobile,1,Married,2,1,12.0,1.0,2.0,1.0,153.53,1,1,0,0,0,1,0,0,0,0,0,1,0,0,1,0
53487,1,1.0,Phone,1,11.0,Cash On Delivery,Male,3.0,4,Mobile,2,Divorced,3,1,16.0,6.0,6.0,7.0,161.91,1,0,1,1,0,0,0,0,0,0,0,1,0,1,0,0
52114,0,13.0,Phone,3,32.0,E Wallet,Male,3.0,3,Laptop & Accessory,5,Married,2,0,14.0,3.0,7.0,5.0,183.96,1,0,1,0,0,0,1,0,0,0,1,0,0,0,1,0
54314,0,19.0,Phone,1,16.0,Debit Card,Male,3.0,4,Laptop & Accessory,4,Married,10,0,19.0,2.0,2.0,16.0,148.48,1,0,1,0,0,1,0,0,0,0,1,0,0,0,1,0
52914,0,12.0,Phone,3,10.0,Debit Card,Male,4.0,4,Fashion,3,Married,2,0,13.0,2.0,6.0,3.0,231.08999999999997,1,0,1,0,0,1,0,0,1,0,0,0,0,0,1,0
54804,0,16.0,Phone,1,10.0,Debit Card,Female,4.0,2,Laptop & Accessory,1,Married,4,1,14.0,2.0,2.0,4.0,177.31,0,0,1,0,0,1,0,0,0,0,1,0,0,0,1,0
53827,1,1.0,Phone,1,31.0,Credit Card,Male,3.0,4,Mobile,4,Married,3,1,18.0,1.0,2.0,1.0,149.08,1,0,1,0,1,0,0,0,0,0,0,1,0,0,1,0
54401,0,13.0,Phone,1,7.0,Credit Card,Female,4.0,4,Mobile,3,Married,9,0,15.0,2.0,2.0,3.0,147.32,0,0,1,0,1,0,0,0,0,0,0,1,0,0,1,0
51521,0,29.0,Phone,1,14.0,Debit Card,Female,3.0,3,Mobile,5,Married,5,1,18.0,2.0,2.0,2.0,142.57,0,0,1,0,0,1,0,0,0,0,0,1,0,0,1,0
53581,0,28.0,Computer,1,7.0,Debit Card,Female,3.0,4,Fashion,3,Married,9,0,18.0,2.0,2.0,3.0,230.02,0,1,0,0,0,1,0,0,1,0,0,0,0,0,1,0
54869,0,10.0,Computer,3,15.0,Cash On Delivery,Male,3.0,4,Laptop & Accessory,1,Married,6,0,14.0,2.0,2.0,8.0,175.79,1,1,0,1,0,0,0,0,0,0,1,0,0,0,1,0
52627,1,0.0,Phone,3,33.0,Debit Card,Male,2.0,3,Laptop & Accessory,1,Single,2,1,18.0,3.0,7.0,7.0,158.13,1,0,1,0,0,1,0,0,0,0,1,0,0,0,0,1
50214,0,3.0,Phone,3,11.0,E Wallet,Female,1.0,4,Laptop & Accessory,3,Married,2,0,13.0,0.0,1.0,2.0,161.18,0,0,1,0,0,0,1,0,0,0,1,0,0,0,1,0
51025,0,0.0,Phone,1,25.0,Upi,Male,3.0,4,Mobile,5,Married,2,0,11.0,0.0,1.0,7.0,140.66,1,0,1,0,0,0,0,1,0,0,0,1,0,0,1,0
53576,0,1.0,Phone,3,17.0,Debit Card,Male,3.0,4,Laptop & Accessory,2,Single,2,0,15.0,1.0,2.0,2.0,174.5,1,0,1,0,0,1,0,0,0,0,1,0,0,0,0,1
55446,0,20.0,Computer,3,33.0,Debit Card,Male,4.0,5,Laptop & Accessory,4,Single,10,0,16.0,2.0,3.0,3.0,204.91,1,1,0,0,0,1,0,0,0,0,1,0,0,0,0,1
54824,1,1.0,Phone,1,25.0,Upi,Female,4.0,4,Mobile,1,Single,3,0,20.0,2.0,2.0,1.0,151.93,0,0,1,0,0,0,0,1,0,0,0,1,0,0,0,1
53282,1,1.0,Phone,3,23.0,E Wallet,Female,4.0,4,Laptop & Accessory,5,Single,7,0,16.0,2.0,2.0,3.0,178.24,0,0,1,0,0,0,1,0,0,0,1,0,0,0,0,1
50818,0,9.0,Phone,1,16.0,Cash On Delivery,Female,3.0,3,Fashion,3,Divorced,4,0,12.0,0.0,1.0,7.0,170.94,0,0,1,1,0,0,0,0,1,0,0,0,0,1,0,0
54704,0,18.0,Computer,1,31.0,Credit Card,Male,3.0,6,Mobile,3,Single,4,0,15.0,1.0,2.0,5.0,162.08,1,1,0,0,1,0,0,0,0,0,0,1,0,0,0,1
50664,0,1.0,Phone,1,16.0,Upi,Female,2.0,3,Laptop & Accessory,3,Single,4,0,13.0,1.0,1.0,7.0,136.6,0,0,1,0,0,0,0,1,0,0,1,0,0,0,0,1
53958,0,8.0,Computer,3,17.0,Debit Card,Male,3.0,4,Laptop & Accessory,3,Married,3,1,15.0,2.0,2.0,8.0,165.01,1,1,0,0,0,1,0,0,0,0,1,0,0,0,1,0
51715,0,4.0,Phone,1,14.0,Debit Card,Male,2.0,4,Mobile,4,Single,1,1,16.0,2.0,2.0,2.0,126.57,1,0,1,0,0,1,0,0,0,0,0,1,0,0,0,1
52161,0,9.0,Phone,1,6.0,Cash On Delivery,Female,3.0,4,Mobile,4,Single,2,1,11.0,1.0,2.0,2.0,120.69999999999999,0,0,1,1,0,0,0,0,0,0,0,1,0,0,0,1
54845,0,14.0,Phone,3,17.0,E Wallet,Male,4.0,5,Fashion,4,Married,4,0,13.0,1.0,2.0,3.0,222.05,1,0,1,0,0,0,1,0,1,0,0,0,0,0,1,0
51565,0,27.0,Phone,3,9.0,E Wallet,Female,2.0,3,Laptop & Accessory,5,Married,3,0,14.0,1.0,1.0,5.0,159.4,0,0,1,0,0,0,1,0,0,0,1,0,0,0,1,0
53188,0,18.0,Phone,1,10.0,Upi,Male,3.0,4,Others,2,Divorced,6,1,15.0,2.0,2.0,2.0,320.13,1,0,1,0,0,0,0,1,0,0,0,0,1,1,0,0
51155,1,7.0,Computer,1,14.0,Credit Card,Male,2.0,3,Mobile,4,Married,2,1,12.0,1.0,2.0,3.0,123.41999999999999,1,1,0,0,1,0,0,0,0,0,0,1,0,0,1,0
55470,0,1.0,Phone,3,17.0,Credit Card,Male,3.0,4,Laptop & Accessory,1,Single,3,0,14.0,2.0,2.0,3.0,171.84,1,0,1,0,1,0,0,0,0,0,1,0,0,0,0,1
51892,0,2.0,Phone,3,14.0,Debit Card,Male,3.0,3,Mobile,3,Single,2,0,11.0,1.0,1.0,0.0,126.41999999999999,1,0,1,0,0,1,0,0,0,0,0,1,0,0,0,1
55414,0,7.0,Computer,3,9.0,E Wallet,Female,4.0,4,Laptop & Accessory,4,Single,10,0,16.0,2.0,2.0,8.0,176.47,0,1,0,0,0,0,1,0,0,0,1,0,0,0,0,1
55341,0,10.0,Phone,1,14.0,Debit Card,Male,4.0,4,Mobile,4,Single,4,0,12.0,1.0,2.0,4.0,145.13,1,0,1,0,0,1,0,0,0,0,0,1,0,0,0,1
54952,1,1.0,Phone,3,11.0,Cash On Delivery,Male,3.0,4,Fashion,5,Single,2,1,23.0,3.0,5.0,3.0,220.82,1,0,1,1,0,0,0,0,1,0,0,0,0,0,0,1
52779,0,0.0,Phone,3,14.0,Upi,Female,2.0,3,Laptop & Accessory,3,Married,1,1,22.0,0.0,1.0,4.0,149.07,0,0,1,0,0,0,0,1,0,0,1,0,0,0,1,0
51507,0,9.0,Computer,1,15.0,Credit Card,Male,2.0,3,Mobile,4,Married,7,0,18.0,2.0,2.0,2.0,120.24000000000001,1,1,0,0,1,0,0,0,0,0,0,1,0,0,1,0
55389,0,15.0,Computer,2,11.0,Upi,Male,3.0,6,Laptop & Accessory,4,Married,8,0,20.0,1.0,2.0,3.0,189.3,1,1,0,0,0,0,0,1,0,0,1,0,0,0,1,0
54651,0,12.0,Phone,1,7.0,Debit Card,Female,3.0,4,Mobile,5,Single,5,0,18.0,1.0,2.0,1.0,151.19,0,0,1,0,0,1,0,0,0,0,0,1,0,0,0,1
54632,0,12.0,Phone,1,17.0,Credit Card,Female,4.0,4,Laptop & Accessory,3,Married,5,0,20.0,1.0,2.0,3.0,223.24,0,0,1,0,1,0,0,0,0,0,1,0,0,0,1,0
51922,0,0.0,Computer,3,14.0,E Wallet,Male,2.0,3,Laptop & Accessory,1,Married,1,0,19.0,1.0,1.0,1.0,143.42,1,1,0,0,0,0,1,0,0,0,1,0,0,0,1,0
53213,0,11.0,Phone,1,17.0,Debit Card,Male,4.0,3,Mobile,2,Single,5,0,18.0,2.0,2.0,1.0,171.8,1,0,1,0,0,1,0,0,0,0,0,1,0,0,0,1
54861,1,21.0,Phone,1,9.0,Cash On Delivery,Male,3.0,4,Mobile,3,Single,6,0,25.0,1.0,2.0,1.0,149.79,1,0,1,1,0,0,0,0,0,0,0,1,0,0,0,1
53956,0,7.0,Computer,1,11.0,Cash On Delivery,Male,3.0,4,Laptop & Accessory,4,Married,7,0,16.0,1.0,2.0,8.0,155.55,1,1,0,1,0,0,0,0,0,0,1,0,0,0,1,0
54306,0,4.0,Phone,1,12.0,Cash On Delivery,Female,3.0,4,Mobile,5,Married,7,0,15.0,1.0,3.0,31.0,157.04,0,0,1,1,0,0,0,0,0,0,0,1,0,0,1,0
54840,0,5.0,Computer,3,27.0,E Wallet,Female,3.0,4,Laptop & Accessory,3,Married,3,0,14.0,2.0,2.0,1.0,194.32,0,1,0,0,0,0,1,0,0,0,1,0,0,0,1,0
54672,0,10.0,Phone,1,16.0,Credit Card,Male,3.0,5,Laptop & Accessory,4,Married,4,1,12.0,1.0,2.0,3.0,213.47,1,0,1,0,1,0,0,0,0,0,1,0,0,0,1,0
50959,1,9.0,Phone,1,15.0,Debit Card,Male,2.0,3,Mobile,5,Single,4,0,14.0,1.0,1.0,0.0,120.18,1,0,1,0,0,1,0,0,0,0,0,1,0,0,0,1
51839,0,17.0,Phone,2,6.0,Debit Card,Female,2.0,4,Laptop & Accessory,3,Single,5,0,11.0,1.0,1.0,2.0,159.85,0,0,1,0,0,1,0,0,0,0,1,0,0,0,0,1
54112,0,21.0,Computer,1,7.0,Credit Card,Female,4.0,4,Fashion,4,Married,2,0,19.0,1.0,2.0,13.0,244.57,0,1,0,0,1,0,0,0,1,0,0,0,0,0,1,0
54330,0,6.0,Phone,1,13.0,Debit Card,Male,3.0,4,Mobile,3,Single,5,0,21.0,1.0,2.0,5.0,155.38,1,0,1,0,0,1,0,0,0,0,0,1,0,0,0,1
54279,0,10.0,Phone,1,10.0,Debit Card,Female,3.0,4,Mobile,1,Married,7,0,23.0,1.0,2.0,1.0,153.35,0,0,1,0,0,1,0,0,0,0,0,1,0,0,1,0
51168,0,12.0,Computer,3,26.0,Debit Card,Male,2.0,3,Laptop & Accessory,1,Married,3,0,18.0,1.0,2.0,2.0,141.27,1,1,0,0,0,1,0,0,0,0,1,0,0,0,1,0
55184,0,30.0,Phone,1,8.0,Debit Card,Female,3.0,4,Mobile,5,Married,4,0,23.0,1.0,2.0,1.0,145.66,0,0,1,0,0,1,0,0,0,0,0,1,0,0,1,0
51820,0,0.0,Phone,1,29.0,Credit Card,Male,2.9315348837209303,1,Mobile,1,Married,2,1,11.0,0.0,1.0,4.0,127.25,1,0,1,0,1,0,0,0,0,0,0,1,0,0,1,0
53972,1,1.0,Phone,3,34.0,Debit Card,Male,3.0,4,Laptop & Accessory,1,Single,3,1,19.0,1.0,8.0,8.0,183.13,1,0,1,0,0,1,0,0,0,0,1,0,0,0,0,1
50973,0,9.0,Phone,1,27.0,Cash On Delivery,Male,2.0,4,Mobile,5,Married,1,0,14.0,0.0,1.0,0.0,122.96000000000001,1,0,1,1,0,0,0,0,0,0,0,1,0,0,1,0
52948,0,14.0,Phone,1,9.0,Credit Card,Male,3.0,4,Others,3,Married,2,0,15.0,1.0,4.0,10.0,319.36,1,0,1,0,1,0,0,0,0,0,0,0,1,0,1,0
52771,0,6.0,Phone,1,21.0,Credit Card,Female,3.0,3,Laptop & Accessory,1,Married,1,1,13.0,6.0,8.0,1.0,148.78,0,0,1,0,1,0,0,0,0,0,1,0,0,0,1,0
51493,0,14.0,Computer,1,16.0,Debit Card,Male,3.0,4,Grocery,5,Married,5,0,13.0,1.0,7.0,7.0,271.81,1,1,0,0,0,1,0,0,0,1,0,0,0,0,1,0
51683,0,2.0,Phone,1,15.0,Upi,Male,1.0,4,Mobile,1,Single,1,0,17.0,1.0,2.0,2.0,139.83,1,0,1,0,0,0,0,1,0,0,0,1,0,0,0,1
50179,0,4.0,Phone,3,13.0,Cash On Delivery,Male,3.0,2,Laptop & Accessory,2,Divorced,5,0,11.0,3.0,7.0,7.0,169.29,1,0,1,1,0,0,0,0,0,0,1,0,0,1,0,0
55306,0,10.0,Phone,1,19.0,Debit Card,Female,4.0,4,Laptop & Accessory,3,Married,11,1,13.0,1.0,2.0,2.0,171.63,0,0,1,0,0,1,0,0,0,0,1,0,0,0,1,0
52954,0,20.0,Phone,3,9.0,Cash On Delivery,Female,4.0,6,Grocery,4,Divorced,5,1,15.0,7.0,8.0,8.0,293.72,0,0,1,1,0,0,0,0,0,1,0,0,0,1,0,0
50679,0,7.0,Computer,1,9.0,Debit Card,Male,2.9315348837209303,4,Mobile,2,Divorced,4,0,17.0,1.0,1.0,0.0,129.79,1,1,0,0,0,1,0,0,0,0,0,1,0,1,0,0
53698,1,1.0,Computer,1,21.0,Upi,Female,3.0,4,Fashion,2,Single,2,1,13.0,3.0,8.0,8.0,200.53,0,1,0,0,0,0,0,1,1,0,0,0,0,0,0,1
54218,0,9.0,Phone,1,30.0,Credit Card,Female,2.0,4,Mobile,5,Married,5,1,16.0,1.0,3.0,3.0,165.14,0,0,1,0,1,0,0,0,0,0,0,1,0,0,1,0
52559,1,9.0,Phone,3,13.0,Debit Card,Male,3.0,3,Mobile,1,Married,2,1,21.0,1.0,1.0,2.0,122.75,1,0,1,0,0,1,0,0,0,0,0,1,0,0,1,0
53159,0,26.0,Phone,1,13.0,Cash On Delivery,Male,4.0,4,Laptop & Accessory,5,Married,5,1,13.0,3.0,7.0,10.0,180.77,1,0,1,1,0,0,0,0,0,0,1,0,0,0,1,0
52838,1,1.0,Phone,3,29.0,E Wallet,Male,3.0,4,Mobile,3,Single,3,1,20.0,1.0,2.0,1.0,141.75,1,0,1,0,0,0,1,0,0,0,0,1,0,0,0,1
53406,0,7.0,Computer,1,7.0,Upi,Female,3.0,2,Laptop & Accessory,4,Divorced,3,1,14.0,1.0,2.0,3.0,179.88,0,1,0,0,0,0,0,1,0,0,1,0,0,1,0,0
54573,0,20.0,Phone,1,25.0,Credit Card,Female,3.0,4,Laptop & Accessory,3,Married,4,0,15.0,2.0,2.0,9.0,173.1,0,0,1,0,1,0,0,0,0,0,1,0,0,0,1,0
50665,1,7.0,Phone,2,6.0,Credit Card,Male,3.0,4,Fashion,5,Divorced,10,0,14.0,2.0,3.0,6.0,204.82,1,0,1,0,1,0,0,0,1,0,0,0,0,1,0,0
50632,0,5.0,Computer,1,35.0,Credit Card,Female,3.0,3,Mobile,3,Single,10,0,12.0,5.0,7.0,7.0,140.25,0,1,0,0,1,0,0,0,0,0,0,1,0,0,0,1
51544,0,11.0,Phone,1,8.0,Debit Card,Male,2.0,3,Laptop & Accessory,3,Married,10,0,14.0,1.0,1.0,0.0,165.53,1,0,1,0,0,1,0,0,0,0,1,0,0,0,1,0
55010,1,7.0,Phone,3,16.0,E Wallet,Female,3.0,6,Laptop & Accessory,3,Single,10,0,14.0,1.0,2.0,4.0,178.46,0,0,1,0,0,0,1,0,0,0,1,0,0,0,0,1
50537,0,16.0,Phone,1,14.0,Debit Card,Female,2.0,3,Laptop & Accessory,4,Married,5,0,21.0,1.0,1.0,0.0,147.65,0,0,1,0,0,1,0,0,0,0,1,0,0,0,1,0
54291,0,17.0,Computer,1,35.0,Credit Card,Female,4.0,2,Mobile,3,Single,6,0,13.0,1.0,2.0,3.0,172.39,0,1,0,0,1,0,0,0,0,0,0,1,0,0,0,1
53139,0,14.0,Phone,1,13.0,Debit Card,Female,4.0,4,Grocery,3,Single,9,0,16.0,5.0,2.0,14.0,257.37,0,0,1,0,0,1,0,0,0,1,0,0,0,0,0,1
54668,0,3.0,Phone,3,10.0,Credit Card,Female,4.0,4,Laptop & Accessory,3,Married,3,0,15.0,1.0,2.0,3.0,180.61,0,0,1,0,1,0,0,0,0,0,1,0,0,0,1,0
51380,1,9.0,Phone,1,6.0,Credit Card,Male,3.0,3,Mobile,1,Married,3,1,16.0,0.0,2.0,0.0,122.93,1,0,1,0,1,0,0,0,0,0,0,1,0,0,1,0
52712,0,12.0,Computer,3,27.0,Debit Card,Female,2.0,5,Laptop & Accessory,3,Married,7,0,19.0,0.0,1.0,2.0,157.36,0,1,0,0,0,1,0,0,0,0,1,0,0,0,1,0
50155,0,23.0,Phone,1,10.0,Debit Card,Male,3.0,3,Others,4,Married,4,0,14.0,1.0,1.0,6.0,291.44,1,0,1,0,0,1,0,0,0,0,0,0,1,0,1,0
52157,0,11.0,Phone,3,8.0,E Wallet,Male,2.0,3,Fashion,4,Single,8,0,16.0,1.0,1.0,0.0,173.51,1,0,1,0,0,0,1,0,1,0,0,0,0,0,0,1
55109,0,4.0,Phone,1,24.0,Credit Card,Female,4.0,4,Fashion,5,Married,3,1,24.0,2.0,2.0,9.0,244.16000000000003,0,0,1,0,1,0,0,0,1,0,0,0,0,0,1,0
53026,0,14.0,Phone,3,7.0,Credit Card,Male,3.0,6,Laptop & Accessory,2,Divorced,4,1,23.0,2.0,2.0,3.0,199.57,1,0,1,0,1,0,0,0,0,0,1,0,0,1,0,0
53421,0,4.0,Phone,1,15.0,Debit Card,Female,4.0,2,Fashion,5,Divorced,2,1,13.0,1.0,2.0,8.0,239.16000000000003,0,0,1,0,0,1,0,0,1,0,0,0,0,1,0,0
52211,0,3.0,Phone,3,35.0,Debit Card,Male,3.0,3,Laptop & Accessory,5,Married,9,0,19.0,1.0,1.0,3.0,141.15,1,0,1,0,0,1,0,0,0,0,1,0,0,0,1,0
53158,0,11.0,Computer,3,16.0,Credit Card,Male,4.0,4,Fashion,4,Married,3,0,14.0,7.0,8.0,3.0,213.34,1,1,0,0,1,0,0,0,1,0,0,0,0,0,1,0
52080,0,0.0,Phone,1,14.0,Debit Card,Male,3.0,5,Mobile,5,Married,2,0,15.0,0.0,1.0,1.0,124.50999999999999,1,0,1,0,0,1,0,0,0,0,0,1,0,0,1,0
54987,0,12.0,Phone,2,7.0,Upi,Male,3.0,2,Mobile,3,Married,3,0,14.0,4.0,6.0,1.0,153.44,1,0,1,0,0,0,0,1,0,0,0,1,0,0,1,0
53229,0,15.0,Phone,2,7.0,Upi,Male,3.0,5,Others,3,Divorced,3,0,15.0,3.0,3.0,11.0,316.89,1,0,1,0,0,0,0,1,0,0,0,0,1,1,0,0
55499,1,1.0,Phone,3,16.0,Credit Card,Male,3.0,4,Mobile,1,Single,3,0,14.0,1.0,2.0,1.0,135.81,1,0,1,0,1,0,0,0,0,0,0,1,0,0,0,1
51212,0,28.0,Phone,1,8.0,Cash On Delivery,Male,2.9315348837209303,4,Mobile,1,Married,9,0,20.0,0.0,1.0,4.0,126.62,1,0,1,1,0,0,0,0,0,0,0,1,0,0,1,0
50317,0,9.0,Computer,1,11.0,Upi,Male,3.0,3,Mobile,3,Divorced,5,0,17.0,2.0,2.0,0.0,120.93,1,1,0,0,0,0,0,1,0,0,0,1,0,1,0,0
55042,0,6.0,Computer,1,9.0,Debit Card,Female,3.0,4,Laptop & Accessory,3,Single,6,1,15.0,2.0,2.0,8.0,174.98,0,1,0,0,0,1,0,0,0,0,1,0,0,0,0,1
55275,0,22.0,Phone,1,22.0,Upi,Female,4.0,4,Mobile,5,Married,10,0,13.0,7.0,8.0,7.0,148.67,0,0,1,0,0,0,0,1,0,0,0,1,0,0,1,0
50928,0,9.0,Computer,1,13.0,Cash On Delivery,Male,3.0,3,Mobile,3,Married,2,0,13.0,0.0,1.0,0.0,112.74000000000001,1,1,0,1,0,0,0,0,0,0,0,1,0,0,1,0
50787,1,0.0,Computer,3,30.0,Debit Card,Male,3.0,5,Mobile,2,Single,2,1,14.0,1.0,1.0,0.0,111.18,1,1,0,0,0,1,0,0,0,0,0,1,0,0,0,1
53984,0,17.0,Computer,1,16.0,Debit Card,Male,3.0,4,Mobile,3,Single,6,0,14.0,1.0,2.0,3.0,149.38,1,1,0,0,0,1,0,0,0,0,0,1,0,0,0,1
52800,0,18.0,Phone,3,26.0,Debit Card,Female,2.0,3,Laptop & Accessory,3,Single,9,0,15.0,0.0,1.0,1.0,148.5,0,0,1,0,0,1,0,0,0,0,1,0,0,0,0,1
51755,0,15.0,Computer,1,35.0,Debit Card,Female,3.0,3,Laptop & Accessory,3,Married,3,0,11.0,1.0,1.0,2.0,145.56,0,1,0,0,0,1,0,0,0,0,1,0,0,0,1,0
51477,0,23.0,Computer,3,18.0,E Wallet,Female,3.0,3,Fashion,1,Single,5,0,11.0,1.0,2.0,1.0,192.08,0,1,0,0,0,0,1,0,1,0,0,0,0,0,0,1
55440,1,8.0,Computer,1,8.0,Credit Card,Male,4.0,4,Mobile,4,Married,3,1,13.0,3.0,3.0,4.0,148.42,1,1,0,0,1,0,0,0,0,0,0,1,0,0,1,0
52971,0,27.0,Phone,1,10.0,Credit Card,Male,3.0,4,Grocery,3,Divorced,5,1,15.0,1.0,2.0,4.0,300.84,1,0,1,0,1,0,0,0,0,1,0,0,0,1,0,0
50150,0,0.0,Phone,1,9.0,Credit Card,Male,3.0,4,Mobile,3,Single,2,0,17.0,1.0,1.0,0.0,132.3,1,0,1,0,1,0,0,0,0,0,0,1,0,0,0,1
54209,0,20.0,Computer,3,12.0,E Wallet,Male,4.0,4,Laptop & Accessory,1,Single,6,1,22.0,2.0,2.0,9.0,182.72,1,1,0,0,0,0,1,0,0,0,1,0,0,0,0,1
53469,0,20.0,Phone,1,15.0,Debit Card,Female,4.0,5,Laptop & Accessory,5,Married,10,1,24.0,2.0,2.0,8.0,171.15,0,0,1,0,0,1,0,0,0,0,1,0,0,0,1,0
55098,0,13.0,Phone,1,20.0,Credit Card,Female,4.0,5,Grocery,4,Married,8,1,15.0,11.0,16.0,3.0,296.23,0,0,1,0,1,0,0,0,0,1,0,0,0,0,1,0
51047,1,9.0,Phone,1,13.0,Debit Card,Male,3.0,3,Mobile,5,Single,4,1,14.0,0.0,1.0,3.0,121.66,1,0,1,0,0,1,0,0,0,0,0,1,0,0,0,1
52691,0,8.0,Phone,1,22.0,Upi,Female,2.0,4,Laptop & Accessory,4,Married,1,1,11.0,0.0,1.0,2.0,147.88,0,0,1,0,0,0,0,1,0,0,1,0,0,0,1,0
53086,0,17.0,Computer,1,28.0,Credit Card,Male,4.0,4,Mobile,2,Divorced,9,0,21.0,1.0,2.0,3.0,147.58,1,1,0,0,1,0,0,0,0,0,0,1,0,1,0,0
52537,0,4.0,Phone,3,11.0,Debit Card,Female,3.0,3,Laptop & Accessory,1,Married,2,0,11.0,0.0,1.0,2.0,154.76,0,0,1,0,0,1,0,0,0,0,1,0,0,0,1,0
55103,0,10.0,Phone,1,17.0,Cash On Delivery,Female,4.0,4,Fashion,3,Married,5,0,13.0,2.0,2.0,8.0,195.94,0,0,1,1,0,0,0,0,1,0,0,0,0,0,1,0
51057,0,22.0,Phone,1,12.0,Debit Card,Female,2.0,4,Grocery,3,Married,3,1,19.0,1.0,2.0,12.0,239.66000000000003,0,0,1,0,0,1,0,0,0,1,0,0,0,0,1,0
53211,0,22.0,Phone,3,9.0,E Wallet,Male,3.0,3,Laptop & Accessory,4,Divorced,5,0,13.0,3.0,3.0,3.0,206.2,1,0,1,0,0,0,1,0,0,0,1,0,0,1,0,0
54200,0,7.0,Computer,3,7.0,Debit Card,Female,3.0,2,Laptop & Accessory,5,Married,4,0,20.0,1.0,2.0,4.0,178.76,0,1,0,0,0,1,0,0,0,0,1,0,0,0,1,0
52866,0,30.0,Phone,1,15.0,Debit Card,Female,4.0,4,Mobile,5,Married,6,1,19.0,2.0,3.0,3.0,167.57,0,0,1,0,0,1,0,0,0,0,0,1,0,0,1,0
51159,0,9.0,Phone,1,6.0,Debit Card,Male,2.0,3,Mobile,1,Married,2,0,11.0,0.0,1.0,3.0,120.44,1,0,1,0,0,1,0,0,0,0,0,1,0,0,1,0
50668,1,0.0,Computer,1,35.0,Credit Card,Female,2.0,4,Laptop & Accessory,3,Single,2,0,22.0,3.0,3.0,8.0,145.08,0,1,0,0,1,0,0,0,0,0,1,0,0,0,0,1
54811,0,17.0,Computer,1,7.0,Debit Card,Female,3.0,4,Laptop & Accessory,1,Married,6,0,14.0,2.0,3.0,3.0,180.62,0,1,0,0,0,1,0,0,0,0,1,0,0,0,1,0
51232,0,14.0,Phone,3,14.0,E Wallet,Female,2.0,3,Laptop & Accessory,4,Married,6,0,21.0,1.0,1.0,4.0,143.93,0,0,1,0,0,0,1,0,0,0,1,0,0,0,1,0
52065,0,20.0,Phone,3,10.0,Debit Card,Female,2.0,3,Laptop & Accessory,1,Single,2,1,17.0,1.0,1.0,7.0,141.63,0,0,1,0,0,1,0,0,0,0,1,0,0,0,0,1
52328,0,11.0,Computer,1,14.0,Debit Card,Male,2.0,1,Mobile,3,Married,2,0,11.0,0.0,1.0,3.0,126.1,1,1,0,0,0,1,0,0,0,0,0,1,0,0,1,0
53167,0,1.0,Phone,1,24.0,Upi,Male,4.0,5,Mobile,4,Divorced,3,0,22.0,2.0,2.0,1.0,146.27,1,0,1,0,0,0,0,1,0,0,0,1,0,1,0,0
50775,0,22.0,Phone,1,10.0,Credit Card,Male,2.0,4,Others,3,Divorced,3,0,13.0,1.0,1.0,0.0,287.11,1,0,1,0,1,0,0,0,0,0,0,0,1,1,0,0
54318,0,31.0,Phone,1,16.0,Credit Card,Female,4.0,5,Mobile,4,Married,6,1,21.0,2.0,2.0,1.0,158.46,0,0,1,0,1,0,0,0,0,0,0,1,0,0,1,0
50540,0,9.0,Phone,1,20.0,Debit Card,Male,3.0,3,Laptop & Accessory,2,Divorced,1,1,17.0,4.0,4.0,11.0,165.86,1,0,1,0,0,1,0,0,0,0,1,0,0,1,0,0
52742,1,16.0,Phone,3,30.0,Debit Card,Male,3.0,3,Fashion,5,Single,7,1,13.0,0.0,2.0,2.0,204.48,1,0,1,0,0,1,0,0,1,0,0,0,0,0,0,1
50429,0,13.0,Phone,1,14.0,Credit Card,Female,2.0,4,Mobile,2,Single,1,1,20.0,2.0,2.0,3.0,123.41999999999999,0,0,1,0,1,0,0,0,0,0,0,1,0,0,0,1
52772,0,5.0,Phone,1,35.0,Debit Card,Female,2.9315348837209303,4,Mobile,4,Single,2,0,13.0,0.0,4.0,1.0,128.37,0,0,1,0,0,1,0,0,0,0,0,1,0,0,0,1
53349,0,18.0,Phone,1,16.0,Debit Card,Male,4.0,4,Mobile,5,Divorced,3,1,14.0,3.0,8.0,2.0,150.59,1,0,1,0,0,1,0,0,0,0,0,1,0,1,0,0
53174,0,9.0,Phone,1,32.0,Upi,Male,3.0,5,Laptop & Accessory,2,Single,6,0,15.0,1.0,2.0,3.0,161.81,1,0,1,0,0,0,0,1,0,0,1,0,0,0,0,1
54629,0,26.0,Phone,1,13.0,Cash On Delivery,Male,4.0,4,Laptop & Accessory,5,Married,5,1,13.0,3.0,7.0,10.0,180.77,1,0,1,1,0,0,0,0,0,0,1,0,0,0,1,0
53055,0,11.0,Phone,1,17.0,Credit Card,Female,4.0,4,Mobile,5,Divorced,8,0,21.0,2.0,2.0,4.0,159.52,0,0,1,0,1,0,0,0,0,0,0,1,0,1,0,0
52982,0,10.0,Phone,1,10.0,Cash On Delivery,Male,2.0,4,Laptop & Accessory,4,Single,6,0,13.0,7.0,8.0,8.0,169.85,1,0,1,1,0,0,0,0,0,0,1,0,0,0,0,1
51301,0,6.0,Phone,1,21.0,Credit Card,Female,3.0,3,Laptop & Accessory,1,Married,1,1,13.0,5.0,8.0,1.0,12.0,0,0,1,0,1,0,0,0,0,0,1,0,0,0,1,0
53600,0,1.0,Phone,1,32.0,Debit Card,Female,3.0,2,Mobile,2,Single,3,1,13.0,2.0,2.0,2.0,154.94,0,0,1,0,0,1,0,0,0,0,0,1,0,0,0,1
54728,0,8.0,Phone,3,9.0,Upi,Male,3.0,4,Laptop & Accessory,1,Single,3,0,23.0,1.0,2.0,5.0,187.74,1,0,1,0,0,0,0,1,0,0,1,0,0,0,0,1
52030,0,13.0,Phone,3,16.0,E Wallet,Male,3.0,4,Fashion,4,Married,3,0,12.0,0.0,1.0,0.0,197.05,1,0,1,0,0,0,1,0,1,0,0,0,0,0,1,0
50321,0,28.0,Phone,3,24.0,Debit Card,Female,2.0,3,Grocery,4,Single,4,0,23.0,1.0,7.0,7.0,268.35,0,0,1,0,0,1,0,0,0,1,0,0,0,0,0,1
51414,0,9.0,Computer,1,6.0,Credit Card,Male,3.0,3,Mobile,5,Married,5,0,13.0,0.0,1.0,2.0,121.94,1,1,0,0,1,0,0,0,0,0,0,1,0,0,1,0
54134,0,16.0,Phone,1,9.0,Debit Card,Male,3.0,4,Others,3,Married,7,0,15.0,2.0,5.0,15.0,313.8,1,0,1,0,0,1,0,0,0,0,0,0,1,0,1,0
50691,0,9.0,Phone,1,6.0,Cash On Delivery,Female,3.0,4,Mobile,4,Single,2,1,11.0,0.0,2.0,2.0,120.69999999999999,0,0,1,1,0,0,0,0,0,0,0,1,0,0,0,1
52814,0,22.0,Computer,3,8.0,Credit Card,Male,3.0,4,Laptop & Accessory,4,Married,3,0,14.0,1.0,1.0,8.0,153.9,1,1,0,0,1,0,0,0,0,0,1,0,0,0,1,0
50848,0,9.0,Computer,1,6.0,Debit Card,Female,3.0,3,Mobile,2,Single,2,0,15.0,1.0,1.0,0.0,116.11000000000001,0,1,0,0,0,1,0,0,0,0,0,1,0,0,0,1
54762,0,14.0,Computer,1,23.0,Credit Card,Male,3.0,5,Laptop & Accessory,3,Single,8,0,15.0,1.0,2.0,1.0,175.94,1,1,0,0,1,0,0,0,0,0,1,0,0,0,0,1
50507,0,17.0,Phone,1,14.0,Debit Card,Male,2.9315348837209303,1,Mobile,2,Divorced,3,1,24.0,1.0,1.0,2.0,128.18,1,0,1,0,0,1,0,0,0,0,0,1,0,1,0,0
55033,0,7.0,Computer,3,32.0,Credit Card,Female,3.0,4,Laptop & Accessory,3,Married,3,0,13.0,1.0,2.0,2.0,170.39,0,1,0,0,1,0,0,0,0,0,1,0,0,0,1,0
54108,0,5.0,Phone,3,9.0,Debit Card,Male,3.0,4,Mobile,3,Married,2,0,20.0,2.0,2.0,3.0,155.67,1,0,1,0,0,1,0,0,0,0,0,1,0,0,1,0
53897,0,1.0,Computer,1,14.0,Credit Card,Male,4.0,4,Mobile,1,Single,3,0,21.0,6.0,6.0,8.0,150.7,1,1,0,0,1,0,0,0,0,0,0,1,0,0,0,1
52634,0,8.0,Computer,1,8.0,Credit Card,Male,2.0,3,Laptop & Accessory,1,Married,3,0,14.0,1.0,1.0,7.0,157.62,1,1,0,0,1,0,0,0,0,0,1,0,0,0,1,0
51543,0,15.0,Computer,1,27.0,Credit Card,Female,2.0,3,Laptop & Accessory,3,Married,3,0,16.0,0.0,1.0,2.0,152.65,0,1,0,0,1,0,0,0,0,0,1,0,0,0,1,0
53685,0,26.0,Computer,1,35.0,Credit Card,Female,3.0,2,Grocery,3,Divorced,4,1,12.0,1.0,2.0,3.0,257.47,0,1,0,0,1,0,0,0,0,1,0,0,0,1,0,0
54925,0,2.0,Phone,3,17.0,Credit Card,Male,4.0,4,Mobile,4,Married,3,0,23.0,1.0,2.0,1.0,135.52,1,0,1,0,1,0,0,0,0,0,0,1,0,0,1,0
53791,0,9.0,Phone,3,7.0,Debit Card,Female,4.0,5,Mobile,3,Married,2,0,24.0,3.0,5.0,3.0,149.3,0,0,1,0,0,1,0,0,0,0,0,1,0,0,1,0
53150,0,15.0,Computer,1,9.0,Upi,Female,4.0,5,Laptop & Accessory,3,Single,4,1,18.0,1.0,2.0,8.0,193.11,0,1,0,0,0,0,0,1,0,0,1,0,0,0,0,1
54475,0,1.0,Phone,1,17.0,Credit Card,Male,4.0,4,Grocery,5,Married,3,1,15.0,2.0,12.0,11.0,295.68,1,0,1,0,1,0,0,0,0,1,0,0,0,0,1,0
50629,0,12.0,Computer,1,28.0,Credit Card,Female,2.0,3,Fashion,5,Single,2,1,13.0,1.0,2.0,8.0,208.8,0,1,0,0,1,0,0,0,1,0,0,0,0,0,0,1
52352,1,12.0,Computer,1,34.0,Debit Card,Male,3.0,4,Laptop & Accessory,5,Single,4,0,20.0,0.0,1.0,3.0,142.84,1,1,0,0,0,1,0,0,0,0,1,0,0,0,0,1
53021,0,17.0,Computer,1,17.0,Debit Card,Female,3.0,5,Laptop & Accessory,3,Married,3,0,12.0,1.0,2.0,1.0,177.57,0,1,0,0,0,1,0,0,0,0,1,0,0,0,1,0
50467,1,0.0,Phone,3,22.0,E Wallet,Female,3.0,3,Laptop & Accessory,5,Single,6,0,15.0,1.0,1.0,2.0,153.24,0,0,1,0,0,0,1,0,0,0,1,0,0,0,0,1
50309,0,19.0,Phone,3,16.0,E Wallet,Female,3.0,4,Fashion,2,Divorced,3,1,19.0,1.0,1.0,2.0,190.71,0,0,1,0,0,0,1,0,1,0,0,0,0,1,0,0
54375,1,1.0,Phone,1,10.0,Cash On Delivery,Female,3.0,4,Mobile,5,Single,7,1,12.0,1.0,2.0,5.0,151.57,0,0,1,1,0,0,0,0,0,0,0,1,0,0,0,1
54982,0,23.0,Phone,3,15.0,Cash On Delivery,Male,3.0,5,Grocery,4,Married,8,0,18.0,2.0,2.0,4.0,256.2,1,0,1,1,0,0,0,0,0,1,0,0,0,0,1,0
55096,0,6.0,Phone,3,15.0,Credit Card,Male,3.0,2,Laptop & Accessory,1,Married,3,0,16.0,1.0,2.0,9.0,187.09,1,0,1,0,1,0,0,0,0,0,1,0,0,0,1,0
50608,1,0.0,Computer,1,14.0,Credit Card,Female,2.0,3,Mobile,4,Single,1,0,17.0,0.0,1.0,2.0,124.22,0,1,0,0,1,0,0,0,0,0,0,1,0,0,0,1
54308,0,15.0,Computer,1,17.0,Debit Card,Male,4.0,5,Grocery,5,Married,6,0,15.0,3.0,8.0,8.0,296.81,1,1,0,0,0,1,0,0,0,1,0,0,0,0,1,0
52884,0,17.0,Computer,1,14.0,Credit Card,Male,3.0,3,Mobile,2,Married,6,0,15.0,1.0,3.0,3.0,145.89,1,1,0,0,1,0,0,0,0,0,0,1,0,0,1,0
50461,1,9.0,Phone,1,12.0,Debit Card,Male,3.0,1,Mobile,5,Divorced,2,1,21.0,1.0,1.0,0.0,116.00999999999999,1,0,1,0,0,1,0,0,0,0,0,1,0,1,0,0
52251,0,2.0,Phone,1,7.0,Debit Card,Female,2.0,4,Grocery,1,Married,4,0,14.0,1.0,1.0,7.0,261.24,0,0,1,0,0,1,0,0,0,1,0,0,0,0,1,0
52481,0,19.0,Phone,3,7.0,Debit Card,Male,2.0,1,Grocery,5,Single,2,0,15.0,1.0,1.0,12.0,275.67,1,0,1,0,0,1,0,0,0,1,0,0,0,0,0,1
54712,0,13.0,Phone,2,10.0,Upi,Female,3.0,2,Laptop & Accessory,4,Married,11,0,16.0,1.0,4.0,7.0,188.89,0,0,1,0,0,0,0,1,0,0,1,0,0,0,1,0
53842,0,2.0,Phone,1,34.0,Credit Card,Female,3.0,6,Laptop & Accessory,5,Married,2,0,22.0,2.0,2.0,1.0,25.0,0,0,1,0,1,0,0,0,0,0,1,0,0,0,1,0
50560,0,13.0,Phone,3,16.0,E Wallet,Male,3.0,4,Fashion,4,Married,3,0,12.0,1.0,1.0,0.0,197.05,1,0,1,0,0,0,1,0,1,0,0,0,0,0,1,0
53603,0,1.0,Phone,1,11.0,Debit Card,Male,3.0,4,Mobile,2,Single,3,1,21.0,1.0,3.0,3.0,153.75,1,0,1,0,0,1,0,0,0,0,0,1,0,0,0,1
51237,0,0.0,Computer,1,14.0,Upi,Male,3.0,1,Mobile,1,Married,1,0,18.0,2.0,7.0,7.0,125.44,1,1,0,0,0,0,0,1,0,0,0,1,0,0,1,0
52590,0,3.0,Computer,1,8.0,Cash On Delivery,Female,3.0,4,Mobile,5,Single,1,0,16.0,0.0,1.0,7.0,149.68,0,1,0,1,0,0,0,0,0,0,0,1,0,0,0,1
52648,0,8.0,Phone,1,29.0,Credit Card,Male,2.9315348837209303,5,Mobile,3,Married,1,0,16.0,0.0,1.0,3.0,127.05000000000001,1,0,1,0,1,0,0,0,0,0,0,1,0,0,1,0
53678,0,25.0,Computer,3,9.0,E Wallet,Male,3.0,4,Fashion,4,Divorced,4,0,12.0,1.0,4.0,3.0,230.96,1,1,0,0,0,0,1,0,1,0,0,0,0,1,0,0
53801,1,1.0,Phone,1,9.0,Debit Card,Female,4.0,4,Mobile,5,Married,3,1,13.0,2.0,2.0,1.0,145.74,0,0,1,0,0,1,0,0,0,0,0,1,0,0,1,0
54048,0,16.0,Phone,1,13.0,Credit Card,Male,3.0,4,Fashion,5,Married,11,0,14.0,4.0,2.0,8.0,258.48,1,0,1,0,1,0,0,0,1,0,0,0,0,0,1,0
51452,0,23.0,Computer,1,6.0,Debit Card,Female,3.0,3,Others,4,Married,4,1,19.0,1.0,1.0,7.0,281.72,0,1,0,0,0,1,0,0,0,0,0,0,1,0,1,0
55364,0,27.0,Phone,1,31.0,Credit Card,Male,3.0,2,Fashion,1,Married,5,0,16.0,1.0,2.0,3.0,195.05,1,0,1,0,1,0,0,0,1,0,0,0,0,0,1,0
55466,0,28.0,Phone,1,14.0,Credit Card,Female,4.0,4,Laptop & Accessory,1,Married,6,0,16.0,2.0,2.0,8.0,193.54,0,0,1,0,1,0,0,0,0,0,1,0,0,0,1,0
51422,0,8.0,Phone,3,6.0,E Wallet,Male,2.0,4,Laptop & Accessory,5,Single,1,0,14.0,1.0,2.0,8.0,143.12,1,0,1,0,0,0,1,0,0,0,1,0,0,0,0,1
51617,1,10.0,Computer,1,35.0,Debit Card,Male,2.0,3,Fashion,4,Married,2,1,12.0,4.0,9.0,3.0,218.49,1,1,0,0,0,1,0,0,1,0,0,0,0,0,1,0
52097,0,23.0,Computer,3,6.0,Debit Card,Female,3.0,3,Laptop & Accessory,3,Married,1,0,12.0,0.0,1.0,13.0,163.47,0,1,0,0,0,1,0,0,0,0,1,0,0,0,1,0
51200,0,2.0,Phone,1,35.0,Debit Card,Male,3.0,5,Laptop & Accessory,3,Married,9,0,17.0,1.0,1.0,6.0,163.84,1,0,1,0,0,1,0,0,0,0,1,0,0,0,1,0
55209,0,8.0,Phone,3,10.0,Upi,Male,3.0,6,Laptop & Accessory,5,Single,5,0,19.0,3.0,4.0,13.0,172.59,1,0,1,0,0,0,0,1,0,0,1,0,0,0,0,1
51936,0,6.0,Phone,1,13.0,Credit Card,Male,2.0,3,Fashion,3,Married,1,0,11.0,1.0,3.0,3.0,216.91000000000003,1,0,1,0,1,0,0,0,1,0,0,0,0,0,1,0
51210,0,0.0,Computer,1,21.0,Debit Card,Female,3.0,4,Mobile,5,Married,1,0,19.0,7.0,7.0,3.0,147.74,0,1,0,0,0,1,0,0,0,0,0,1,0,0,1,0
55174,0,4.0,Phone,3,14.0,E Wallet,Female,4.0,4,Laptop & Accessory,5,Married,9,0,15.0,2.0,2.0,3.0,172.79,0,0,1,0,0,0,1,0,0,0,1,0,0,0,1,0
52863,0,10.0,Computer,1,10.0,Credit Card,Male,2.0,4,Mobile,4,Single,6,0,13.0,5.0,8.0,3.0,145.88,1,1,0,0,1,0,0,0,0,0,0,1,0,0,0,1
51589,0,13.0,Phone,1,30.0,Cash On Delivery,Male,3.0,3,Laptop & Accessory,1,Married,2,0,17.0,2.0,4.0,7.0,133.19,1,0,1,1,0,0,0,0,0,0,1,0,0,0,1,0
54178,0,1.0,Computer,1,23.0,Credit Card,Male,4.0,2,Mobile,1,Married,3,1,14.0,1.0,2.0,1.0,154.35,1,1,0,0,1,0,0,0,0,0,0,1,0,0,1,0
54801,0,1.0,Computer,1,11.0,Debit Card,Male,3.0,5,Mobile,1,Married,2,0,18.0,1.0,4.0,5.0,156.62,1,1,0,0,0,1,0,0,0,0,0,1,0,0,1,0
54182,1,1.0,Phone,3,16.0,Debit Card,Male,3.0,5,Mobile,5,Single,9,0,24.0,1.0,2.0,4.0,159.07,1,0,1,0,0,1,0,0,0,0,0,1,0,0,0,1
50626,0,17.0,Phone,3,34.0,Credit Card,Female,2.0,1,Grocery,2,Divorced,4,1,18.0,1.0,2.0,11.0,233.2,0,0,1,0,1,0,0,0,0,1,0,0,0,1,0,0
51378,0,9.0,Phone,1,15.0,Credit Card,Male,2.0,4,Mobile,3,Single,2,0,13.0,0.0,1.0,8.0,122.06,1,0,1,0,1,0,0,0,0,0,0,1,0,0,0,1
52729,0,9.0,Computer,1,15.0,Debit Card,Male,2.9315348837209303,1,Mobile,4,Married,2,0,22.0,1.0,1.0,2.0,128.1,1,1,0,0,0,1,0,0,0,0,0,1,0,0,1,0
54862,0,27.0,Phone,3,9.0,Credit Card,Male,3.0,4,Grocery,3,Married,8,0,14.0,1.0,16.0,3.0,273.52,1,0,1,0,1,0,0,0,0,1,0,0,0,0,1,0
52782,0,0.0,Phone,3,14.0,Credit Card,Male,2.0,3,Mobile,5,Single,2,1,11.0,1.0,1.0,2.0,123.80000000000001,1,0,1,0,1,0,0,0,0,0,0,1,0,0,0,1
52542,0,14.0,Phone,3,29.0,Debit Card,Male,3.0,3,Fashion,3,Single,4,1,16.0,0.0,1.0,2.0,170.82,1,0,1,0,0,1,0,0,1,0,0,0,0,0,0,1
54518,1,1.0,Computer,3,7.0,Cash On Delivery,Female,4.0,5,Mobile,4,Single,3,1,12.0,2.0,2.0,3.0,146.74,0,1,0,1,0,0,0,0,0,0,0,1,0,0,0,1
50645,0,9.0,Computer,1,6.0,Credit Card,Female,3.0,4,Mobile,3,Married,2,0,13.0,1.0,1.0,3.0,120.07,0,1,0,0,1,0,0,0,0,0,0,1,0,0,1,0
54695,0,27.0,Phone,1,14.0,Debit Card,Male,3.0,2,Grocery,3,Married,5,0,20.0,1.0,2.0,4.0,273.14,1,0,1,0,0,1,0,0,0,1,0,0,0,0,1,0
53570,0,31.0,Phone,3,14.0,E Wallet,Male,3.0,2,Laptop & Accessory,2,Married,2,1,19.0,1.0,2.0,10.0,177.2,1,0,1,0,0,0,1,0,0,0,1,0,0,0,1,0
54860,0,26.0,Phone,1,7.0,Debit Card,Male,4.0,4,Grocery,1,Married,4,0,15.0,4.0,8.0,9.0,295.99,1,0,1,0,0,1,0,0,0,1,0,0,0,0,1,0
50868,0,12.0,Computer,1,31.0,Debit Card,Male,3.0,3,Fashion,3,Divorced,4,0,21.0,0.0,1.0,5.0,209.2,1,1,0,0,0,1,0,0,1,0,0,0,0,1,0,0
53578,0,16.0,Computer,1,33.0,Credit Card,Female,3.0,4,Fashion,5,Divorced,5,1,18.0,1.0,2.0,1.0,256.91,0,1,0,0,1,0,0,0,1,0,0,0,0,1,0,0
54691,0,1.0,Phone,1,7.0,Debit Card,Female,4.0,4,Fashion,5,Married,3,0,12.0,1.0,2.0,8.0,199.12,0,0,1,0,0,1,0,0,1,0,0,0,0,0,1,0
52965,0,1.0,Phone,1,10.0,Credit Card,Male,4.0,5,Mobile,3,Single,3,0,18.0,2.0,2.0,1.0,157.3,1,0,1,0,1,0,0,0,0,0,0,1,0,0,0,1
53770,0,13.0,Phone,1,13.0,Debit Card,Female,3.0,4,Fashion,4,Single,6,0,19.0,1.0,3.0,3.0,208.76,0,0,1,0,0,1,0,0,1,0,0,0,0,0,0,1
51408,0,23.0,Phone,1,13.0,Credit Card,Female,2.0,4,Others,3,Married,6,1,12.0,1.0,13.0,8.0,287.4,0,0,1,0,1,0,0,0,0,0,0,0,1,0,1,0
52661,0,9.0,Phone,1,8.0,Upi,Female,3.0,3,Laptop & Accessory,4,Married,5,1,22.0,1.0,1.0,0.0,169.62,0,0,1,0,0,0,0,1,0,0,1,0,0,0,1,0
50171,0,15.0,Computer,3,32.0,E Wallet,Female,3.0,3,Grocery,4,Divorced,6,0,14.0,2.0,2.0,8.0,235.25,0,1,0,0,0,0,1,0,0,1,0,0,0,1,0,0
53319,0,11.0,Phone,3,23.0,E Wallet,Male,4.0,5,Laptop & Accessory,3,Married,6,0,20.0,2.0,2.0,1.0,188.34,1,0,1,0,0,0,1,0,0,0,1,0,0,0,1,0
54482,0,5.0,Phone,3,14.0,E Wallet,Male,4.0,4,Laptop & Accessory,1,Married,6,0,13.0,1.0,2.0,8.0,200.47,1,0,1,0,0,0,1,0,0,0,1,0,0,0,1,0
54239,0,11.0,Phone,1,14.0,Credit Card,Male,2.0,4,Fashion,3,Single,6,0,14.0,1.0,2.0,3.0,261.64,1,0,1,0,1,0,0,0,1,0,0,0,0,0,0,1
53422,1,1.0,Phone,1,18.0,Credit Card,Female,4.0,5,Mobile,5,Single,3,1,16.0,1.0,2.0,1.0,151.0,0,0,1,0,1,0,0,0,0,0,0,1,0,0,0,1
53314,0,4.0,Computer,1,12.0,Debit Card,Male,4.0,5,Mobile,2,Married,11,0,13.0,1.0,2.0,4.0,162.61,1,1,0,0,0,1,0,0,0,0,0,1,0,0,1,0
53517,0,12.0,Phone,2,7.0,Upi,Male,3.0,2,Mobile,3,Divorced,3,0,14.0,2.0,6.0,1.0,153.44,1,0,1,0,0,0,0,1,0,0,0,1,0,1,0,0
52565,0,2.0,Phone,1,15.0,Credit Card,Female,2.9315348837209303,3,Mobile,3,Married,10,0,17.0,0.0,1.0,2.0,129.74,0,0,1,0,1,0,0,0,0,0,0,1,0,0,1,0
50638,1,9.0,Computer,1,8.0,Debit Card,Male,2.0,3,Mobile,5,Divorced,7,1,14.0,1.0,1.0,2.0,120.41999999999999,1,1,0,0,0,1,0,0,0,0,0,1,0,1,0,0
54911,0,18.0,Phone,3,35.0,Credit Card,Female,3.0,2,Grocery,1,Married,5,1,19.0,5.0,2.0,12.0,258.2,0,0,1,0,1,0,0,0,0,1,0,0,0,0,1,0
50154,0,0.0,Computer,1,6.0,Debit Card,Female,2.0,3,Laptop & Accessory,4,Married,2,0,20.0,0.0,1.0,4.0,163.97,0,1,0,0,0,1,0,0,0,0,1,0,0,0,1,0
53574,0,7.0,Phone,1,16.0,Credit Card,Male,3.0,4,Mobile,2,Divorced,2,0,14.0,2.0,5.0,11.0,152.81,1,0,1,0,1,0,0,0,0,0,0,1,0,1,0,0
50347,0,11.0,Phone,1,16.0,Credit Card,Female,3.0,3,Laptop & Accessory,3,Divorced,4,0,19.0,1.0,1.0,0.0,198.24,0,0,1,0,1,0,0,0,0,0,1,0,0,1,0,0
53253,1,1.0,Phone,1,7.0,Upi,Male,4.0,4,Mobile,2,Single,3,1,14.0,6.0,8.0,9.0,151.86,1,0,1,0,0,0,0,1,0,0,0,1,0,0,0,1
50591,0,6.0,Computer,1,6.0,Upi,Female,2.0,1,Laptop & Accessory,4,Divorced,2,1,13.0,0.0,1.0,2.0,154.88,0,1,0,0,0,0,0,1,0,0,1,0,0,1,0,0
52902,0,4.0,Computer,1,7.0,Debit Card,Male,3.0,5,Fashion,3,Single,3,0,23.0,3.0,6.0,3.0,209.74,1,1,0,0,0,1,0,0,1,0,0,0,0,0,0,1
54099,0,1.0,Phone,1,19.0,Upi,Male,4.0,4,Mobile,1,Single,3,0,14.0,2.0,2.0,5.0,151.47,1,0,1,0,0,0,0,1,0,0,0,1,0,0,0,1
54512,0,6.0,Phone,1,9.0,Credit Card,Female,4.0,4,Mobile,4,Married,3,0,14.0,1.0,2.0,8.0,148.7,0,0,1,0,1,0,0,0,0,0,0,1,0,0,1,0
53115,0,31.0,Phone,3,36.0,E Wallet,Male,3.0,5,Grocery,2,Married,5,0,13.0,1.0,2.0,1.0,266.18,1,0,1,0,0,0,1,0,0,1,0,0,0,0,1,0
51059,0,9.0,Phone,1,9.0,Debit Card,Male,3.0,1,Laptop & Accessory,5,Married,7,0,20.0,1.0,1.0,4.0,168.42,1,0,1,0,0,1,0,0,0,0,1,0,0,0,1,0
51440,0,5.0,Phone,3,12.0,Credit Card,Male,2.0,3,Laptop & Accessory,3,Single,2,0,16.0,5.0,5.0,7.0,150.1,1,0,1,0,1,0,0,0,0,0,1,0,0,0,0,1
53528,0,14.0,Computer,1,16.0,Credit Card,Female,3.0,4,Fashion,3,Single,11,0,18.0,1.0,2.0,14.0,259.99,0,1,0,0,1,0,0,0,1,0,0,0,0,0,0,1
54075,0,8.0,Phone,3,7.0,E Wallet,Male,3.0,4,Fashion,1,Single,3,0,22.0,2.0,3.0,3.0,223.88,1,0,1,0,0,0,1,0,1,0,0,0,0,0,0,1
50064,0,7.0,Computer,1,8.0,Debit Card,Male,2.0,4,Laptop & Accessory,3,Divorced,2,0,17.0,0.0,1.0,9.0,195.47,1,1,0,0,0,1,0,0,0,0,1,0,0,1,0,0
55312,0,2.0,Phone,1,34.0,Credit Card,Female,3.0,6,Laptop & Accessory,5,Married,2,0,22.0,2.0,2.0,1.0,173.77,0,0,1,0,1,0,0,0,0,0,1,0,0,0,1,0
54460,0,25.0,Phone,1,9.0,Credit Card,Male,3.0,6,Laptop & Accessory,4,Married,7,0,19.0,1.0,2.0,3.0,179.82,1,0,1,0,1,0,0,0,0,0,1,0,0,0,1,0
52372,0,5.0,Phone,3,13.0,E Wallet,Male,3.0,3,Laptop & Accessory,1,Married,5,0,12.0,0.0,1.0,3.0,192.04,1,0,1,0,0,0,1,0,0,0,1,0,0,0,1,0
52094,1,0.0,Computer,3,35.0,Credit Card,Male,3.0,5,Laptop & Accessory,5,Single,9,0,18.0,1.0,2.0,2.0,149.69,1,1,0,0,1,0,0,0,0,0,1,0,0,0,0,1
51125,1,0.0,Phone,3,15.0,E Wallet,Female,2.9315348837209303,5,Mobile,4,Single,2,0,13.0,1.0,2.0,2.0,127.6,0,0,1,0,0,0,1,0,0,0,0,1,0,0,0,1
51731,1,9.0,Computer,1,10.0,Cash On Delivery,Male,2.0,3,Mobile,1,Single,10,1,23.0,1.0,1.0,0.0,122.85,1,1,0,1,0,0,0,0,0,0,0,1,0,0,0,1
52470,0,12.0,Phone,3,12.0,Credit Card,Male,2.0,1,Fashion,3,Married,3,0,11.0,3.0,7.0,6.0,182.37,1,0,1,0,1,0,0,0,1,0,0,0,0,0,1,0
51675,0,20.0,Phone,1,11.0,Debit Card,Male,2.0,3,Others,3,Married,5,0,11.0,1.0,1.0,1.0,283.0,1,0,1,0,0,1,0,0,0,0,0,0,1,0,1,0
50063,0,28.0,Phone,1,20.0,Credit Card,Male,3.0,2,Others,4,Single,9,0,11.0,1.0,2.0,15.0,287.22,1,0,1,0,1,0,0,0,0,0,0,0,1,0,0,1
50449,1,0.0,Phone,3,14.0,Cash On Delivery,Male,2.0,4,Laptop & Accessory,5,Single,7,0,17.0,1.0,1.0,2.0,153.26,1,0,1,1,0,0,0,0,0,0,1,0,0,0,0,1
53238,1,6.0,Computer,1,26.0,Credit Card,Male,3.0,3,Mobile,3,Married,8,1,13.0,3.0,3.0,3.0,152.59,1,1,0,0,1,0,0,0,0,0,0,1,0,0,1,0
55004,0,1.0,Phone,1,10.0,Credit Card,Male,3.0,2,Mobile,1,Married,3,0,23.0,2.0,2.0,8.0,169.2,1,0,1,0,1,0,0,0,0,0,0,1,0,0,1,0
54819,0,18.0,Phone,1,16.0,Debit Card,Male,4.0,4,Mobile,5,Married,3,1,14.0,6.0,8.0,2.0,150.59,1,0,1,0,0,1,0,0,0,0,0,1,0,0,1,0
52527,0,22.0,Phone,1,12.0,Debit Card,Female,2.0,4,Grocery,3,Married,3,1,19.0,2.0,2.0,12.0,239.66000000000003,0,0,1,0,0,1,0,0,0,1,0,0,0,0,1,0
55338,0,24.0,Phone,1,24.0,Debit Card,Female,3.0,5,Fashion,5,Married,7,0,16.0,1.0,2.0,12.0,257.69,0,0,1,0,0,1,0,0,1,0,0,0,0,0,1,0
52321,1,18.0,Phone,3,19.0,E Wallet,Male,2.0,1,Grocery,3,Single,7,1,17.0,1.0,2.0,8.0,236.95,1,0,1,0,0,0,1,0,0,1,0,0,0,0,0,1
50909,1,0.0,Computer,1,6.0,Debit Card,Female,3.0,1,Fashion,4,Single,2,0,11.0,3.0,4.0,7.0,174.46,0,1,0,0,0,1,0,0,1,0,0,0,0,0,0,1
55114,1,8.0,Phone,1,10.0,Debit Card,Male,3.0,4,Mobile,5,Married,6,0,13.0,2.0,2.0,3.0,148.62,1,0,1,0,0,1,0,0,0,0,0,1,0,0,1,0
54622,0,9.0,Phone,3,7.0,Credit Card,Female,4.0,4,Laptop & Accessory,3,Single,3,0,17.0,2.0,2.0,4.0,173.59,0,0,1,0,1,0,0,0,0,0,1,0,0,0,0,1
50933,1,0.0,Computer,3,19.0,Cash On Delivery,Female,2.0,3,Laptop & Accessory,4,Single,6,0,11.0,0.0,1.0,0.0,157.65,0,1,0,1,0,0,0,0,0,0,1,0,0,0,0,1
54198,0,9.0,Phone,3,9.0,E Wallet,Female,4.0,4,Mobile,1,Married,3,0,14.0,3.0,3.0,3.0,145.14,0,0,1,0,0,0,1,0,0,0,0,1,0,0,1,0
51766,0,2.0,Phone,1,9.0,Credit Card,Male,3.0,4,Fashion,3,Married,2,0,18.0,0.0,1.0,3.0,219.35000000000002,1,0,1,0,1,0,0,0,1,0,0,0,0,0,1,0
52238,1,9.0,Computer,1,16.0,Credit Card,Female,3.0,4,Mobile,4,Single,2,1,25.0,0.0,1.0,0.0,118.59,0,1,0,0,1,0,0,0,0,0,0,1,0,0,0,1
53393,0,4.0,Phone,3,15.0,Upi,Male,4.0,4,Fashion,3,Married,7,0,12.0,5.0,8.0,8.0,197.64,1,0,1,0,0,0,0,1,1,0,0,0,0,0,1,0
54675,1,1.0,Computer,1,10.0,Debit Card,Male,4.0,4,Mobile,5,Single,3,1,12.0,6.0,10.0,8.0,158.48,1,1,0,0,0,1,0,0,0,0,0,1,0,0,0,1
54999,1,6.0,Computer,3,19.0,Debit Card,Male,3.0,4,Grocery,5,Single,2,1,13.0,1.0,14.0,15.0,262.58,1,1,0,0,0,1,0,0,0,1,0,0,0,0,0,1
53474,0,15.0,Phone,1,14.0,Cash On Delivery,Female,3.0,2,Mobile,3,Divorced,3,0,14.0,2.0,2.0,9.0,158.76,0,0,1,1,0,0,0,0,0,0,0,1,0,1,0,0
53630,1,1.0,Phone,1,14.0,Debit Card,Male,4.0,4,Laptop & Accessory,3,Divorced,3,0,19.0,2.0,2.0,2.0,173.83,1,0,1,0,0,1,0,0,0,0,1,0,0,1,0,0
52230,0,13.0,Phone,3,16.0,Cash On Delivery,Female,2.0,4,Laptop & Accessory,4,Married,8,0,12.0,1.0,1.0,3.0,168.52,0,0,1,1,0,0,0,0,0,0,1,0,0,0,1,0
50669,0,9.0,Phone,1,21.0,Debit Card,Male,2.0,3,Mobile,3,Married,2,0,16.0,2.0,2.0,2.0,122.07,1,0,1,0,0,1,0,0,0,0,0,1,0,0,1,0
50408,0,20.0,Phone,3,20.0,E Wallet,Male,2.0,3,Laptop & Accessory,5,Single,3,0,12.0,0.0,1.0,7.0,149.6,1,0,1,0,0,0,1,0,0,0,1,0,0,0,0,1
55460,0,14.0,Phone,1,8.0,Debit Card,Female,3.0,4,Laptop & Accessory,1,Married,6,0,18.0,1.0,2.0,4.0,190.13,0,0,1,0,0,1,0,0,0,0,1,0,0,0,1,0
51275,0,16.0,Phone,1,17.0,Debit Card,Male,1.0,3,Fashion,3,Married,2,0,17.0,1.0,1.0,9.0,175.1,1,0,1,0,0,1,0,0,1,0,0,0,0,0,1,0
50431,0,9.0,Phone,3,16.0,E Wallet,Male,2.0,3,Mobile,4,Married,2,0,14.0,0.0,2.0,2.0,122.97,1,0,1,0,0,0,1,0,0,0,0,1,0,0,1,0
50696,0,8.0,Computer,3,17.0,E Wallet,Male,2.0,3,Laptop & Accessory,2,Married,2,0,11.0,0.0,1.0,2.0,149.68,1,1,0,0,0,0,1,0,0,0,1,0,0,0,1,0
54564,0,15.0,Phone,3,7.0,E Wallet,Male,3.0,2,Fashion,5,Married,3,0,17.0,2.0,2.0,8.0,208.92,1,0,1,0,0,0,1,0,1,0,0,0,0,0,1,0
52553,0,28.0,Phone,1,28.0,Cash On Delivery,Male,3.0,4,Mobile,4,Married,6,0,12.0,1.0,1.0,2.0,135.37,1,0,1,1,0,0,0,0,0,0,0,1,0,0,1,0
53032,0,12.0,Phone,1,22.0,Debit Card,Male,4.0,5,Fashion,2,Married,2,1,15.0,2.0,2.0,10.0,240.10000000000002,1,0,1,0,0,1,0,0,1,0,0,0,0,0,1,0
55322,0,12.0,Phone,1,9.0,Credit Card,Female,3.0,5,Fashion,3,Married,5,1,20.0,1.0,2.0,3.0,202.56,0,0,1,0,1,0,0,0,1,0,0,0,0,0,1,0
52793,0,9.0,Computer,3,21.0,E Wallet,Male,2.0,5,Laptop & Accessory,1,Married,2,0,24.0,5.0,11.0,11.0,154.06,1,1,0,0,0,0,1,0,0,0,1,0,0,0,1,0
54490,0,21.0,Phone,1,12.0,Debit Card,Male,3.0,4,Others,3,Married,6,0,15.0,2.0,2.0,2.0,308.0,1,0,1,0,0,1,0,0,0,0,0,0,1,0,1,0
53440,1,16.0,Phone,3,9.0,E Wallet,Female,3.0,6,Others,2,Divorced,3,0,16.0,6.0,7.0,10.0,323.45,0,0,1,0,0,0,1,0,0,0,0,0,1,1,0,0
53082,0,14.0,Phone,1,9.0,Credit Card,Female,4.0,5,Laptop & Accessory,3,Divorced,8,0,23.0,2.0,2.0,1.0,159.48,0,0,1,0,1,0,0,0,0,0,1,0,0,1,0,0
51763,0,13.0,Phone,3,8.0,Debit Card,Female,3.0,3,Others,3,Married,1,0,14.0,1.0,1.0,12.0,280.41,0,0,1,0,0,1,0,0,0,0,0,0,1,0,1,0
50752,0,0.0,Phone,3,27.0,E Wallet,Male,2.9315348837209303,1,Mobile,2,Single,2,0,17.0,0.0,2.0,2.0,126.78,1,0,1,0,0,0,1,0,0,0,0,1,0,0,0,1
50252,0,24.0,Phone,3,20.0,Debit Card,Female,2.0,3,Laptop & Accessory,2,Divorced,5,0,11.0,0.0,1.0,7.0,149.36,0,0,1,0,0,1,0,0,0,0,1,0,0,1,0,0
51163,0,15.0,Phone,1,19.0,Credit Card,Male,3.0,1,Laptop & Accessory,5,Married,6,0,18.0,1.0,1.0,0.0,155.38,1,0,1,0,1,0,0,0,0,0,1,0,0,0,1,0
50571,1,0.0,Phone,3,6.0,Debit Card,Male,2.0,4,Fashion,3,Divorced,6,0,11.0,1.0,11.0,7.0,206.08999999999997,1,0,1,0,0,1,0,0,1,0,0,0,0,1,0,0
53284,0,10.0,Phone,1,7.0,Upi,Female,3.0,4,Laptop & Accessory,4,Divorced,2,0,16.0,1.0,2.0,6.0,177.28,0,0,1,0,0,0,0,1,0,0,1,0,0,1,0,0
51174,1,9.0,Phone,1,27.0,Credit Card,Female,3.0,3,Laptop & Accessory,4,Married,5,0,22.0,1.0,3.0,7.0,189.26,0,0,1,0,1,0,0,0,0,0,1,0,0,0,1,0
54710,0,8.0,Phone,1,15.0,Credit Card,Female,4.0,4,Laptop & Accessory,3,Single,5,0,12.0,1.0,5.0,4.0,186.42,0,0,1,0,1,0,0,0,0,0,1,0,0,0,0,1
50051,0,29.0,Phone,1,14.0,Debit Card,Female,3.0,3,Mobile,5,Married,5,1,18.0,1.0,2.0,2.0,142.57,0,0,1,0,0,1,0,0,0,0,0,1,0,0,1,0
52876,0,7.0,Phone,1,21.0,Credit Card,Female,4.0,4,Mobile,4,Divorced,3,0,14.0,1.0,2.0,7.0,152.56,0,0,1,0,1,0,0,0,0,0,0,1,0,1,0,0
52784,1,9.0,Computer,3,15.0,E Wallet,Male,2.0,3,Mobile,5,Married,2,0,19.0,1.0,1.0,0.0,117.9,1,1,0,0,0,0,1,0,0,0,0,1,0,0,1,0
52532,1,0.0,Computer,3,18.0,Upi,Male,2.0,3,Laptop & Accessory,1,Single,4,1,24.0,5.0,6.0,7.0,145.81,1,1,0,0,0,0,0,1,0,0,1,0,0,0,0,1
52239,0,2.0,Phone,1,7.0,Debit Card,Female,3.0,3,Mobile,1,Married,2,0,15.0,1.0,1.0,2.0,137.6,0,0,1,0,0,1,0,0,0,0,0,1,0,0,1,0
51478,1,0.0,Phone,3,26.0,Debit Card,Female,3.0,5,Laptop & Accessory,3,Married,4,1,11.0,0.0,2.0,2.0,145.59,0,0,1,0,0,1,0,0,0,0,1,0,0,0,1,0
54566,1,1.0,Phone,1,10.0,Credit Card,Male,4.0,4,Mobile,5,Married,7,0,14.0,2.0,2.0,3.0,165.31,1,0,1,0,1,0,0,0,0,0,0,1,0,0,1,0
52191,0,13.0,Computer,1,32.0,Credit Card,Female,3.0,4,Laptop & Accessory,1,Married,4,1,13.0,0.0,1.0,0.0,144.22,0,1,0,0,1,0,0,0,0,0,1,0,0,0,1,0
50216,0,10.0,Phone,1,11.0,Credit Card,Male,3.0,3,Laptop & Accessory,2,Married,8,0,16.0,0.0,1.0,4.0,163.47,1,0,1,0,1,0,0,0,0,0,1,0,0,0,1,0
53516,0,3.0,Phone,1,15.0,Credit Card,Male,4.0,5,Laptop & Accessory,2,Divorced,3,1,14.0,1.0,2.0,3.0,175.56,1,0,1,0,1,0,0,0,0,0,1,0,0,1,0,0
51853,0,2.0,Phone,3,9.0,Credit Card,Female,3.0,3,Laptop & Accessory,3,Married,2,0,14.0,0.0,1.0,2.0,155.61,0,0,1,0,1,0,0,0,0,0,1,0,0,0,1,0
55177,1,1.0,Phone,1,15.0,Debit Card,Female,3.0,5,Mobile,4,Single,3,0,13.0,1.0,2.0,1.0,137.61,0,0,1,0,0,1,0,0,0,0,0,1,0,0,0,1
50942,0,6.0,Phone,1,10.0,Credit Card,Female,2.0,4,Mobile,4,Divorced,9,0,11.0,0.0,1.0,2.0,138.38,0,0,1,0,1,0,0,0,0,0,0,1,0,1,0,0
53012,0,5.0,Phone,3,14.0,E Wallet,Male,4.0,4,Laptop & Accessory,2,Married,6,0,13.0,1.0,2.0,8.0,200.47,1,0,1,0,0,0,1,0,0,0,1,0,0,0,1,0
52869,0,20.0,Phone,3,7.0,E Wallet,Female,4.0,4,Fashion,5,Married,3,0,26.0,5.0,16.0,3.0,229.53,0,0,1,0,0,0,1,0,1,0,0,0,0,0,1,0
50887,0,9.0,Phone,3,9.0,E Wallet,Female,2.0,3,Laptop & Accessory,4,Single,4,1,16.0,0.0,1.0,1.0,192.78,0,0,1,0,0,0,1,0,0,0,1,0,0,0,0,1
51838,0,21.0,Phone,1,6.0,Debit Card,Female,2.0,4,Grocery,5,Married,8,0,11.0,0.0,2.0,2.0,254.01999999999998,0,0,1,0,0,1,0,0,0,1,0,0,0,0,1,0
53951,0,6.0,Computer,1,12.0,Cash On Delivery,Male,4.0,4,Mobile,4,Single,4,0,15.0,2.0,2.0,8.0,152.18,1,1,0,1,0,0,0,0,0,0,0,1,0,0,0,1
51268,0,8.0,Phone,3,13.0,Debit Card,Female,2.0,3,Laptop & Accessory,1,Married,2,1,11.0,1.0,1.0,9.0,152.04,0,0,1,0,0,1,0,0,0,0,1,0,0,0,1,0
51743,0,0.0,Phone,3,10.0,Debit Card,Female,3.0,4,Laptop & Accessory,1,Single,2,1,11.0,0.0,1.0,3.0,144.87,0,0,1,0,0,1,0,0,0,0,1,0,0,0,0,1
54157,0,13.0,Phone,1,13.0,Credit Card,Male,3.0,5,Fashion,5,Married,6,0,16.0,2.0,2.0,3.0,224.91,1,0,1,0,1,0,0,0,1,0,0,0,0,0,1,0
55262,0,6.0,Phone,1,12.0,Debit Card,Female,4.0,5,Laptop & Accessory,4,Married,5,0,13.0,2.0,3.0,6.0,183.78,0,0,1,0,0,1,0,0,0,0,1,0,0,0,1,0
52881,0,26.0,Phone,1,7.0,Debit Card,Male,4.0,5,Others,3,Divorced,2,0,15.0,2.0,12.0,10.0,324.99,1,0,1,0,0,1,0,0,0,0,0,0,1,1,0,0
52560,0,17.0,Phone,1,8.0,Debit Card,Female,3.0,1,Fashion,1,Married,2,1,19.0,1.0,6.0,7.0,178.79,0,0,1,0,0,1,0,0,1,0,0,0,0,0,1,0
54539,1,1.0,Computer,3,26.0,E Wallet,Male,4.0,2,Laptop & Accessory,1,Single,10,1,14.0,1.0,2.0,5.0,178.04,1,1,0,0,0,0,1,0,0,0,1,0,0,0,0,1
50422,0,2.0,Phone,3,14.0,Debit Card,Male,2.0,3,Mobile,3,Single,2,0,11.0,0.0,1.0,0.0,126.41999999999999,1,0,1,0,0,1,0,0,0,0,0,1,0,0,0,1
53465,0,29.0,Computer,1,9.0,Credit Card,Male,3.0,5,Grocery,5,Single,9,0,15.0,4.0,7.0,3.0,292.56,1,1,0,0,1,0,0,0,0,1,0,0,0,0,0,1
52897,0,1.0,Phone,1,12.0,Debit Card,Male,3.0,3,Mobile,4,Married,3,1,17.0,1.0,3.0,3.0,148.28,1,0,1,0,0,1,0,0,0,0,0,1,0,0,1,0
54792,0,18.0,Phone,1,15.0,Debit Card,Male,4.0,2,Mobile,1,Married,4,1,25.0,2.0,2.0,3.0,153.18,1,0,1,0,0,1,0,0,0,0,0,1,0,0,1,0
51002,0,23.0,Phone,3,5.0,E Wallet,Male,2.0,3,Others,3,Married,5,1,15.0,0.0,1.0,0.0,293.31,1,0,1,0,0,0,1,0,0,0,0,0,1,0,1,0
52701,0,9.0,Phone,3,23.0,E Wallet,Male,2.0,4,Laptop & Accessory,4,Married,3,0,16.0,1.0,1.0,3.0,155.07,1,0,1,0,0,0,1,0,0,0,1,0,0,0,1,0
50492,0,24.0,Phone,3,32.0,E Wallet,Female,3.0,3,Grocery,3,Divorced,3,0,14.0,1.0,4.0,17.0,263.07,0,0,1,0,0,0,1,0,0,1,0,0,0,1,0,0
51066,0,5.0,Phone,1,8.0,Credit Card,Male,2.0,3,Laptop & Accessory,4,Married,1,0,13.0,0.0,1.0,6.0,154.7,1,0,1,0,1,0,0,0,0,0,1,0,0,0,1,0
53053,0,1.0,Computer,3,16.0,Credit Card,Male,3.0,4,Mobile,2,Single,3,0,25.0,1.0,3.0,3.0,151.1,1,1,0,0,1,0,0,0,0,0,0,1,0,0,0,1
50792,0,19.0,Phone,3,10.0,E Wallet,Female,2.0,4,Others,4,Divorced,3,0,14.0,1.0,1.0,8.0,287.89,0,0,1,0,0,0,1,0,0,0,0,0,1,1,0,0
53538,0,8.0,Computer,1,7.0,Credit Card,Male,4.0,5,Laptop & Accessory,5,Single,2,0,21.0,2.0,5.0,10.0,178.43,1,1,0,0,1,0,0,0,0,0,1,0,0,0,0,1
54657,0,1.0,Phone,3,29.0,Cash On Delivery,Male,3.0,4,Mobile,3,Single,3,0,12.0,1.0,2.0,3.0,159.47,1,0,1,1,0,0,0,0,0,0,0,1,0,0,0,1
50700,0,15.0,Phone,1,35.0,Credit Card,Male,2.0,5,Laptop & Accessory,2,Single,5,0,19.0,1.0,1.0,0.0,142.72,1,0,1,0,1,0,0,0,0,0,1,0,0,0,0,1
54707,0,3.0,Phone,3,17.0,Debit Card,Male,4.0,4,Mobile,3,Single,3,0,12.0,2.0,2.0,1.0,151.42,1,0,1,0,0,1,0,0,0,0,0,1,0,0,0,1
50550,0,30.0,Phone,1,11.0,Cash On Delivery,Female,2.0,4,Fashion,4,Married,3,1,13.0,1.0,1.0,4.0,205.52,0,0,1,1,0,0,0,0,1,0,0,0,0,0,1,0
53886,0,23.0,Phone,1,7.0,Debit Card,Male,3.0,4,Grocery,3,Single,6,0,15.0,1.0,2.0,1.0,278.79,1,0,1,0,0,1,0,0,0,1,0,0,0,0,0,1
51251,1,0.0,Computer,1,14.0,Debit Card,Female,2.0,1,Mobile,3,Single,4,1,14.0,0.0,1.0,3.0,124.32,0,1,0,0,0,1,0,0,0,0,0,1,0,0,0,1
53067,0,25.0,Phone,3,21.0,Debit Card,Female,3.0,4,Laptop & Accessory,2,Divorced,6,0,12.0,1.0,2.0,8.0,174.36,0,0,1,0,0,1,0,0,0,0,1,0,0,1,0,0
52089,0,30.0,Phone,1,8.0,Debit Card,Female,3.0,4,Grocery,1,Single,4,1,13.0,4.0,2.0,3.0,237.26,0,0,1,0,0,1,0,0,0,1,0,0,0,0,0,1
55266,0,7.0,Phone,3,15.0,Debit Card,Male,3.0,4,Laptop & Accessory,5,Married,4,0,14.0,3.0,3.0,3.0,188.92,1,0,1,0,0,1,0,0,0,0,1,0,0,0,1,0
53497,0,26.0,Phone,1,14.0,Debit Card,Male,3.0,4,Fashion,4,Single,9,0,20.0,4.0,5.0,3.0,229.45,1,0,1,0,0,1,0,0,1,0,0,0,0,0,0,1
52561,0,8.0,Computer,1,8.0,Credit Card,Male,3.0,4,Mobile,1,Single,1,1,14.0,1.0,1.0,4.0,149.3,1,1,0,0,1,0,0,0,0,0,0,1,0,0,0,1
50779,0,2.0,Phone,1,13.0,Debit Card,Male,2.0,3,Laptop & Accessory,2,Married,2,1,11.0,0.0,1.0,0.0,166.23,1,0,1,0,0,1,0,0,0,0,1,0,0,0,1,0
53408,0,1.0,Phone,1,23.0,Cash On Delivery,Female,3.0,4,Mobile,4,Divorced,11,0,15.0,3.0,3.0,3.0,153.11,0,0,1,1,0,0,0,0,0,0,0,1,0,1,0,0
53267,0,3.0,Computer,3,6.0,E Wallet,Male,3.0,4,Laptop & Accessory,2,Divorced,2,0,20.0,1.0,2.0,2.0,168.42,1,1,0,0,0,0,1,0,0,0,1,0,0,1,0,0
53716,0,1.0,Phone,3,11.0,Credit Card,Female,3.0,4,Laptop & Accessory,3,Divorced,3,1,13.0,2.0,2.0,4.0,166.62,0,0,1,0,1,0,0,0,0,0,1,0,0,1,0,0
52777,0,5.0,Phone,3,7.0,E Wallet,Female,2.0,3,Fashion,1,Married,2,0,19.0,0.0,5.0,7.0,204.22,0,0,1,0,0,0,1,0,1,0,0,0,0,0,1,0
53390,0,26.0,Phone,1,7.0,Debit Card,Male,4.0,4,Grocery,2,Divorced,4,0,15.0,8.0,8.0,9.0,295.99,1,0,1,0,0,1,0,0,0,1,0,0,0,1,0,0
51872,0,12.0,Phone,1,8.0,Cash On Delivery,Female,3.0,4,Laptop & Accessory,3,Single,2,0,11.0,1.0,11.0,10.0,145.53,0,0,1,1,0,0,0,0,0,0,1,0,0,0,0,1
53700,0,31.0,Phone,1,7.0,Credit Card,Female,4.0,4,Others,5,Divorced,5,1,15.0,2.0,2.0,6.0,322.01,0,0,1,0,1,0,0,0,0,0,0,0,1,1,0,0
53524,0,1.0,Phone,1,13.0,Debit Card,Male,3.0,5,Mobile,3,Divorced,3,0,14.0,3.0,3.0,3.0,150.39,1,0,1,0,0,1,0,0,0,0,0,1,0,1,0,0
51762,0,9.0,Computer,1,8.0,Debit Card,Male,2.0,3,Mobile,1,Married,2,1,23.0,1.0,1.0,0.0,117.02000000000001,1,1,0,0,0,1,0,0,0,0,0,1,0,0,1,0
54951,0,7.0,Phone,1,12.0,Debit Card,Male,3.0,5,Fashion,1,Married,6,0,16.0,2.0,2.0,3.0,196.19,1,0,1,0,0,1,0,0,1,0,0,0,0,0,1,0
54775,1,1.0,Computer,1,12.0,Credit Card,Female,3.0,5,Mobile,3,Married,3,1,15.0,1.0,2.0,8.0,148.66,0,1,0,0,1,0,0,0,0,0,0,1,0,0,1,0
53525,0,8.0,Phone,3,16.0,Debit Card,Female,4.0,4,Laptop & Accessory,3,Divorced,3,0,21.0,2.0,2.0,4.0,182.14,0,0,1,0,0,1,0,0,0,0,1,0,0,1,0,0
54142,0,12.0,Phone,3,17.0,Debit Card,Female,4.0,4,Laptop & Accessory,1,Married,3,0,12.0,1.0,2.0,10.0,178.43,0,0,1,0,0,1,0,0,0,0,1,0,0,0,1,0
55331,0,1.0,Computer,1,9.0,Credit Card,Male,3.0,4,Mobile,1,Single,4,0,14.0,1.0,2.0,3.0,150.8,1,1,0,0,1,0,0,0,0,0,0,1,0,0,0,1
52416,0,1.0,Computer,3,13.0,Debit Card,Male,2.0,3,Laptop & Accessory,5,Single,1,0,14.0,1.0,1.0,3.0,148.98,1,1,0,0,0,1,0,0,0,0,1,0,0,0,0,1
54347,0,14.0,Phone,1,11.0,Credit Card,Female,3.0,4,Others,3,Married,3,0,15.0,2.0,10.0,10.0,315.33,0,0,1,0,1,0,0,0,0,0,0,0,1,0,1,0
53121,0,9.0,Phone,1,29.0,Debit Card,Male,3.0,6,Mobile,3,Single,2,0,16.0,3.0,5.0,4.0,167.3,1,0,1,0,0,1,0,0,0,0,0,1,0,0,0,1
52664,0,2.0,Computer,1,26.0,Credit Card,Male,2.0,3,Mobile,1,Married,2,0,13.0,1.0,3.0,10.0,138.12,1,1,0,0,1,0,0,0,0,0,0,1,0,0,1,0
52253,0,17.0,Phone,3,11.0,E Wallet,Male,2.0,3,Others,4,Married,8,0,11.0,1.0,3.0,10.0,282.13,1,0,1,0,0,0,1,0,0,0,0,0,1,0,1,0
51034,0,10.0,Phone,1,25.0,Debit Card,Male,2.0,3,Laptop & Accessory,3,Married,4,0,17.0,0.0,1.0,2.0,157.68,1,0,1,0,0,1,0,0,0,0,1,0,0,0,1,0
50539,1,0.0,Phone,1,24.0,Upi,Female,2.9315348837209303,3,Mobile,2,Single,2,0,19.0,1.0,1.0,0.0,126.93,0,0,1,0,0,0,0,1,0,0,0,1,0,0,0,1
51216,0,9.0,Phone,3,16.0,Cash On Delivery,Female,3.0,4,Laptop & Accessory,3,Married,2,1,13.0,1.0,1.0,7.0,156.73,0,0,1,1,0,0,0,0,0,0,1,0,0,0,1,0
52639,0,16.0,Computer,1,14.0,Debit Card,Male,2.0,3,Mobile,3,Single,5,0,13.0,1.0,1.0,2.0,124.38,1,1,0,0,0,1,0,0,0,0,0,1,0,0,0,1
50662,0,0.0,Computer,1,14.0,Debit Card,Male,2.0,5,Mobile,3,Divorced,2,0,19.0,1.0,1.0,2.0,146.21,1,1,0,0,0,1,0,0,0,0,0,1,0,1,0,0
50603,0,0.0,Computer,1,11.0,Debit Card,Male,3.0,3,Mobile,2,Single,2,0,15.0,1.0,1.0,0.0,110.50999999999999,1,1,0,0,0,1,0,0,0,0,0,1,0,0,0,1
53634,0,20.0,Phone,2,7.0,Debit Card,Female,3.0,4,Mobile,5,Single,8,0,13.0,4.0,6.0,8.0,159.23,0,0,1,0,0,1,0,0,0,0,0,1,0,0,0,1
54017,1,1.0,Phone,3,9.0,E Wallet,Male,3.0,5,Laptop & Accessory,4,Single,9,1,13.0,3.0,3.0,3.0,224.07,1,0,1,0,0,0,1,0,0,0,1,0,0,0,0,1
50885,0,30.0,Phone,1,6.0,Credit Card,Female,3.0,3,Others,5,Divorced,4,1,15.0,1.0,1.0,5.0,297.01,0,0,1,0,1,0,0,0,0,0,0,0,1,1,0,0
53493,0,7.0,Computer,3,14.0,Debit Card,Female,2.0,4,Laptop & Accessory,4,Divorced,2,0,18.0,2.0,2.0,3.0,168.02,0,1,0,0,0,1,0,0,0,0,1,0,0,1,0,0
53291,0,6.0,Phone,1,11.0,Debit Card,Female,4.0,5,Laptop & Accessory,3,Divorced,3,0,13.0,2.0,7.0,9.0,186.62,0,0,1,0,0,1,0,0,0,0,1,0,0,1,0,0
53924,0,4.0,Phone,1,23.0,Debit Card,Male,3.0,4,Mobile,1,Married,3,0,13.0,1.0,2.0,9.0,153.62,1,0,1,0,0,1,0,0,0,0,0,1,0,0,1,0
50499,0,3.0,Computer,1,11.0,Debit Card,Male,3.0,4,Mobile,2,Married,10,0,12.0,0.0,1.0,3.0,137.61,1,1,0,0,0,1,0,0,0,0,0,1,0,0,1,0
50256,0,0.0,Phone,3,16.0,E Wallet,Female,3.0,3,Laptop & Accessory,3,Married,2,1,12.0,0.0,1.0,3.0,142.6,0,0,1,0,0,0,1,0,0,0,1,0,0,0,1,0
53753,0,18.0,Computer,1,9.0,Credit Card,Male,3.0,4,Fashion,3,Single,7,1,19.0,1.0,3.0,3.0,227.09,1,1,0,0,1,0,0,0,1,0,0,0,0,0,0,1
54929,0,14.0,Phone,3,33.0,E Wallet,Male,4.0,4,Laptop & Accessory,5,Married,3,0,15.0,4.0,8.0,6.0,208.96,1,0,1,0,0,0,1,0,0,0,1,0,0,0,1,0
54272,1,1.0,Computer,1,14.0,Debit Card,Male,4.0,6,Laptop & Accessory,3,Single,3,1,25.0,2.0,2.0,7.0,185.74,1,1,0,0,0,1,0,0,0,0,1,0,0,0,0,1
55584,0,1.0,Phone,1,8.0,Debit Card,Male,4.0,4,Mobile,3,Single,2,0,13.0,2.0,2.0,3.0,158.75,1,0,1,0,0,1,0,0,0,0,0,1,0,0,0,1
51815,1,0.0,Computer,3,17.0,Upi,Male,2.0,1,Laptop & Accessory,3,Married,9,0,12.0,1.0,1.0,2.0,147.07,1,1,0,0,0,0,0,1,0,0,1,0,0,0,1,0
54128,0,13.0,Computer,1,16.0,Debit Card,Male,3.0,4,Others,1,Single,4,0,15.0,1.0,2.0,4.0,319.31,1,1,0,0,0,1,0,0,0,0,0,0,1,0,0,1
53703,1,1.0,Computer,3,7.0,Debit Card,Female,3.0,6,Mobile,3,Single,3,0,13.0,2.0,2.0,1.0,138.59,0,1,0,0,0,1,0,0,0,0,0,1,0,0,0,1
50894,0,9.0,Phone,1,10.0,Debit Card,Male,2.0,4,Laptop & Accessory,2,Single,2,0,16.0,1.0,1.0,8.0,158.1,1,0,1,0,0,1,0,0,0,0,1,0,0,0,0,1
54205,0,4.0,Computer,1,7.0,Credit Card,Female,3.0,4,Laptop & Accessory,1,Single,3,0,24.0,2.0,4.0,8.0,165.11,0,1,0,0,1,0,0,0,0,0,1,0,0,0,0,1
55510,0,1.0,Phone,1,8.0,Debit Card,Female,3.0,5,Mobile,3,Married,3,1,14.0,1.0,2.0,1.0,154.33,0,0,1,0,0,1,0,0,0,0,0,1,0,0,1,0
53673,0,12.0,Computer,1,14.0,Debit Card,Male,3.0,2,Mobile,3,Married,3,0,12.0,1.0,2.0,4.0,151.1,1,1,0,0,0,1,0,0,0,0,0,1,0,0,1,0
53902,0,11.0,Computer,3,7.0,Credit Card,Male,3.0,6,Laptop & Accessory,1,Married,3,0,15.0,1.0,2.0,3.0,220.25,1,1,0,0,1,0,0,0,0,0,1,0,0,0,1,0
55497,0,29.0,Phone,1,9.0,Cash On Delivery,Male,4.0,5,Mobile,1,Married,10,0,21.0,2.0,2.0,5.0,151.62,1,0,1,1,0,0,0,0,0,0,0,1,0,0,1,0
50932,1,0.0,Computer,3,6.0,Cash On Delivery,Male,2.9315348837209303,3,Mobile,3,Divorced,4,0,15.0,1.0,1.0,2.0,129.09,1,1,0,1,0,0,0,0,0,0,0,1,0,1,0,0
54310,0,1.0,Phone,1,10.0,Credit Card,Female,4.0,4,Mobile,4,Single,3,0,15.0,2.0,2.0,1.0,139.83,0,0,1,0,1,0,0,0,0,0,0,1,0,0,0,1
53449,0,31.0,Phone,3,7.0,Cash On Delivery,Male,4.0,4,Fashion,2,Divorced,5,1,15.0,1.0,2.0,5.0,244.04000000000002,1,0,1,1,0,0,0,0,1,0,0,0,0,1,0,0
51039,0,10.0,Phone,1,16.0,Credit Card,Female,3.0,3,Mobile,4,Married,2,0,11.0,1.0,7.0,7.0,139.36,0,0,1,0,1,0,0,0,0,0,0,1,0,0,1,0
50430,0,0.0,Phone,1,13.0,Credit Card,Female,2.0,4,Laptop & Accessory,5,Single,9,0,19.0,1.0,1.0,7.0,168.11,0,0,1,0,1,0,0,0,0,0,1,0,0,0,0,1
52174,1,9.0,Computer,1,14.0,Credit Card,Male,3.0,3,Mobile,3,Single,2,0,12.0,1.0,1.0,0.0,119.03999999999999,1,1,0,0,1,0,0,0,0,0,0,1,0,0,0,1
51428,0,28.0,Phone,3,6.0,Debit Card,Male,3.0,3,Fashion,1,Married,4,0,14.0,0.0,1.0,0.0,202.39,1,0,1,0,0,1,0,0,1,0,0,0,0,0,1,0
50130,0,2.0,Phone,3,26.0,E Wallet,Male,2.0,3,Laptop & Accessory,2,Married,3,0,14.0,1.0,1.0,2.0,169.31,1,0,1,0,0,0,1,0,0,0,1,0,0,0,1,0
52653,0,1.0,Phone,1,7.0,Credit Card,Female,3.0,3,Mobile,5,Married,2,0,25.0,1.0,1.0,2.0,135.91,0,0,1,0,1,0,0,0,0,0,0,1,0,0,1,0
55403,0,14.0,Phone,3,14.0,Credit Card,Male,3.0,4,Others,4,Single,3,0,15.0,13.0,13.0,9.0,323.33,1,0,1,0,1,0,0,0,0,0,0,0,1,0,0,1
52935,0,19.0,Phone,1,7.0,Upi,Male,4.0,3,Others,2,Divorced,2,0,15.0,2.0,2.0,8.0,317.02,1,0,1,0,0,0,0,1,0,0,0,0,1,1,0,0
50122,0,6.0,Phone,1,11.0,Debit Card,Female,2.9315348837209303,4,Mobile,2,Divorced,2,0,13.0,0.0,1.0,2.0,129.11,0,0,1,0,0,1,0,0,0,0,0,1,0,1,0,0
51080,1,11.0,Computer,3,14.0,Credit Card,Female,3.0,3,Mobile,3,Married,3,1,11.0,4.0,7.0,7.0,126.55000000000001,0,1,0,0,1,0,0,0,0,0,0,1,0,0,1,0
54722,0,26.0,Phone,3,10.0,E Wallet,Male,3.0,5,Grocery,5,Married,3,0,15.0,2.0,2.0,17.0,293.56,1,0,1,0,0,0,1,0,0,1,0,0,0,0,1,0
50901,0,0.0,Phone,3,10.0,Credit Card,Female,2.0,3,Laptop & Accessory,3,Divorced,2,1,12.0,1.0,1.0,3.0,141.62,0,0,1,0,1,0,0,0,0,0,1,0,0,1,0,0
51430,0,7.0,Phone,1,6.0,Credit Card,Male,3.0,3,Laptop & Accessory,4,Married,2,0,15.0,1.0,1.0,3.0,143.25,1,0,1,0,1,0,0,0,0,0,1,0,0,0,1,0
54508,0,21.0,Computer,3,11.0,Credit Card,Male,4.0,4,Laptop & Accessory,3,Single,5,0,20.0,1.0,2.0,1.0,154.76,1,1,0,0,1,0,0,0,0,0,1,0,0,0,0,1
51065,0,6.0,Phone,3,8.0,Credit Card,Male,3.0,3,Laptop & Accessory,1,Married,2,0,14.0,1.0,1.0,4.0,155.05,1,0,1,0,1,0,0,0,0,0,1,0,0,0,1,0
51186,0,30.0,Computer,1,21.0,Debit Card,Male,2.0,3,Grocery,3,Married,3,1,14.0,1.0,2.0,2.0,257.87,1,1,0,0,0,1,0,0,0,1,0,0,0,0,1,0
55048,0,16.0,Computer,1,33.0,Credit Card,Female,3.0,4,Fashion,5,Married,5,1,18.0,1.0,2.0,1.0,256.91,0,1,0,0,1,0,0,0,1,0,0,0,0,0,1,0
50024,1,0.0,Phone,3,26.0,Debit Card,Female,3.0,5,Laptop & Accessory,3,Divorced,4,1,11.0,1.0,2.0,2.0,145.59,0,0,1,0,0,1,0,0,0,0,1,0,0,1,0,0
55078,0,8.0,Phone,3,9.0,E Wallet,Female,3.0,4,Laptop & Accessory,5,Single,2,1,13.0,2.0,2.0,3.0,170.38,0,0,1,0,0,0,1,0,0,0,1,0,0,0,0,1
54584,0,4.0,Computer,3,29.0,Upi,Female,4.0,4,Fashion,5,Married,2,0,12.0,4.0,8.0,9.0,209.12,0,1,0,0,0,0,0,1,1,0,0,0,0,0,1,0
51909,0,0.0,Phone,3,32.0,Credit Card,Female,2.0,3,Laptop & Accessory,1,Single,2,0,23.0,0.0,1.0,4.0,161.8,0,0,1,0,1,0,0,0,0,0,1,0,0,0,0,1
51770,0,30.0,Phone,3,35.0,E Wallet,Male,2.0,4,Grocery,1,Married,4,0,12.0,1.0,2.0,0.0,241.18,1,0,1,0,0,0,1,0,0,1,0,0,0,0,1,0
51698,0,21.0,Phone,3,35.0,Credit Card,Female,3.0,3,Fashion,3,Married,4,0,21.0,0.0,1.0,3.0,225.04000000000002,0,0,1,0,1,0,0,0,1,0,0,0,0,0,1,0
54961,1,1.0,Computer,1,7.0,Credit Card,Male,3.0,5,Mobile,4,Married,3,0,16.0,2.0,2.0,1.0,150.96,1,1,0,0,1,0,0,0,0,0,0,1,0,0,1,0
51682,1,9.0,Phone,1,14.0,Upi,Male,3.0,5,Mobile,5,Married,2,1,11.0,0.0,1.0,7.0,121.19,1,0,1,0,0,0,0,1,0,0,0,1,0,0,1,0
51032,0,13.0,Phone,1,21.0,Debit Card,Female,3.0,4,Fashion,3,Married,2,0,13.0,1.0,14.0,12.0,204.35,0,0,1,0,0,1,0,0,1,0,0,0,0,0,1,0
51996,0,16.0,Computer,1,6.0,Debit Card,Female,2.0,3,Laptop & Accessory,1,Married,5,0,13.0,1.0,2.0,2.0,155.62,0,1,0,0,0,1,0,0,0,0,1,0,0,0,1,0
55237,0,28.0,Computer,1,18.0,Credit Card,Female,3.0,4,Grocery,1,Married,5,0,21.0,1.0,2.0,13.0,285.32,0,1,0,0,1,0,0,0,0,1,0,0,0,0,1,0
55360,0,10.0,Phone,1,33.0,Debit Card,Male,4.0,4,Laptop & Accessory,3,Married,8,0,15.0,2.0,2.0,3.0,178.47,1,0,1,0,0,1,0,0,0,0,1,0,0,0,1,0
50175,0,24.0,Phone,1,8.0,Credit Card,Male,2.0,5,Laptop & Accessory,4,Married,6,0,18.0,0.0,1.0,2.0,154.82,1,0,1,0,1,0,0,0,0,0,1,0,0,0,1,0
54884,0,20.0,Phone,1,14.0,Credit Card,Male,4.0,4,Fashion,3,Married,8,0,14.0,2.0,2.0,8.0,233.45,1,0,1,0,1,0,0,0,1,0,0,0,0,0,1,0
50751,0,17.0,Phone,1,35.0,Upi,Male,2.0,3,Laptop & Accessory,2,Single,2,0,25.0,1.0,1.0,17.0,145.41,1,0,1,0,0,0,0,1,0,0,1,0,0,0,0,1
54469,0,31.0,Computer,1,7.0,Debit Card,Male,3.0,6,Laptop & Accessory,3,Married,4,1,14.0,2.0,2.0,3.0,181.6,1,1,0,0,0,1,0,0,0,0,1,0,0,0,1,0
51001,0,2.0,Computer,1,8.0,Debit Card,Male,2.0,3,Laptop & Accessory,1,Married,2,0,19.0,0.0,1.0,3.0,188.53,1,1,0,0,0,1,0,0,0,0,1,0,0,0,1,0
51555,0,19.0,Phone,1,6.0,Credit Card,Male,3.0,3,Fashion,5,Married,8,0,16.0,0.0,1.0,3.0,193.96,1,0,1,0,1,0,0,0,1,0,0,0,0,0,1,0
52261,1,0.0,Computer,1,14.0,Debit Card,Female,2.0,4,Mobile,3,Single,2,0,20.0,1.0,2.0,2.0,126.25,0,1,0,0,0,1,0,0,0,0,0,1,0,0,0,1
53262,0,1.0,Computer,1,7.0,Debit Card,Female,4.0,6,Mobile,2,Married,5,0,15.0,3.0,3.0,1.0,168.64,0,1,0,0,0,1,0,0,0,0,0,1,0,0,1,0
55379,0,15.0,Phone,3,13.0,E Wallet,Male,3.0,4,Fashion,3,Single,3,0,13.0,4.0,9.0,3.0,217.41,1,0,1,0,0,0,1,0,1,0,0,0,0,0,0,1
52939,0,11.0,Phone,1,7.0,Credit Card,Female,3.0,5,Mobile,5,Divorced,4,0,15.0,2.0,2.0,3.0,164.2,0,0,1,0,1,0,0,0,0,0,0,1,0,1,0,0
53010,0,6.0,Phone,3,15.0,Cash On Delivery,Female,4.0,5,Laptop & Accessory,4,Divorced,3,1,12.0,7.0,12.0,10.0,177.28,0,0,1,1,0,0,0,0,0,0,1,0,0,1,0,0
50814,0,30.0,Phone,1,14.0,Debit Card,Male,2.0,3,Mobile,3,Married,2,0,12.0,2.0,2.0,2.0,123.72,1,0,1,0,0,1,0,0,0,0,0,1,0,0,1,0
52972,0,16.0,Phone,3,7.0,Debit Card,Male,3.0,4,Laptop & Accessory,3,Divorced,3,0,26.0,5.0,12.0,7.0,174.07,1,0,1,0,0,1,0,0,0,0,1,0,0,1,0,0
51935,1,0.0,Phone,1,14.0,Debit Card,Female,2.0,4,Mobile,5,Married,2,1,11.0,0.0,1.0,0.0,123.19,0,0,1,0,0,1,0,0,0,0,0,1,0,0,1,0
53643,1,1.0,Computer,3,7.0,Debit Card,Female,3.0,4,Mobile,4,Single,3,1,12.0,2.0,3.0,3.0,148.02,0,1,0,0,0,1,0,0,0,0,0,1,0,0,0,1
53633,0,10.0,Phone,1,17.0,Cash On Delivery,Female,4.0,4,Fashion,3,Divorced,5,0,13.0,1.0,2.0,8.0,195.94,0,0,1,1,0,0,0,0,1,0,0,0,0,1,0,0
51780,0,4.0,Phone,1,15.0,Debit Card,Male,2.0,3,Fashion,4,Married,2,0,25.0,0.0,1.0,8.0,206.48000000000002,1,0,1,0,0,1,0,0,1,0,0,0,0,0,1,0
54921,0,27.0,Computer,3,9.0,E Wallet,Female,3.0,5,Fashion,4,Married,4,0,13.0,6.0,7.0,13.0,200.25,0,1,0,0,0,0,1,0,1,0,0,0,0,0,1,0
50269,0,7.0,Computer,3,10.0,E Wallet,Female,3.0,3,Laptop & Accessory,3,Divorced,10,0,15.0,1.0,1.0,2.0,165.38,0,1,0,0,0,0,1,0,0,0,1,0,0,1,0,0
52292,1,3.0,Phone,3,31.0,E Wallet,Male,2.0,4,Fashion,4,Single,3,1,12.0,1.0,1.0,0.0,190.94,1,0,1,0,0,0,1,0,1,0,0,0,0,0,0,1
53344,0,24.0,Computer,1,9.0,Debit Card,Male,4.0,4,Grocery,5,Married,3,0,15.0,14.0,15.0,8.0,304.24,1,1,0,0,0,1,0,0,0,1,0,0,0,0,1,0
54009,0,3.0,Computer,1,27.0,Credit Card,Male,3.0,4,Mobile,1,Married,3,0,14.0,2.0,4.0,11.0,163.12,1,1,0,0,1,0,0,0,0,0,0,1,0,0,1,0
50812,0,18.0,Computer,1,31.0,Credit Card,Female,2.0,3,Others,4,Single,4,0,22.0,1.0,1.0,0.0,280.61,0,1,0,0,1,0,0,0,0,0,0,0,1,0,0,1
55027,0,14.0,Computer,3,9.0,Credit Card,Male,4.0,4,Laptop & Accessory,4,Married,7,0,13.0,2.0,2.0,1.0,168.27,1,1,0,0,1,0,0,0,0,0,1,0,0,0,1,0
51266,1,0.0,Phone,1,14.0,Cash On Delivery,Male,2.0,4,Mobile,1,Married,6,0,12.0,0.0,1.0,3.0,123.66999999999999,1,0,1,1,0,0,0,0,0,0,0,1,0,0,1,0
53434,0,31.0,Phone,1,9.0,Debit Card,Female,4.0,5,Grocery,2,Single,5,1,14.0,1.0,5.0,4.0,262.26,0,0,1,0,0,1,0,0,0,1,0,0,0,0,0,1
54426,0,3.0,Phone,3,9.0,Credit Card,Male,4.0,5,Laptop & Accessory,4,Married,4,0,20.0,2.0,2.0,1.0,191.44,1,0,1,0,1,0,0,0,0,0,1,0,0,0,1,0
53040,0,3.0,Computer,3,9.0,Debit Card,Male,4.0,4,Laptop & Accessory,3,Divorced,3,0,15.0,2.0,2.0,3.0,171.49,1,1,0,0,0,1,0,0,0,0,1,0,0,1,0,0
55479,0,3.0,Computer,1,27.0,Credit Card,Male,3.0,4,Mobile,1,Married,3,0,14.0,2.0,4.0,11.0,163.12,1,1,0,0,1,0,0,0,0,0,0,1,0,0,1,0
53184,0,18.0,Phone,2,7.0,Debit Card,Female,3.0,5,Laptop & Accessory,3,Single,6,0,12.0,2.0,2.0,3.0,184.85,0,0,1,0,0,1,0,0,0,0,1,0,0,0,0,1
54983,0,8.0,Computer,1,9.0,Debit Card,Male,4.0,4,Laptop & Accessory,3,Single,4,0,12.0,2.0,2.0,3.0,165.33,1,1,0,0,0,1,0,0,0,0,1,0,0,0,0,1
54404,0,14.0,Phone,1,31.0,Cash On Delivery,Male,4.0,4,Laptop & Accessory,1,Married,3,0,18.0,3.0,5.0,8.0,158.19,1,0,1,1,0,0,0,0,0,0,1,0,0,0,1,0
54576,1,1.0,Computer,3,13.0,E Wallet,Female,3.0,6,Mobile,3,Married,2,0,17.0,1.0,2.0,1.0,148.51,0,1,0,0,0,0,1,0,0,0,0,1,0,0,1,0
50797,0,9.0,Computer,1,6.0,Credit Card,Male,2.0,3,Mobile,3,Single,1,1,11.0,0.0,1.0,2.0,121.53999999999999,1,1,0,0,1,0,0,0,0,0,0,1,0,0,0,1
50952,0,27.0,Computer,1,17.0,Credit Card,Female,2.0,3,Grocery,1,Married,4,0,20.0,1.0,2.0,12.0,260.32,0,1,0,0,1,0,0,0,0,1,0,0,0,0,1,0
54036,0,9.0,Phone,1,23.0,Upi,Female,3.0,5,Laptop & Accessory,4,Married,2,1,12.0,2.0,2.0,3.0,172.88,0,0,1,0,0,0,0,1,0,0,1,0,0,0,1,0
52494,0,12.0,Phone,1,16.0,Credit Card,Male,3.0,3,Laptop & Accessory,5,Married,3,0,13.0,3.0,7.0,7.0,153.77,1,0,1,0,1,0,0,0,0,0,1,0,0,0,1,0
50305,0,19.0,Phone,1,8.0,Debit Card,Male,2.0,3,Grocery,3,Divorced,7,0,13.0,1.0,1.0,1.0,278.61,1,0,1,0,0,1,0,0,0,1,0,0,0,1,0,0
50372,0,0.0,Phone,3,28.0,Cash On Delivery,Male,2.0,3,Mobile,3,Single,2,0,11.0,1.0,1.0,2.0,134.47,1,0,1,1,0,0,0,0,0,0,0,1,0,0,0,1
51146,0,7.0,Phone,3,9.0,Debit Card,Female,2.0,5,Laptop & Accessory,1,Single,6,0,12.0,1.0,2.0,2.0,160.29,0,0,1,0,0,1,0,0,0,0,1,0,0,0,0,1
50956,0,19.0,Phone,3,9.0,Debit Card,Female,2.0,3,Grocery,4,Divorced,9,0,12.0,1.0,5.0,1.0,266.06,0,0,1,0,0,1,0,0,0,1,0,0,0,1,0,0
53345,0,13.0,Phone,2,9.0,Debit Card,Female,3.0,5,Laptop & Accessory,2,Divorced,10,0,12.0,1.0,2.0,5.0,177.04,0,0,1,0,0,1,0,0,0,0,1,0,0,1,0,0
52476,0,8.0,Phone,1,34.0,Debit Card,Male,2.0,1,Laptop & Accessory,3,Married,2,0,17.0,6.0,6.0,8.0,134.07,1,0,1,0,0,1,0,0,0,0,1,0,0,0,1,0
53804,0,6.0,Computer,1,7.0,Cash On Delivery,Male,4.0,4,Laptop & Accessory,5,Married,6,0,15.0,2.0,2.0,3.0,165.87,1,1,0,1,0,0,0,0,0,0,1,0,0,0,1,0
50518,0,11.0,Phone,3,15.0,E Wallet,Male,2.9315348837209303,4,Mobile,4,Divorced,1,0,19.0,0.0,1.0,2.0,128.99,1,0,1,0,0,0,1,0,0,0,0,1,0,1,0,0
51814,0,25.0,Phone,1,12.0,Cash On Delivery,Male,3.0,3,Laptop & Accessory,5,Married,4,1,12.0,2.0,6.0,9.0,155.77,1,0,1,1,0,0,0,0,0,0,1,0,0,0,1,0
52688,0,7.0,Phone,3,10.0,Debit Card,Male,3.0,3,Fashion,1,Married,3,1,13.0,0.0,1.0,0.0,197.13,1,0,1,0,0,1,0,0,1,0,0,0,0,0,1,0
50206,0,16.0,Computer,1,16.0,Debit Card,Female,2.0,4,Laptop & Accessory,3,Married,2,0,11.0,0.0,1.0,0.0,152.57,0,1,0,0,0,1,0,0,0,0,1,0,0,0,1,0
53863,0,3.0,Phone,3,17.0,Credit Card,Male,3.0,5,Laptop & Accessory,3,Single,11,0,12.0,2.0,2.0,5.0,183.69,1,0,1,0,1,0,0,0,0,0,1,0,0,0,0,1
51916,0,25.0,Computer,1,25.0,Credit Card,Male,2.0,3,Mobile,1,Married,1,0,18.0,1.0,1.0,2.0,142.58,1,1,0,0,1,0,0,0,0,0,0,1,0,0,1,0
50888,1,9.0,Computer,3,6.0,Debit Card,Female,2.0,5,Mobile,3,Single,2,0,12.0,1.0,1.0,0.0,113.59,0,1,0,0,0,1,0,0,0,0,0,1,0,0,0,1
53044,0,11.0,Phone,1,13.0,Credit Card,Male,3.0,3,Laptop & Accessory,5,Married,6,1,14.0,3.0,7.0,8.0,184.74,1,0,1,0,1,0,0,0,0,0,1,0,0,0,1,0
53122,0,28.0,Phone,1,15.0,Debit Card,Female,3.0,4,Laptop & Accessory,3,Single,9,0,12.0,2.0,2.0,1.0,162.8,0,0,1,0,0,1,0,0,0,0,1,0,0,0,0,1
52148,0,6.0,Computer,3,13.0,Debit Card,Female,1.0,3,Laptop & Accessory,4,Married,1,0,17.0,0.0,1.0,2.0,143.02,0,1,0,0,0,1,0,0,0,0,1,0,0,0,1,0
53020,0,21.0,Phone,1,12.0,Debit Card,Male,3.0,4,Others,3,Divorced,6,0,15.0,1.0,2.0,2.0,308.0,1,0,1,0,0,1,0,0,0,0,0,0,1,1,0,0
54692,0,6.0,Phone,1,10.0,Debit Card,Female,3.0,4,Fashion,1,Single,5,0,16.0,7.0,2.0,8.0,236.58999999999997,0,0,1,0,0,1,0,0,1,0,0,0,0,0,0,1
51013,0,0.0,Computer,1,32.0,Upi,Female,2.9315348837209303,4,Mobile,3,Married,2,1,14.0,0.0,1.0,3.0,128.14,0,1,0,0,0,0,0,1,0,0,0,1,0,0,1,0
54396,0,17.0,Phone,3,23.0,E Wallet,Female,4.0,4,Grocery,1,Married,7,1,23.0,1.0,2.0,10.0,285.64,0,0,1,0,0,0,1,0,0,1,0,0,0,0,1,0
55260,0,19.0,Phone,1,8.0,Cash On Delivery,Male,4.0,4,Fashion,4,Married,3,0,13.0,4.0,8.0,8.0,199.41,1,0,1,1,0,0,0,0,1,0,0,0,0,0,1,0
50115,1,0.0,Phone,1,6.0,Debit Card,Male,3.0,4,Mobile,3,Single,1,1,14.0,1.0,1.0,2.0,137.3,1,0,1,0,0,1,0,0,0,0,0,1,0,0,0,1
53233,0,12.0,Phone,1,7.0,Debit Card,Female,3.0,4,Fashion,3,Single,6,1,15.0,1.0,2.0,1.0,203.61,0,0,1,0,0,1,0,0,1,0,0,0,0,0,0,1
50740,1,9.0,Computer,1,11.0,Debit Card,Male,3.0,4,Mobile,5,Married,7,0,17.0,1.0,1.0,0.0,121.07,1,1,0,0,0,1,0,0,0,0,0,1,0,0,1,0
52997,0,6.0,Phone,3,14.0,Debit Card,Male,4.0,5,Laptop & Accessory,3,Divorced,3,0,15.0,2.0,5.0,9.0,179.84,1,0,1,0,0,1,0,0,0,0,1,0,0,1,0,0
53256,0,1.0,Phone,1,17.0,Credit Card,Male,4.0,3,Mobile,3,Single,3,0,19.0,2.0,2.0,3.0,160.05,1,0,1,0,1,0,0,0,0,0,0,1,0,0,0,1
55017,0,1.0,Phone,1,6.0,Debit Card,Male,3.0,5,Mobile,3,Single,3,0,13.0,1.0,2.0,3.0,155.33,1,0,1,0,0,1,0,0,0,0,0,1,0,0,0,1
51154,0,9.0,Phone,1,16.0,Debit Card,Male,2.0,3,Fashion,5,Married,8,1,13.0,1.0,5.0,7.0,183.21,1,0,1,0,0,1,0,0,1,0,0,0,0,0,1,0
55226,0,29.0,Phone,1,11.0,Debit Card,Male,2.0,4,Laptop & Accessory,3,Married,2,1,17.0,2.0,2.0,3.0,165.35,1,0,1,0,0,1,0,0,0,0,1,0,0,0,1,0
53837,0,8.0,Computer,1,17.0,Debit Card,Male,3.0,2,Laptop & Accessory,1,Married,3,0,14.0,6.0,8.0,3.0,172.24,1,1,0,0,0,1,0,0,0,0,1,0,0,0,1,0
50944,1,0.0,Computer,1,14.0,Credit Card,Male,2.0,4,Mobile,5,Single,8,0,11.0,0.0,1.0,0.0,125.61000000000001,1,1,0,0,1,0,0,0,0,0,0,1,0,0,0,1
52775,0,12.0,Phone,1,30.0,Debit Card,Male,2.0,3,Laptop & Accessory,1,Single,8,0,13.0,0.0,1.0,7.0,141.08,1,0,1,0,0,1,0,0,0,0,1,0,0,0,0,1
54498,0,3.0,Phone,1,16.0,Upi,Male,2.0,5,Mobile,1,Single,2,0,18.0,2.0,3.0,3.0,164.83,1,0,1,0,0,0,0,1,0,0,0,1,0,0,0,1
53948,1,1.0,Phone,3,23.0,E Wallet,Male,4.0,4,Fashion,3,Married,4,0,14.0,2.0,2.0,1.0,206.61,1,0,1,0,0,0,1,0,1,0,0,0,0,0,1,0
52106,0,26.0,Computer,3,8.0,E Wallet,Female,2.0,4,Fashion,4,Married,3,0,12.0,5.0,6.0,12.0,175.25,0,1,0,0,0,0,1,0,1,0,0,0,0,0,1,0
51348,1,9.0,Phone,1,8.0,Upi,Male,3.0,4,Mobile,3,Single,7,1,15.0,0.0,1.0,0.0,120.9,1,0,1,0,0,0,0,1,0,0,0,1,0,0,0,1
52233,0,15.0,Computer,1,32.0,Credit Card,Female,2.0,3,Fashion,5,Married,4,1,17.0,0.0,2.0,0.0,231.91000000000003,0,1,0,0,1,0,0,0,1,0,0,0,0,0,1,0
54111,0,15.0,Phone,1,7.0,Debit Card,Male,4.0,4,Mobile,1,Married,5,0,23.0,1.0,2.0,1.0,152.82,1,0,1,0,0,1,0,0,0,0,0,1,0,0,1,0
54349,0,8.0,Computer,1,9.0,Debit Card,Male,3.0,5,Laptop & Accessory,3,Married,3,0,18.0,1.0,2.0,3.0,220.47,1,1,0,0,0,1,0,0,0,0,1,0,0,0,1,0
52998,0,12.0,Phone,1,32.0,Debit Card,Female,3.0,5,Fashion,4,Divorced,5,0,18.0,2.0,2.0,2.0,245.61,0,0,1,0,0,1,0,0,1,0,0,0,0,1,0,0
54965,0,22.0,Computer,1,7.0,Credit Card,Male,3.0,2,Grocery,1,Single,4,0,15.0,1.0,3.0,2.0,293.85,1,1,0,0,1,0,0,0,0,1,0,0,0,0,0,1
51083,0,28.0,Phone,1,28.0,Cash On Delivery,Male,3.0,4,Mobile,4,Married,6,0,12.0,1.0,1.0,2.0,135.37,1,0,1,1,0,0,0,0,0,0,0,1,0,0,1,0
51645,0,24.0,Phone,1,8.0,Credit Card,Male,2.0,5,Laptop & Accessory,4,Married,6,0,18.0,0.0,1.0,2.0,154.82,1,0,1,0,1,0,0,0,0,0,1,0,0,0,1,0
51439,0,19.0,Computer,1,6.0,Credit Card,Male,2.0,4,Fashion,5,Married,3,1,13.0,4.0,9.0,5.0,206.73000000000002,1,1,0,0,1,0,0,0,1,0,0,0,0,0,1,0
55529,0,8.0,Computer,1,29.0,Upi,Male,3.0,5,Laptop & Accessory,1,Married,3,1,16.0,4.0,7.0,12.0,182.47,1,1,0,0,0,0,0,1,0,0,1,0,0,0,1,0
52677,0,21.0,Phone,1,16.0,Debit Card,Male,3.0,4,Others,4,Married,5,0,15.0,3.0,12.0,9.0,296.65,1,0,1,0,0,1,0,0,0,0,0,0,1,0,1,0
52418,0,2.0,Computer,1,8.0,Debit Card,Female,3.0,3,Mobile,4,Married,1,0,13.0,1.0,1.0,2.0,131.8,0,1,0,0,0,1,0,0,0,0,0,1,0,0,1,0
50739,0,6.0,Phone,2,8.0,Upi,Male,2.0,3,Mobile,3,Divorced,2,0,13.0,0.0,1.0,4.0,136.0,1,0,1,0,0,0,0,1,0,0,0,1,0,1,0,0
51077,1,0.0,Phone,1,14.0,Credit Card,Male,3.0,4,Mobile,3,Single,2,1,11.0,1.0,1.0,2.0,139.89,1,0,1,0,1,0,0,0,0,0,0,1,0,0,0,1
55559,0,7.0,Computer,1,14.0,Debit Card,Male,3.0,4,Laptop & Accessory,3,Married,3,0,21.0,1.0,3.0,9.0,184.68,1,1,0,0,0,1,0,0,0,0,1,0,0,0,1,0
50274,0,10.0,Computer,1,31.0,Credit Card,Female,3.0,3,Laptop & Accessory,3,Divorced,4,1,15.0,3.0,10.0,7.0,144.49,0,1,0,0,1,0,0,0,0,0,1,0,0,1,0,0
53612,0,2.0,Computer,1,7.0,Credit Card,Male,3.0,4,Mobile,3,Single,2,1,12.0,1.0,2.0,3.0,146.54,1,1,0,0,1,0,0,0,0,0,0,1,0,0,0,1
52531,0,16.0,Phone,1,21.0,Debit Card,Male,3.0,4,Grocery,3,Married,2,0,24.0,1.0,6.0,11.0,276.03,1,0,1,0,0,1,0,0,0,1,0,0,0,0,1,0
50323,0,8.0,Phone,3,6.0,E Wallet,Male,2.0,3,Laptop & Accessory,3,Divorced,10,0,11.0,3.0,6.0,9.0,147.17,1,0,1,0,0,0,1,0,0,0,1,0,0,1,0,0
50796,0,7.0,Computer,1,25.0,Credit Card,Female,2.0,3,Laptop & Accessory,4,Married,5,0,13.0,3.0,5.0,10.0,144.44,0,1,0,0,1,0,0,0,0,0,1,0,0,0,1,0
51121,0,9.0,Computer,2,16.0,Credit Card,Male,2.0,3,Mobile,1,Married,1,0,14.0,1.0,2.0,1.0,121.44999999999999,1,1,0,0,1,0,0,0,0,0,0,1,0,0,1,0
52054,0,9.0,Computer,3,14.0,Cash On Delivery,Male,2.0,3,Laptop & Accessory,1,Married,5,0,13.0,1.0,1.0,7.0,150.79,1,1,0,1,0,0,0,0,0,0,1,0,0,0,1,0
55151,0,7.0,Computer,3,12.0,Debit Card,Male,4.0,4,Laptop & Accessory,1,Married,8,0,14.0,2.0,2.0,3.0,224.98,1,1,0,0,0,1,0,0,0,0,1,0,0,0,1,0
51795,0,12.0,Computer,1,14.0,Debit Card,Female,2.0,3,Mobile,3,Married,2,0,11.0,1.0,1.0,7.0,137.55,0,1,0,0,0,1,0,0,0,0,0,1,0,0,1,0
52887,0,9.0,Computer,1,9.0,Credit Card,Female,3.0,4,Laptop & Accessory,4,Single,7,0,12.0,2.0,2.0,3.0,169.25,0,1,0,0,1,0,0,0,0,0,1,0,0,0,0,1
55416,1,1.0,Phone,3,23.0,Debit Card,Female,4.0,4,Fashion,5,Single,4,1,21.0,2.0,2.0,3.0,210.64,0,0,1,0,0,1,0,0,1,0,0,0,0,0,0,1
52345,0,15.0,Phone,2,16.0,Upi,Female,2.0,3,Grocery,5,Married,1,0,14.0,1.0,1.0,9.0,267.99,0,0,1,0,0,0,0,1,0,1,0,0,0,0,1,0
54070,1,1.0,Computer,2,29.0,Upi,Female,3.0,5,Mobile,4,Married,3,0,13.0,2.0,2.0,1.0,153.63,0,1,0,0,0,0,0,1,0,0,0,1,0,0,1,0
50402,0,12.0,Phone,1,8.0,Cash On Delivery,Female,3.0,4,Laptop & Accessory,3,Single,2,0,11.0,2.0,11.0,10.0,145.53,0,0,1,1,0,0,0,0,0,0,1,0,0,0,0,1
50067,0,9.0,Phone,1,15.0,Credit Card,Female,2.0,3,Mobile,4,Single,2,0,16.0,1.0,1.0,3.0,122.78999999999999,0,0,1,0,1,0,0,0,0,0,0,1,0,0,0,1
52249,0,2.0,Phone,1,13.0,Debit Card,Male,2.0,3,Laptop & Accessory,1,Married,2,1,11.0,1.0,1.0,0.0,166.23,1,0,1,0,0,1,0,0,0,0,1,0,0,0,1,0
55381,0,10.0,Phone,3,9.0,Debit Card,Female,3.0,4,Laptop & Accessory,1,Single,5,0,16.0,7.0,7.0,8.0,170.02,0,0,1,0,0,1,0,0,0,0,1,0,0,0,0,1
50180,0,12.0,Phone,1,6.0,Credit Card,Male,2.0,2,Fashion,2,Married,1,0,17.0,3.0,3.0,7.0,196.13,1,0,1,0,1,0,0,0,1,0,0,0,0,0,1,0
52419,0,1.0,Phone,1,35.0,Debit Card,Male,3.0,5,Laptop & Accessory,4,Married,2,0,14.0,0.0,1.0,7.0,165.49,1,0,1,0,0,1,0,0,0,0,1,0,0,0,1,0
52424,0,17.0,Phone,1,34.0,Debit Card,Male,2.0,3,Grocery,5,Married,4,0,13.0,1.0,14.0,17.0,263.28,1,0,1,0,0,1,0,0,0,1,0,0,0,0,1,0
55588,0,14.0,Phone,1,8.0,Debit Card,Male,3.0,4,Mobile,1,Married,10,0,20.0,2.0,2.0,1.0,149.06,1,0,1,0,0,1,0,0,0,0,0,1,0,0,1,0
53125,0,5.0,Phone,1,16.0,Debit Card,Male,3.0,4,Fashion,4,Married,3,0,26.0,2.0,2.0,9.0,231.48000000000002,1,0,1,0,0,1,0,0,1,0,0,0,0,0,1,0
51944,1,0.0,Phone,1,8.0,Credit Card,Male,2.0,3,Mobile,3,Single,7,0,17.0,2.0,2.0,1.0,143.82,1,0,1,0,1,0,0,0,0,0,0,1,0,0,0,1
55076,1,1.0,Computer,1,17.0,Debit Card,Female,3.0,5,Mobile,3,Single,3,0,21.0,2.0,3.0,3.0,151.25,0,1,0,0,0,1,0,0,0,0,0,1,0,0,0,1
53959,0,27.0,Computer,1,7.0,Credit Card,Female,3.0,5,Grocery,3,Married,6,1,21.0,1.0,2.0,3.0,254.64999999999998,0,1,0,0,1,0,0,0,0,1,0,0,0,0,1,0
53152,0,9.0,Phone,3,7.0,Credit Card,Female,4.0,4,Laptop & Accessory,3,Single,3,0,17.0,1.0,2.0,4.0,173.59,0,0,1,0,1,0,0,0,0,0,1,0,0,0,0,1
55094,0,2.0,Phone,1,8.0,Cash On Delivery,Male,3.0,4,Mobile,5,Single,4,0,12.0,2.0,2.0,3.0,145.8,1,0,1,1,0,0,0,0,0,0,0,1,0,0,0,1
52475,0,15.0,Phone,1,15.0,Upi,Male,3.0,4,Others,1,Single,9,0,15.0,1.0,1.0,1.0,296.13,1,0,1,0,0,0,0,1,0,0,0,0,1,0,0,1
53743,0,4.0,Computer,1,14.0,Cash On Delivery,Male,4.0,4,Mobile,3,Married,3,0,14.0,1.0,2.0,1.0,137.74,1,1,0,1,0,0,0,0,0,0,0,1,0,0,1,0
52049,0,11.0,Computer,3,16.0,Cash On Delivery,Female,2.0,3,Laptop & Accessory,1,Single,2,1,13.0,1.0,1.0,3.0,156.66,0,1,0,1,0,0,0,0,0,0,1,0,0,0,0,1
53476,0,14.0,Phone,1,27.0,Cash On Delivery,Male,4.0,4,Fashion,2,Divorced,6,0,21.0,5.0,12.0,3.0,228.22,1,0,1,1,0,0,0,0,1,0,0,0,0,1,0,0
52451,0,6.0,Phone,3,14.0,Debit Card,Male,2.0,3,Laptop & Accessory,5,Married,3,0,13.0,2.0,2.0,2.0,163.92,1,0,1,0,0,1,0,0,0,0,1,0,0,0,1,0
52831,1,1.0,Phone,2,13.0,Upi,Male,4.0,4,Mobile,5,Married,6,1,23.0,2.0,2.0,3.0,145.73,1,0,1,0,0,0,0,1,0,0,0,1,0,0,1,0
53619,1,8.0,Phone,1,22.0,Credit Card,Female,4.0,4,Fashion,2,Divorced,3,0,12.0,1.0,2.0,6.0,204.78,0,0,1,0,1,0,0,0,1,0,0,0,0,1,0,0
50606,0,3.0,Phone,1,14.0,Debit Card,Female,3.0,1,Fashion,5,Divorced,1,1,12.0,0.0,1.0,3.0,214.16000000000003,0,0,1,0,0,1,0,0,1,0,0,0,0,1,0,0
51295,0,15.0,Phone,1,24.0,Debit Card,Male,2.0,3,Laptop & Accessory,5,Married,7,1,17.0,0.0,1.0,2.0,154.1,1,0,1,0,0,1,0,0,0,0,1,0,0,0,1,0
54478,1,16.0,Phone,1,15.0,Credit Card,Male,3.0,5,Laptop & Accessory,4,Married,4,0,16.0,8.0,8.0,8.0,174.41,1,0,1,0,1,0,0,0,0,0,1,0,0,0,1,0
52357,0,9.0,Phone,3,9.0,E Wallet,Female,3.0,3,Laptop & Accessory,4,Single,4,1,16.0,0.0,1.0,1.0,192.78,0,0,1,0,0,0,1,0,0,0,1,0,0,0,0,1
53812,0,10.0,Phone,3,7.0,Debit Card,Female,4.0,4,Laptop & Accessory,3,Single,8,0,14.0,2.0,2.0,1.0,193.15,0,0,1,0,0,1,0,0,0,0,1,0,0,0,0,1
55287,0,24.0,Phone,3,16.0,E Wallet,Male,3.0,4,Others,3,Married,6,1,15.0,1.0,2.0,1.0,318.31,1,0,1,0,0,0,1,0,0,0,0,0,1,0,1,0
52092,0,14.0,Computer,1,13.0,Debit Card,Female,2.0,5,Others,3,Married,2,0,15.0,5.0,5.0,10.0,299.73,0,1,0,0,0,1,0,0,0,0,0,0,1,0,1,0
53765,0,7.0,Phone,1,15.0,Debit Card,Male,4.0,4,Laptop & Accessory,3,Single,4,1,18.0,1.0,2.0,1.0,188.88,1,0,1,0,0,1,0,0,0,0,1,0,0,0,0,1
52081,0,21.0,Phone,1,12.0,Debit Card,Male,3.0,4,Laptop & Accessory,3,Single,3,0,13.0,0.0,2.0,2.0,142.4,1,0,1,0,0,1,0,0,0,0,1,0,0,0,0,1
53778,0,8.0,Phone,3,14.0,Cash On Delivery,Male,3.0,4,Mobile,3,Married,2,1,26.0,1.0,6.0,8.0,148.08,1,0,1,1,0,0,0,0,0,0,0,1,0,0,1,0
51903,0,8.0,Computer,1,8.0,Debit Card,Female,3.0,3,Laptop & Accessory,5,Married,3,0,11.0,1.0,1.0,0.0,150.93,0,1,0,0,0,1,0,0,0,0,1,0,0,0,1,0
51173,1,9.0,Phone,2,26.0,Credit Card,Female,3.0,3,Mobile,4,Married,1,1,11.0,0.0,1.0,4.0,121.47999999999999,0,0,1,0,1,0,0,0,0,0,0,1,0,0,1,0
54077,0,1.0,Phone,1,7.0,Credit Card,Male,4.0,4,Mobile,5,Single,2,0,14.0,4.0,8.0,7.0,153.67,1,0,1,0,1,0,0,0,0,0,0,1,0,0,0,1
51973,0,25.0,Computer,1,31.0,Credit Card,Female,2.0,4,Grocery,1,Married,4,0,22.0,0.0,2.0,0.0,238.26,0,1,0,0,1,0,0,0,0,1,0,0,0,0,1,0
55191,0,5.0,Phone,3,15.0,Debit Card,Male,3.0,4,Fashion,1,Married,3,0,19.0,3.0,2.0,10.0,232.93,1,0,1,0,0,1,0,0,1,0,0,0,0,0,1,0
50647,0,27.0,Phone,3,8.0,Debit Card,Female,2.0,4,Fashion,3,Divorced,7,0,11.0,6.0,7.0,0.0,206.86,0,0,1,0,0,1,0,0,1,0,0,0,0,1,0,0
51435,1,9.0,Phone,3,15.0,Credit Card,Male,3.0,4,Fashion,1,Single,2,0,16.0,3.0,4.0,7.0,196.19,1,0,1,0,1,0,0,0,1,0,0,0,0,0,0,1
51393,0,10.0,Phone,1,25.0,Debit Card,Male,2.9315348837209303,3,Mobile,4,Married,5,0,21.0,0.0,1.0,0.0,130.22,1,0,1,0,0,1,0,0,0,0,0,1,0,0,1,0
51476,0,16.0,Computer,1,34.0,Credit Card,Female,3.0,1,Mobile,3,Single,5,0,12.0,0.0,1.0,2.0,147.39,0,1,0,0,1,0,0,0,0,0,0,1,0,0,0,1
53376,0,1.0,Computer,3,7.0,Credit Card,Male,3.0,5,Laptop & Accessory,5,Single,3,0,13.0,2.0,2.0,8.0,167.94,1,1,0,0,1,0,0,0,0,0,1,0,0,0,0,1
55063,0,1.0,Phone,1,11.0,Debit Card,Male,4.0,4,Mobile,3,Married,3,0,12.0,2.0,2.0,4.0,150.17,1,0,1,0,0,1,0,0,0,0,0,1,0,0,1,0
52001,0,9.0,Phone,2,9.0,Upi,Male,2.0,3,Mobile,4,Married,4,1,11.0,0.0,1.0,3.0,122.77000000000001,1,0,1,0,0,0,0,1,0,0,0,1,0,0,1,0
51193,0,0.0,Computer,1,14.0,Debit Card,Female,2.0,3,Mobile,1,Single,1,1,14.0,1.0,1.0,2.0,123.78999999999999,0,1,0,0,0,1,0,0,0,0,0,1,0,0,0,1
53529,1,6.0,Computer,3,19.0,Debit Card,Male,3.0,4,Grocery,5,Single,2,1,13.0,1.0,14.0,15.0,262.58,1,1,0,0,0,1,0,0,0,1,0,0,0,0,0,1
53071,0,1.0,Phone,3,17.0,E Wallet,Female,4.0,4,Laptop & Accessory,3,Married,3,1,13.0,1.0,2.0,4.0,167.6,0,0,1,0,0,0,1,0,0,0,1,0,0,0,1,0
52937,0,7.0,Phone,1,12.0,Debit Card,Female,4.0,5,Mobile,2,Divorced,3,0,14.0,1.0,2.0,3.0,154.11,0,0,1,0,0,1,0,0,0,0,0,1,0,1,0,0
52404,1,0.0,Phone,3,30.0,Credit Card,Female,2.0,4,Laptop & Accessory,4,Single,1,1,23.0,4.0,10.0,10.0,145.99,0,0,1,0,1,0,0,0,0,0,1,0,0,0,0,1
50460,0,15.0,Computer,1,14.0,Debit Card,Male,3.0,3,Others,2,Married,2,0,13.0,1.0,14.0,9.0,284.3,1,1,0,0,0,1,0,0,0,0,0,0,1,0,1,0
52658,1,0.0,Phone,2,24.0,Upi,Male,2.9315348837209303,1,Mobile,5,Married,1,0,17.0,1.0,1.0,0.0,129.56,1,0,1,0,0,0,0,1,0,0,0,1,0,0,1,0
50377,0,9.0,Computer,1,9.0,Credit Card,Female,3.0,3,Mobile,3,Married,2,0,20.0,1.0,1.0,0.0,120.83000000000001,0,1,0,0,1,0,0,0,0,0,0,1,0,0,1,0
54998,0,14.0,Computer,1,16.0,Credit Card,Female,3.0,4,Fashion,3,Single,11,0,18.0,2.0,2.0,14.0,259.99,0,1,0,0,1,0,0,0,1,0,0,0,0,0,0,1
52454,0,8.0,Phone,1,14.0,Credit Card,Male,3.0,4,Mobile,5,Single,2,0,19.0,1.0,1.0,2.0,124.5,1,0,1,0,1,0,0,0,0,0,0,1,0,0,0,1
55382,0,19.0,Computer,1,8.0,Debit Card,Male,4.0,5,Fashion,3,Married,5,0,24.0,5.0,2.0,5.0,232.48000000000002,1,1,0,0,0,1,0,0,1,0,0,0,0,0,1,0
53635,0,2.0,Computer,1,7.0,Debit Card,Female,3.0,6,Laptop & Accessory,2,Divorced,2,0,12.0,8.0,8.0,6.0,191.74,0,1,0,0,0,1,0,0,0,0,1,0,0,1,0,0
54833,0,16.0,Phone,3,21.0,Credit Card,Female,4.0,5,Laptop & Accessory,3,Single,9,0,18.0,2.0,2.0,4.0,187.44,0,0,1,0,1,0,0,0,0,0,1,0,0,0,0,1
55380,0,3.0,Phone,1,16.0,Credit Card,Female,3.0,4,Mobile,3,Married,11,0,18.0,1.0,2.0,3.0,154.74,0,0,1,0,1,0,0,0,0,0,0,1,0,0,1,0
53556,0,4.0,Phone,3,36.0,Debit Card,Male,4.0,4,Laptop & Accessory,5,Married,10,0,20.0,2.0,2.0,4.0,166.15,1,0,1,0,0,1,0,0,0,0,1,0,0,0,1,0
50741,0,3.0,Phone,3,35.0,Debit Card,Male,3.0,3,Laptop & Accessory,5,Married,9,0,19.0,1.0,1.0,3.0,141.15,1,0,1,0,0,1,0,0,0,0,1,0,0,0,1,0
54827,1,1.0,Phone,1,10.0,Debit Card,Female,3.0,4,Laptop & Accessory,3,Married,2,1,20.0,2.0,2.0,3.0,166.71,0,0,1,0,0,1,0,0,0,0,1,0,0,0,1,0
52355,0,30.0,Phone,1,7.0,Credit Card,Female,3.0,3,Others,5,Married,4,1,15.0,1.0,1.0,5.0,297.01,0,0,1,0,1,0,0,0,0,0,0,0,1,0,1,0
51924,0,11.0,Computer,1,8.0,Debit Card,Female,3.0,1,Laptop & Accessory,5,Single,7,1,12.0,0.0,4.0,12.0,159.8,0,1,0,0,0,1,0,0,0,0,1,0,0,0,0,1
50561,0,0.0,Computer,3,6.0,Credit Card,Male,2.0,4,Laptop & Accessory,5,Single,2,0,12.0,1.0,1.0,7.0,142.94,1,1,0,0,1,0,0,0,0,0,1,0,0,0,0,1
50295,0,9.0,Computer,1,9.0,Debit Card,Male,2.0,3,Mobile,2,Divorced,5,0,15.0,0.0,1.0,4.0,120.97,1,1,0,0,0,1,0,0,0,0,0,1,0,1,0,0
54433,0,2.0,Phone,1,16.0,Credit Card,Male,4.0,4,Mobile,1,Married,3,0,24.0,2.0,2.0,5.0,145.7,1,0,1,0,1,0,0,0,0,0,0,1,0,0,1,0
53998,0,2.0,Phone,1,7.0,Credit Card,Female,4.0,4,Mobile,5,Married,3,0,26.0,2.0,2.0,3.0,160.91,0,0,1,0,1,0,0,0,0,0,0,1,0,0,1,0
52595,1,0.0,Phone,3,15.0,E Wallet,Female,2.9315348837209303,5,Mobile,4,Single,2,0,13.0,2.0,2.0,2.0,127.6,0,0,1,0,0,0,1,0,0,0,0,1,0,0,0,1
55563,0,5.0,Phone,1,9.0,Credit Card,Female,3.0,6,Mobile,1,Married,3,1,12.0,1.0,2.0,1.0,136.29,0,0,1,0,1,0,0,0,0,0,0,1,0,0,1,0
54372,0,4.0,Computer,1,7.0,Debit Card,Male,3.0,5,Fashion,3,Single,3,0,23.0,5.0,6.0,3.0,209.74,1,1,0,0,0,1,0,0,1,0,0,0,0,0,0,1
52692,0,18.0,Phone,1,31.0,Debit Card,Female,3.0,4,Laptop & Accessory,1,Married,1,0,13.0,0.0,3.0,8.0,159.06,0,0,1,0,0,1,0,0,0,0,1,0,0,0,1,0
50658,0,3.0,Phone,1,26.0,Upi,Male,2.0,3,Laptop & Accessory,5,Divorced,1,0,15.0,1.0,1.0,2.0,199.57,1,0,1,0,0,0,0,1,0,0,1,0,0,1,0,0
53257,1,11.0,Computer,3,34.0,Debit Card,Female,4.0,2,Laptop & Accessory,3,Single,6,1,13.0,2.0,2.0,4.0,188.97,0,1,0,0,0,1,0,0,0,0,1,0,0,0,0,1
52774,0,9.0,Phone,3,7.0,Credit Card,Male,3.0,4,Mobile,4,Married,1,0,14.0,2.0,2.0,2.0,122.69,1,0,1,0,1,0,0,0,0,0,0,1,0,0,1,0
55438,0,20.0,Phone,1,9.0,Credit Card,Male,3.0,4,Others,1,Married,9,1,15.0,3.0,3.0,3.0,318.28,1,0,1,0,1,0,0,0,0,0,0,0,1,0,1,0
53847,0,14.0,Phone,1,22.0,Debit Card,Female,4.0,5,Fashion,3,Married,3,0,14.0,2.0,15.0,3.0,229.35,0,0,1,0,0,1,0,0,1,0,0,0,0,0,1,0
50613,0,14.0,Phone,1,13.0,Credit Card,Female,2.0,3,Laptop & Accessory,3,Single,7,0,14.0,1.0,2.0,1.0,150.03,0,0,1,0,1,0,0,0,0,0,1,0,0,0,0,1
51265,0,4.0,Computer,1,6.0,Debit Card,Male,2.0,5,Laptop & Accessory,5,Married,2,0,21.0,1.0,8.0,7.0,150.03,1,1,0,0,0,1,0,0,0,0,1,0,0,0,1,0
53359,0,2.0,Phone,1,16.0,Credit Card,Female,4.0,4,Mobile,3,Married,7,0,19.0,3.0,3.0,3.0,148.77,0,0,1,0,1,0,0,0,0,0,0,1,0,0,1,0
51181,0,27.0,Phone,1,13.0,Credit Card,Female,3.0,3,Laptop & Accessory,1,Married,5,0,15.0,1.0,1.0,7.0,168.54,0,0,1,0,1,0,0,0,0,0,1,0,0,0,1,0
50126,1,0.0,Computer,1,16.0,Credit Card,Male,3.0,3,Fashion,3,Married,7,0,11.0,1.0,1.0,0.0,200.48,1,1,0,0,1,0,0,0,1,0,0,0,0,0,1,0
53744,0,51.0,Phone,1,7.0,Debit Card,Male,4.0,2,Laptop & Accessory,3,Divorced,2,0,25.0,2.0,3.0,9.0,174.0,1,0,1,0,0,1,0,0,0,0,1,0,0,1,0,0
54309,0,15.0,Phone,1,16.0,Debit Card,Male,4.0,4,Mobile,5,Married,4,0,22.0,1.0,2.0,5.0,147.38,1,0,1,0,0,1,0,0,0,0,0,1,0,0,1,0
50817,0,3.0,Phone,1,12.0,Cash On Delivery,Female,2.0,4,Laptop & Accessory,2,Divorced,1,0,12.0,5.0,6.0,7.0,146.27,0,0,1,1,0,0,0,0,0,0,1,0,0,1,0,0
53607,0,20.0,Phone,3,11.0,E Wallet,Female,3.0,5,Others,4,Divorced,4,0,15.0,2.0,2.0,9.0,312.89,0,0,1,0,0,0,1,0,0,0,0,0,1,1,0,0
50823,1,15.0,Phone,3,11.0,Debit Card,Male,3.0,3,Fashion,4,Single,10,1,19.0,5.0,7.0,7.0,184.46,1,0,1,0,0,1,0,0,1,0,0,0,0,0,0,1
52720,0,60.0,Phone,3,27.0,Debit Card,Female,3.0,3,Grocery,1,Married,5,1,13.0,1.0,1.0,0.0,278.75,0,0,1,0,0,1,0,0,0,1,0,0,0,0,1,0
54115,0,9.0,Phone,1,16.0,Credit Card,Male,3.0,4,Laptop & Accessory,3,Single,3,0,20.0,1.0,2.0,9.0,175.98,1,0,1,0,1,0,0,0,0,0,1,0,0,0,0,1
54815,0,13.0,Phone,2,9.0,Debit Card,Female,3.0,5,Laptop & Accessory,1,Married,10,0,12.0,2.0,2.0,5.0,177.04,0,0,1,0,0,1,0,0,0,0,1,0,0,0,1,0
50304,0,20.0,Phone,1,8.0,Credit Card,Female,3.0,3,Laptop & Accessory,2,Married,6,0,13.0,0.0,1.0,4.0,150.7,0,0,1,0,1,0,0,0,0,0,1,0,0,0,1,0
54058,0,1.0,Phone,1,9.0,Cash On Delivery,Male,3.0,4,Mobile,4,Married,3,0,12.0,2.0,2.0,3.0,147.26,1,0,1,1,0,0,0,0,0,0,0,1,0,0,1,0
51247,0,29.0,Phone,3,17.0,E Wallet,Female,2.0,4,Laptop & Accessory,5,Married,5,0,16.0,0.0,1.0,0.0,153.8,0,0,1,0,0,0,1,0,0,0,1,0,0,0,1,0
53163,0,11.0,Phone,1,7.0,Debit Card,Female,4.0,4,Laptop & Accessory,4,Divorced,8,0,13.0,4.0,5.0,4.0,189.47,0,0,1,0,0,1,0,0,0,0,1,0,0,1,0,0
53124,0,20.0,Phone,3,17.0,E Wallet,Female,4.0,5,Fashion,2,Divorced,4,1,20.0,2.0,2.0,3.0,215.71,0,0,1,0,0,0,1,0,1,0,0,0,0,1,0,0
55393,0,9.0,Phone,1,34.0,Debit Card,Male,3.0,4,Laptop & Accessory,3,Married,4,0,17.0,2.0,2.0,8.0,193.83,1,0,1,0,0,1,0,0,0,0,1,0,0,0,1,0
52607,0,11.0,Phone,1,24.0,Credit Card,Male,2.0,5,Laptop & Accessory,1,Married,4,1,16.0,0.0,1.0,0.0,158.11,1,0,1,0,1,0,0,0,0,0,1,0,0,0,1,0
50358,1,0.0,Phone,3,19.0,Credit Card,Male,2.0,3,Laptop & Accessory,5,Married,3,0,17.0,0.0,1.0,2.0,142.33,1,0,1,0,1,0,0,0,0,0,1,0,0,0,1,0
53366,0,5.0,Phone,3,14.0,Debit Card,Male,3.0,5,Mobile,3,Divorced,5,0,16.0,4.0,6.0,3.0,148.29,1,0,1,0,0,1,0,0,0,0,0,1,0,1,0,0
51914,1,18.0,Phone,1,8.0,Credit Card,Male,3.0,3,Others,5,Married,6,1,15.0,1.0,1.0,4.0,298.59,1,0,1,0,1,0,0,0,0,0,0,0,1,0,1,0
55031,0,9.0,Phone,3,24.0,Debit Card,Male,4.0,4,Laptop & Accessory,5,Married,5,1,16.0,1.0,2.0,3.0,214.66,1,0,1,0,0,1,0,0,0,0,1,0,0,0,1,0
51957,0,8.0,Phone,1,13.0,Upi,Male,2.0,3,Fashion,3,Single,4,0,21.0,0.0,1.0,6.0,202.21,1,0,1,0,0,0,0,1,1,0,0,0,0,0,0,1
51546,0,0.0,Computer,1,6.0,Cash On Delivery,Male,2.0,4,Laptop & Accessory,5,Married,6,0,19.0,2.0,2.0,0.0,142.98,1,1,0,1,0,0,0,0,0,0,1,0,0,0,1,0
52637,1,0.0,Phone,1,16.0,Credit Card,Male,2.0,3,Laptop & Accessory,5,Single,2,0,15.0,0.0,1.0,8.0,142.13,1,0,1,0,1,0,0,0,0,0,1,0,0,0,0,1
55086,0,16.0,Phone,1,14.0,Credit Card,Female,4.0,2,Laptop & Accessory,4,Married,8,1,17.0,1.0,2.0,1.0,148.72,0,0,1,0,1,0,0,0,0,0,1,0,0,0,1,0
53091,0,13.0,Computer,1,7.0,Debit Card,Male,3.0,4,Others,3,Married,3,1,15.0,1.0,2.0,7.0,316.97,1,1,0,0,0,1,0,0,0,0,0,0,1,0,1,0
54452,0,10.0,Phone,1,10.0,Cash On Delivery,Male,2.0,4,Laptop & Accessory,4,Single,6,0,13.0,3.0,8.0,8.0,169.85,1,0,1,1,0,0,0,0,0,0,1,0,0,0,0,1
54767,0,8.0,Computer,1,23.0,Debit Card,Female,4.0,5,Mobile,1,Single,3,0,17.0,2.0,2.0,4.0,150.53,0,1,0,0,0,1,0,0,0,0,0,1,0,0,0,1
52724,0,15.0,Phone,3,18.0,E Wallet,Male,3.0,3,Laptop & Accessory,1,Married,4,1,12.0,1.0,1.0,0.0,150.87,1,0,1,0,0,0,1,0,0,0,1,0,0,0,1,0
52828,1,1.0,Phone,1,12.0,Cash On Delivery,Male,3.0,4,Mobile,3,Single,3,1,14.0,3.0,3.0,3.0,159.41,1,0,1,1,0,0,0,0,0,0,0,1,0,0,0,1
53968,0,20.0,Phone,1,9.0,Credit Card,Male,3.0,4,Others,1,Married,9,1,15.0,2.0,3.0,3.0,318.28,1,0,1,0,1,0,0,0,0,0,0,0,1,0,1,0
54413,0,3.0,Phone,1,22.0,Debit Card,Male,3.0,4,Mobile,1,Single,3,0,20.0,2.0,2.0,6.0,148.4,1,0,1,0,0,1,0,0,0,0,0,1,0,0,0,1
53659,0,10.0,Computer,3,14.0,E Wallet,Female,3.0,2,Laptop & Accessory,5,Divorced,4,0,17.0,6.0,7.0,14.0,171.39,0,1,0,0,0,0,1,0,0,0,1,0,0,1,0,0
51218,0,7.0,Phone,3,10.0,Debit Card,Male,3.0,3,Fashion,1,Married,3,1,13.0,0.0,1.0,0.0,197.13,1,0,1,0,0,1,0,0,1,0,0,0,0,0,1,0
54012,0,21.0,Phone,1,16.0,Debit Card,Female,4.0,4,Mobile,3,Single,6,0,13.0,2.0,3.0,1.0,146.05,0,0,1,0,0,1,0,0,0,0,0,1,0,0,0,1
52446,0,8.0,Phone,3,14.0,Debit Card,Female,3.0,4,Mobile,3,Married,1,0,23.0,2.0,4.0,2.0,124.30000000000001,0,0,1,0,0,1,0,0,0,0,0,1,0,0,1,0
52318,0,9.0,Computer,1,7.0,Debit Card,Female,3.0,3,Mobile,1,Single,2,0,15.0,1.0,1.0,0.0,116.11000000000001,0,1,0,0,0,1,0,0,0,0,0,1,0,0,0,1
54764,0,19.0,Phone,1,9.0,Debit Card,Female,4.0,5,Mobile,3,Single,3,0,15.0,2.0,2.0,1.0,147.74,0,0,1,0,0,1,0,0,0,0,0,1,0,0,0,1
52189,0,0.0,Phone,1,9.0,Credit Card,Male,2.0,1,Mobile,1,Married,2,0,22.0,1.0,1.0,7.0,144.2,1,0,1,0,1,0,0,0,0,0,0,1,0,0,1,0
54160,0,8.0,Phone,1,15.0,Credit Card,Male,3.0,2,Laptop & Accessory,3,Married,4,0,13.0,1.0,2.0,3.0,169.04,1,0,1,0,1,0,0,0,0,0,1,0,0,0,1,0
52785,0,9.0,Phone,3,9.0,Credit Card,Female,3.0,4,Fashion,1,Married,1,0,19.0,0.0,3.0,4.0,176.44,0,0,1,0,1,0,0,0,1,0,0,0,0,0,1,0
53400,1,1.0,Computer,1,16.0,Credit Card,Male,3.0,5,Mobile,5,Single,2,1,23.0,2.0,2.0,3.0,148.21,1,1,0,0,1,0,0,0,0,0,0,1,0,0,0,1
54879,0,19.0,Computer,1,30.0,Debit Card,Male,3.0,4,Laptop & Accessory,5,Married,3,1,16.0,2.0,2.0,9.0,161.33,1,1,0,0,0,1,0,0,0,0,1,0,0,0,1,0
50572,0,18.0,Computer,1,10.0,Debit Card,Male,2.0,3,Laptop & Accessory,4,Divorced,2,0,12.0,1.0,1.0,8.0,144.47,1,1,0,0,0,1,0,0,0,0,1,0,0,1,0,0
51119,0,18.0,Phone,2,10.0,Debit Card,Female,2.0,5,Fashion,3,Married,5,0,21.0,1.0,1.0,3.0,197.56,0,0,1,0,0,1,0,0,1,0,0,0,0,0,1,0
54164,0,7.0,Computer,1,10.0,Debit Card,Female,3.0,4,Mobile,3,Married,3,1,12.0,3.0,4.0,1.0,154.09,0,1,0,0,0,1,0,0,0,0,0,1,0,0,1,0
51562,1,0.0,Computer,3,32.0,E Wallet,Female,2.0,4,Laptop & Accessory,5,Single,6,0,15.0,1.0,1.0,1.0,166.96,0,1,0,0,0,0,1,0,0,0,1,0,0,0,0,1
53143,0,19.0,Phone,3,9.0,Upi,Male,4.0,4,Laptop & Accessory,4,Divorced,2,0,20.0,4.0,4.0,8.0,173.05,1,0,1,0,0,0,0,1,0,0,1,0,0,1,0,0
51185,0,0.0,Phone,3,16.0,Credit Card,Male,2.0,3,Laptop & Accessory,1,Single,2,0,13.0,0.0,1.0,2.0,146.84,1,0,1,0,1,0,0,0,0,0,1,0,0,0,0,1
54516,0,1.0,Phone,3,7.0,Debit Card,Male,3.0,4,Laptop & Accessory,3,Married,3,0,18.0,1.0,8.0,8.0,177.96,1,0,1,0,0,1,0,0,0,0,1,0,0,0,1,0
53742,0,18.0,Computer,3,7.0,E Wallet,Female,4.0,4,Laptop & Accessory,3,Divorced,9,0,13.0,2.0,2.0,1.0,172.68,0,1,0,0,0,0,1,0,0,0,1,0,0,1,0,0
51997,0,20.0,Phone,3,8.0,E Wallet,Female,2.0,3,Laptop & Accessory,1,Married,1,1,22.0,3.0,7.0,7.0,145.37,0,0,1,0,0,0,1,0,0,0,1,0,0,0,1,0
53869,0,1.0,Phone,3,9.0,Credit Card,Female,3.0,4,Mobile,3,Single,3,0,20.0,1.0,3.0,3.0,152.83,0,0,1,0,1,0,0,0,0,0,0,1,0,0,0,1
53953,1,7.0,Computer,1,24.0,Cash On Delivery,Male,3.0,5,Mobile,3,Married,11,1,17.0,2.0,2.0,1.0,149.37,1,1,0,1,0,0,0,0,0,0,0,1,0,0,1,0
53404,0,19.0,Phone,1,7.0,Credit Card,Female,4.0,4,Mobile,2,Married,5,0,15.0,1.0,2.0,3.0,147.7,0,0,1,0,1,0,0,0,0,0,0,1,0,0,1,0
52240,0,27.0,Phone,1,9.0,Debit Card,Male,2.0,3,Grocery,1,Married,4,0,14.0,1.0,1.0,9.0,277.79,1,0,1,0,0,1,0,0,0,1,0,0,0,0,1,0
54169,0,12.0,Computer,1,30.0,Debit Card,Male,3.0,5,Fashion,3,Single,2,0,22.0,2.0,2.0,3.0,220.26,1,1,0,0,0,1,0,0,1,0,0,0,0,0,0,1
52391,0,13.0,Phone,1,14.0,Credit Card,Male,3.0,3,Mobile,3,Married,3,0,14.0,1.0,1.0,2.0,123.44999999999999,1,0,1,0,1,0,0,0,0,0,0,1,0,0,1,0
54083,0,9.0,Phone,3,14.0,Debit Card,Female,3.0,4,Laptop & Accessory,1,Married,3,1,12.0,2.0,2.0,10.0,177.04,0,0,1,0,0,1,0,0,0,0,1,0,0,0,1,0
51262,0,0.0,Phone,1,6.0,Credit Card,Male,2.9315348837209303,3,Mobile,5,Single,1,0,13.0,3.0,7.0,6.0,128.67,1,0,1,0,1,0,0,0,0,0,0,1,0,0,0,1
50963,0,9.0,Phone,3,13.0,Cash On Delivery,Male,2.0,3,Mobile,3,Married,1,1,25.0,0.0,5.0,7.0,123.08000000000001,1,0,1,1,0,0,0,0,0,0,0,1,0,0,1,0
53781,0,3.0,Phone,1,15.0,Upi,Female,3.0,6,Laptop & Accessory,5,Married,5,0,14.0,1.0,2.0,3.0,222.15,0,0,1,0,0,0,0,1,0,0,1,0,0,0,1,0
50930,0,22.0,Phone,1,13.0,Debit Card,Male,2.0,3,Fashion,4,Married,4,0,14.0,0.0,1.0,7.0,204.66,1,0,1,0,0,1,0,0,1,0,0,0,0,0,1,0
55095,0,1.0,Phone,1,8.0,Credit Card,Female,3.0,4,Mobile,4,Single,3,0,19.0,2.0,3.0,2.0,145.96,0,0,1,0,1,0,0,0,0,0,0,1,0,0,0,1
50764,0,8.0,Computer,3,14.0,E Wallet,Female,3.0,4,Fashion,2,Divorced,5,1,11.0,2.0,4.0,12.0,203.77,0,1,0,0,0,0,1,0,1,0,0,0,0,1,0,0
53343,0,11.0,Computer,3,26.0,Credit Card,Male,3.0,4,Fashion,4,Single,3,1,14.0,1.0,2.0,10.0,201.42,1,1,0,0,1,0,0,0,1,0,0,0,0,0,0,1
54525,0,11.0,Phone,1,17.0,Credit Card,Female,4.0,4,Mobile,5,Married,8,0,21.0,2.0,2.0,4.0,159.52,0,0,1,0,1,0,0,0,0,0,0,1,0,0,1,0
50113,0,25.0,Computer,3,8.0,Debit Card,Male,3.0,4,Others,3,Single,2,1,18.0,1.0,15.0,12.0,290.68,1,1,0,0,0,1,0,0,0,0,0,0,1,0,0,1
54513,0,22.0,Phone,3,36.0,Credit Card,Female,4.0,4,Fashion,3,Married,5,0,22.0,1.0,2.0,1.0,250.04000000000002,0,0,1,0,1,0,0,0,1,0,0,0,0,0,1,0
52546,0,17.0,Phone,2,7.0,Debit Card,Female,2.0,3,Mobile,1,Married,5,1,18.0,2.0,2.0,2.0,131.95,0,0,1,0,0,1,0,0,0,0,0,1,0,0,1,0
51298,0,8.0,Phone,1,17.0,Credit Card,Male,2.0,3,Mobile,3,Married,8,1,11.0,0.0,2.0,2.0,126.6,1,0,1,0,1,0,0,0,0,0,0,1,0,0,1,0
51961,0,9.0,Computer,1,9.0,Credit Card,Male,2.0,3,Mobile,1,Married,2,0,11.0,0.0,1.0,0.0,117.06,1,1,0,0,1,0,0,0,0,0,0,1,0,0,1,0
50237,0,9.0,Phone,1,16.0,Debit Card,Female,2.0,2,Mobile,3,Divorced,4,1,13.0,0.0,1.0,7.0,122.13,0,0,1,0,0,1,0,0,0,0,0,1,0,1,0,0
55575,0,21.0,Phone,1,32.0,Credit Card,Male,3.0,4,Fashion,3,Single,4,0,24.0,10.0,13.0,3.0,211.33,1,0,1,0,1,0,0,0,1,0,0,0,0,0,0,1
53971,0,11.0,Phone,2,15.0,Upi,Male,3.0,4,Laptop & Accessory,4,Married,4,0,14.0,5.0,5.0,8.0,165.71,1,0,1,0,0,0,0,1,0,0,1,0,0,0,1,0
55270,0,8.0,Phone,3,36.0,Cash On Delivery,Male,3.0,4,Fashion,4,Married,5,0,13.0,2.0,2.0,3.0,217.5,1,0,1,1,0,0,0,0,1,0,0,0,0,0,1,0
52360,0,4.0,Phone,1,14.0,Debit Card,Female,3.0,3,Grocery,4,Single,4,0,11.0,1.0,1.0,0.0,264.22,0,0,1,0,0,1,0,0,0,1,0,0,0,0,0,1
51074,0,6.0,Computer,3,22.0,Debit Card,Female,2.0,3,Laptop & Accessory,1,Married,2,1,25.0,0.0,1.0,2.0,153.68,0,1,0,0,0,1,0,0,0,0,1,0,0,0,1,0
54500,0,1.0,Phone,3,15.0,E Wallet,Female,3.0,4,Laptop & Accessory,4,Married,3,0,19.0,1.0,2.0,8.0,187.14,0,0,1,0,0,0,1,0,0,0,1,0,0,0,1,0
55553,0,9.0,Phone,3,14.0,Debit Card,Female,3.0,4,Laptop & Accessory,1,Married,3,1,12.0,2.0,2.0,10.0,177.04,0,0,1,0,0,1,0,0,0,0,1,0,0,0,1,0
55250,0,11.0,Phone,1,20.0,Credit Card,Male,3.0,4,Laptop & Accessory,1,Married,3,0,18.0,3.0,4.0,8.0,167.85,1,0,1,0,1,0,0,0,0,0,1,0,0,0,1,0
50423,1,5.0,Computer,1,25.0,Credit Card,Male,2.9315348837209303,2,Mobile,3,Married,7,1,12.0,2.0,2.0,2.0,127.59,1,1,0,0,1,0,0,0,0,0,0,1,0,0,1,0
53622,0,4.0,Computer,1,16.0,Credit Card,Female,4.0,4,Laptop & Accessory,3,Single,9,1,19.0,2.0,2.0,8.0,171.95,0,1,0,0,1,0,0,0,0,0,1,0,0,0,0,1
54084,0,1.0,Phone,3,16.0,E Wallet,Male,3.0,4,Laptop & Accessory,1,Single,3,0,15.0,1.0,2.0,8.0,166.05,1,0,1,0,0,0,1,0,0,0,1,0,0,0,0,1
52964,0,11.0,Phone,3,13.0,Credit Card,Male,4.0,4,Laptop & Accessory,2,Divorced,6,0,15.0,1.0,2.0,2.0,190.02,1,0,1,0,1,0,0,0,0,0,1,0,0,1,0,0
54248,0,25.0,Phone,1,16.0,Debit Card,Male,4.0,4,Mobile,1,Married,5,0,24.0,2.0,2.0,4.0,145.75,1,0,1,0,0,1,0,0,0,0,0,1,0,0,1,0
51537,0,9.0,Phone,1,15.0,Credit Card,Female,4.0,3,Mobile,4,Single,2,0,16.0,0.0,1.0,3.0,122.78999999999999,0,0,1,0,1,0,0,0,0,0,0,1,0,0,0,1
50445,0,9.0,Computer,3,14.0,Debit Card,Male,3.0,4,Fashion,5,Single,2,0,15.0,0.0,1.0,9.0,175.87,1,1,0,0,0,1,0,0,1,0,0,0,0,0,0,1
53386,1,1.0,Phone,3,7.0,Debit Card,Male,3.0,5,Fashion,3,Divorced,7,0,12.0,2.0,12.0,3.0,231.08999999999997,1,0,1,0,0,1,0,0,1,0,0,0,0,1,0,0
53785,0,14.0,Phone,3,16.0,Credit Card,Male,3.0,4,Laptop & Accessory,5,Married,2,0,13.0,3.0,8.0,2.0,179.73,1,0,1,0,1,0,0,0,0,0,1,0,0,0,1,0
54445,0,1.0,Computer,1,18.0,Credit Card,Male,3.0,4,Laptop & Accessory,5,Married,3,1,14.0,2.0,4.0,4.0,172.41,1,1,0,0,1,0,0,0,0,0,1,0,0,0,1,0
50010,1,9.0,Phone,1,31.0,Debit Card,Male,2.0,5,Mobile,3,Single,2,0,12.0,1.0,1.0,1.0,122.93,1,0,1,0,0,1,0,0,0,0,0,1,0,0,0,1
54216,0,7.0,Computer,1,30.0,Debit Card,Female,4.0,4,Fashion,1,Single,3,1,13.0,4.0,2.0,13.0,259.58,0,1,0,0,0,1,0,0,1,0,0,0,0,0,0,1
53312,0,10.0,Phone,3,7.0,Debit Card,Male,3.0,4,Laptop & Accessory,2,Divorced,3,1,15.0,3.0,5.0,12.0,187.01,1,0,1,0,0,1,0,0,0,0,1,0,0,1,0,0
50950,0,6.0,Phone,1,14.0,Debit Card,Male,3.0,3,Laptop & Accessory,3,Single,3,1,17.0,0.0,1.0,0.0,163.88,1,0,1,0,0,1,0,0,0,0,1,0,0,0,0,1
52649,0,20.0,Phone,1,10.0,Debit Card,Female,3.0,4,Fashion,4,Married,9,1,12.0,5.0,14.0,10.0,203.33,0,0,1,0,0,1,0,0,1,0,0,0,0,0,1,0
52068,0,11.0,Computer,1,16.0,Credit Card,Male,2.9315348837209303,3,Mobile,3,Married,1,0,17.0,0.0,1.0,2.0,126.84,1,1,0,0,1,0,0,0,0,0,0,1,0,0,1,0
52577,0,19.0,Phone,1,19.0,Debit Card,Male,2.0,3,Laptop & Accessory,4,Single,7,0,14.0,1.0,1.0,9.0,155.62,1,0,1,0,0,1,0,0,0,0,1,0,0,0,0,1
50722,0,8.0,Phone,1,8.0,Debit Card,Male,2.0,4,Fashion,4,Married,3,0,18.0,6.0,6.0,4.0,202.74,1,0,1,0,0,1,0,0,1,0,0,0,0,0,1,0
53726,0,5.0,Phone,2,15.0,Credit Card,Female,4.0,2,Mobile,4,Single,11,0,19.0,1.0,2.0,3.0,146.09,0,0,1,0,1,0,0,0,0,0,0,1,0,0,0,1
50301,0,23.0,Phone,1,35.0,Debit Card,Male,2.0,4,Grocery,3,Divorced,1,0,15.0,1.0,15.0,7.0,270.46,1,0,1,0,0,1,0,0,0,1,0,0,0,1,0,0
54507,0,15.0,Phone,1,13.0,Credit Card,Male,4.0,5,Laptop & Accessory,4,Single,8,1,16.0,2.0,2.0,3.0,185.32,1,0,1,0,1,0,0,0,0,0,1,0,0,0,0,1
53281,0,7.0,Phone,1,14.0,Credit Card,Male,3.0,4,Fashion,3,Divorced,2,0,12.0,1.0,2.0,8.0,241.91000000000003,1,0,1,0,1,0,0,0,1,0,0,0,0,1,0,0
52362,1,9.0,Phone,1,14.0,Debit Card,Female,2.0,4,Mobile,4,Single,2,0,12.0,0.0,1.0,0.0,112.61000000000001,0,0,1,0,0,1,0,0,0,0,0,1,0,0,0,1
54059,0,8.0,Computer,1,29.0,Upi,Male,3.0,5,Laptop & Accessory,1,Married,3,1,16.0,4.0,7.0,12.0,182.47,1,1,0,0,0,0,0,1,0,0,1,0,0,0,1,0
55249,0,16.0,Phone,1,9.0,Credit Card,Male,4.0,5,Mobile,4,Married,6,0,15.0,1.0,2.0,1.0,173.41,1,0,1,0,1,0,0,0,0,0,0,1,0,0,1,0
52702,0,14.0,Phone,3,14.0,E Wallet,Female,2.0,3,Laptop & Accessory,4,Married,6,0,21.0,0.0,1.0,4.0,143.93,0,0,1,0,0,0,1,0,0,0,1,0,0,0,1,0
51318,1,0.0,Phone,1,6.0,Credit Card,Male,2.0,3,Mobile,1,Married,10,1,14.0,2.0,2.0,2.0,147.87,1,0,1,0,1,0,0,0,0,0,0,1,0,0,1,0
50857,1,0.0,Computer,3,24.0,E Wallet,Female,3.0,3,Laptop & Accessory,3,Divorced,1,1,18.0,3.0,3.0,2.0,146.14,0,1,0,0,0,0,1,0,0,0,1,0,0,1,0,0
52631,0,19.0,Computer,3,32.0,Debit Card,Male,3.0,4,Laptop & Accessory,4,Single,9,0,15.0,1.0,2.0,2.0,179.91,1,1,0,0,0,1,0,0,0,0,1,0,0,0,0,1
52731,0,7.0,Phone,3,19.0,Credit Card,Male,2.0,3,Fashion,3,Married,2,0,18.0,0.0,1.0,1.0,186.28,1,0,1,0,1,0,0,0,1,0,0,0,0,0,1,0
55133,0,1.0,Computer,1,8.0,Debit Card,Female,4.0,4,Mobile,1,Single,3,0,16.0,2.0,2.0,1.0,141.11,0,1,0,0,0,1,0,0,0,0,0,1,0,0,0,1
52851,0,1.0,Phone,1,26.0,Credit Card,Male,4.0,4,Mobile,2,Divorced,3,0,25.0,1.0,3.0,3.0,148.23,1,0,1,0,1,0,0,0,0,0,0,1,0,1,0,0
53851,0,19.0,Phone,1,9.0,Upi,Female,3.0,5,Laptop & Accessory,1,Married,3,0,20.0,3.0,4.0,10.0,182.7,0,0,1,0,0,0,0,1,0,0,1,0,0,0,1,0
50748,0,6.0,Computer,3,31.0,Credit Card,Female,2.0,3,Laptop & Accessory,3,Divorced,2,0,12.0,0.0,1.0,1.0,145.39,0,1,0,0,1,0,0,0,0,0,1,0,0,1,0,0
54798,0,6.0,Computer,1,7.0,Debit Card,Male,4.0,4,Mobile,1,Married,2,0,13.0,2.0,2.0,3.0,148.14,1,1,0,0,0,1,0,0,0,0,0,1,0,0,1,0
55000,0,16.0,Phone,3,11.0,E Wallet,Male,3.0,4,Laptop & Accessory,5,Single,9,0,14.0,2.0,2.0,6.0,176.55,1,0,1,0,0,0,1,0,0,0,1,0,0,0,0,1
51487,0,18.0,Phone,1,35.0,Credit Card,Male,2.0,3,Mobile,1,Single,6,0,13.0,1.0,1.0,3.0,134.52,1,0,1,0,1,0,0,0,0,0,0,1,0,0,0,1
55601,0,10.0,Computer,1,11.0,Debit Card,Female,4.0,4,Laptop & Accessory,4,Married,9,0,14.0,1.0,2.0,3.0,176.31,0,1,0,0,0,1,0,0,0,0,1,0,0,0,1,0
55108,1,16.0,Phone,3,12.0,Debit Card,Male,4.0,4,Fashion,4,Single,11,1,20.0,8.0,8.0,3.0,209.46,1,0,1,0,0,1,0,0,1,0,0,0,0,0,0,1
54252,0,25.0,Phone,3,28.0,E Wallet,Male,4.0,4,Laptop & Accessory,1,Single,2,1,23.0,1.0,2.0,1.0,179.41,1,0,1,0,0,0,1,0,0,0,1,0,0,0,0,1
53855,0,14.0,Phone,1,23.0,Debit Card,Female,3.0,4,Fashion,1,Single,8,1,16.0,2.0,4.0,4.0,204.45,0,0,1,0,0,1,0,0,1,0,0,0,0,0,0,1
51436,0,13.0,Computer,1,6.0,Debit Card,Male,3.0,4,Grocery,4,Married,2,0,22.0,5.0,2.0,11.0,235.02999999999997,1,1,0,0,0,1,0,0,0,1,0,0,0,0,1,0
54960,0,16.0,Phone,1,9.0,Credit Card,Male,3.0,4,Grocery,5,Married,2,0,15.0,6.0,14.0,8.0,301.65,1,0,1,0,1,0,0,0,0,1,0,0,0,0,1,0
52208,0,9.0,Computer,1,23.0,Debit Card,Male,3.0,5,Mobile,3,Single,3,0,13.0,1.0,1.0,0.0,122.9,1,1,0,0,0,1,0,0,0,0,0,1,0,0,0,1
50170,0,10.0,Computer,1,14.0,Credit Card,Male,2.0,3,Mobile,2,Divorced,2,1,12.0,0.0,1.0,2.0,123.25999999999999,1,1,0,0,1,0,0,0,0,0,0,1,0,1,0,0
54713,0,30.0,Phone,1,16.0,Credit Card,Male,3.0,4,Grocery,1,Married,9,0,12.0,1.0,2.0,2.0,236.02999999999997,1,0,1,0,1,0,0,0,0,1,0,0,0,0,1,0
55409,0,1.0,Phone,1,15.0,Credit Card,Female,4.0,4,Mobile,1,Single,3,0,12.0,1.0,2.0,5.0,159.45,0,0,1,0,1,0,0,0,0,0,0,1,0,0,0,1
50749,0,9.0,Phone,1,12.0,Debit Card,Male,2.9315348837209303,5,Mobile,3,Married,2,0,14.0,0.0,1.0,7.0,127.41,1,0,1,0,0,1,0,0,0,0,0,1,0,0,1,0
50212,1,9.0,Phone,1,14.0,Upi,Male,3.0,5,Mobile,5,Divorced,2,1,11.0,1.0,1.0,7.0,121.19,1,0,1,0,0,0,0,1,0,0,0,1,0,1,0,0
52052,1,3.0,Computer,3,30.0,Debit Card,Female,3.0,1,Grocery,4,Single,5,1,16.0,1.0,2.0,0.0,231.94,0,1,0,0,0,1,0,0,0,1,0,0,0,0,0,1
54899,0,13.0,Phone,1,7.0,Debit Card,Female,4.0,5,Grocery,1,Married,3,0,17.0,10.0,2.0,9.0,252.42000000000002,0,0,1,0,0,1,0,0,0,1,0,0,0,0,1,0
53540,1,7.0,Phone,3,16.0,E Wallet,Female,3.0,6,Laptop & Accessory,3,Single,10,0,14.0,2.0,2.0,4.0,178.46,0,0,1,0,0,0,1,0,0,0,1,0,0,0,0,1
55213,0,4.0,Computer,1,14.0,Cash On Delivery,Male,4.0,4,Mobile,3,Married,3,0,14.0,1.0,2.0,1.0,137.74,1,1,0,1,0,0,0,0,0,0,0,1,0,0,1,0
50659,0,14.0,Phone,1,13.0,Cash On Delivery,Female,2.0,1,Mobile,3,Divorced,2,0,13.0,1.0,1.0,8.0,133.76,0,0,1,1,0,0,0,0,0,0,0,1,0,1,0,0
53587,0,5.0,Phone,1,31.0,Credit Card,Female,4.0,5,Laptop & Accessory,5,Single,3,0,20.0,1.0,2.0,9.0,193.12,0,0,1,0,1,0,0,0,0,0,1,0,0,0,0,1
54046,0,10.0,Phone,3,24.0,E Wallet,Male,3.0,5,Laptop & Accessory,4,Married,4,0,17.0,2.0,2.0,4.0,180.07,1,0,1,0,0,0,1,0,0,0,1,0,0,0,1,0
54424,0,20.0,Phone,3,9.0,Cash On Delivery,Female,4.0,6,Grocery,4,Married,5,1,15.0,7.0,8.0,8.0,293.72,0,0,1,1,0,0,0,0,0,1,0,0,0,0,1,0
54100,0,14.0,Computer,1,18.0,Cash On Delivery,Female,4.0,4,Laptop & Accessory,3,Married,3,0,12.0,3.0,10.0,5.0,188.23,0,1,0,1,0,0,0,0,0,0,1,0,0,0,1,0
52231,0,0.0,Phone,3,16.0,Debit Card,Male,2.0,3,Laptop & Accessory,1,Single,1,0,14.0,1.0,1.0,1.0,149.5,1,0,1,0,0,1,0,0,0,0,1,0,0,0,0,1
53298,1,13.0,Phone,3,18.0,E Wallet,Female,3.0,4,Fashion,2,Divorced,3,0,19.0,1.0,8.0,8.0,201.54,0,0,1,0,0,0,1,0,1,0,0,0,0,1,0,0
52492,0,7.0,Computer,1,16.0,Debit Card,Male,2.0,1,Laptop & Accessory,1,Married,2,0,13.0,3.0,7.0,2.0,147.24,1,1,0,0,0,1,0,0,0,0,1,0,0,0,1,0
53840,0,1.0,Phone,1,26.0,Upi,Male,4.0,5,Mobile,5,Married,3,0,12.0,1.0,2.0,8.0,165.66,1,0,1,0,0,0,0,1,0,0,0,1,0,0,1,0
51019,0,18.0,Computer,3,32.0,E Wallet,Male,2.0,4,Laptop & Accessory,5,Married,2,0,15.0,0.0,4.0,5.0,143.85,1,1,0,0,0,0,1,0,0,0,1,0,0,0,1,0
53598,0,18.0,Phone,3,12.0,E Wallet,Male,3.0,4,Others,4,Divorced,9,0,15.0,2.0,4.0,11.0,307.13,1,0,1,0,0,0,1,0,0,0,0,0,1,1,0,0
52365,0,9.0,Phone,3,22.0,E Wallet,Female,3.0,4,Laptop & Accessory,5,Married,5,0,13.0,1.0,1.0,2.0,156.47,0,0,1,0,0,0,1,0,0,0,1,0,0,0,1,0
55122,0,9.0,Computer,1,11.0,Debit Card,Male,3.0,4,Laptop & Accessory,3,Single,3,1,12.0,2.0,2.0,2.0,167.49,1,1,0,0,0,1,0,0,0,0,1,0,0,0,0,1
55454,0,17.0,Computer,1,16.0,Debit Card,Male,3.0,4,Mobile,3,Single,6,0,14.0,2.0,2.0,3.0,149.38,1,1,0,0,0,1,0,0,0,0,0,1,0,0,0,1
51360,1,9.0,Phone,1,30.0,Debit Card,Male,2.0,4,Mobile,3,Single,6,1,14.0,0.0,1.0,3.0,120.28,1,0,1,0,0,1,0,0,0,0,0,1,0,0,0,1
50489,0,7.0,Phone,2,9.0,Upi,Male,2.0,3,Mobile,2,Divorced,1,0,19.0,1.0,1.0,2.0,137.37,1,0,1,0,0,0,0,1,0,0,0,1,0,1,0,0
55551,1,1.0,Phone,1,24.0,Cash On Delivery,Male,3.0,5,Mobile,1,Married,7,0,13.0,2.0,2.0,4.0,148.67,1,0,1,1,0,0,0,0,0,0,0,1,0,0,1,0
51166,1,0.0,Computer,1,15.0,Debit Card,Male,3.0,3,Laptop & Accessory,5,Married,5,0,17.0,0.0,1.0,7.0,153.46,1,1,0,0,0,1,0,0,0,0,1,0,0,0,1,0
52177,1,0.0,Computer,1,14.0,Credit Card,Male,3.0,3,Mobile,3,Married,2,0,12.0,1.0,2.0,2.0,126.1,1,1,0,0,1,0,0,0,0,0,0,1,0,0,1,0
51221,0,8.0,Phone,1,22.0,Upi,Female,2.0,4,Laptop & Accessory,4,Married,1,1,11.0,1.0,1.0,2.0,147.88,0,0,1,0,0,0,0,1,0,0,1,0,0,0,1,0
51842,0,0.0,Phone,3,28.0,Cash On Delivery,Male,2.0,3,Mobile,3,Single,2,0,11.0,0.0,1.0,2.0,134.47,1,0,1,1,0,0,0,0,0,0,0,1,0,0,0,1
54462,0,1.0,Phone,3,17.0,Credit Card,Female,4.0,5,Mobile,3,Single,3,0,13.0,1.0,2.0,1.0,137.0,0,0,1,0,1,0,0,0,0,0,0,1,0,0,0,1
50941,0,28.0,Phone,1,10.0,Debit Card,Male,1.0,3,Laptop & Accessory,3,Divorced,1,1,16.0,0.0,1.0,2.0,140.35,1,0,1,0,0,1,0,0,0,0,1,0,0,1,0,0
55075,0,29.0,Computer,1,15.0,Credit Card,Male,3.0,5,Grocery,4,Married,3,1,16.0,3.0,16.0,1.0,260.77,1,1,0,0,1,0,0,0,0,1,0,0,0,0,1,0
51621,0,10.0,Computer,1,6.0,Credit Card,Female,3.0,3,Fashion,1,Married,3,1,18.0,0.0,2.0,2.0,236.02999999999997,0,1,0,0,1,0,0,0,1,0,0,0,0,0,1,0
55221,1,1.0,Computer,1,16.0,Credit Card,Male,3.0,4,Mobile,5,Single,4,1,12.0,1.0,2.0,1.0,156.72,1,1,0,0,1,0,0,0,0,0,0,1,0,0,0,1
51913,0,7.0,Phone,3,8.0,Upi,Male,2.0,3,Laptop & Accessory,1,Single,2,0,22.0,0.0,1.0,4.0,162.74,1,0,1,0,0,0,0,1,0,0,1,0,0,0,0,1
50584,0,9.0,Computer,3,14.0,Cash On Delivery,Male,2.0,3,Laptop & Accessory,2,Married,5,0,13.0,1.0,1.0,7.0,150.79,1,1,0,1,0,0,0,0,0,0,1,0,0,0,1,0
53720,0,14.0,Computer,1,16.0,Upi,Male,3.0,4,Laptop & Accessory,3,Married,5,0,12.0,2.0,2.0,8.0,164.75,1,1,0,0,0,0,0,1,0,0,1,0,0,0,1,0
52317,0,24.0,Phone,1,17.0,Cash On Delivery,Female,2.0,4,Grocery,4,Single,4,0,16.0,0.0,1.0,3.0,231.42000000000002,0,0,1,1,0,0,0,0,0,1,0,0,0,0,0,1
52361,0,7.0,Computer,1,7.0,Upi,Male,2.9315348837209303,3,Mobile,5,Married,6,0,14.0,1.0,1.0,3.0,129.96,1,1,0,0,0,0,0,1,0,0,0,1,0,0,1,0
51897,0,12.0,Phone,2,9.0,Upi,Female,2.0,1,Laptop & Accessory,4,Married,10,0,15.0,0.0,3.0,6.0,163.89,0,0,1,0,0,0,0,1,0,0,1,0,0,0,1,0
50268,0,27.0,Phone,1,11.0,Credit Card,Male,2.0,3,Others,5,Divorced,5,0,15.0,1.0,1.0,2.0,294.06,1,0,1,0,1,0,0,0,0,0,0,0,1,1,0,0
52386,0,13.0,Computer,1,14.0,Credit Card,Male,2.0,4,Fashion,4,Married,3,0,11.0,4.0,2.0,8.0,237.57,1,1,0,0,1,0,0,0,1,0,0,0,0,0,1,0
53850,0,13.0,Computer,1,11.0,Credit Card,Female,3.0,4,Laptop & Accessory,3,Single,2,0,14.0,4.0,4.0,9.0,175.42,0,1,0,0,1,0,0,0,0,0,1,0,0,0,0,1
55303,0,19.0,Phone,1,12.0,Credit Card,Female,3.0,6,Laptop & Accessory,5,Single,3,1,15.0,1.0,2.0,5.0,182.69,0,0,1,0,1,0,0,0,0,0,1,0,0,0,0,1
53347,1,1.0,Phone,1,32.0,Debit Card,Male,3.0,4,Mobile,2,Single,3,1,25.0,2.0,2.0,2.0,152.95,1,0,1,0,0,1,0,0,0,0,0,1,0,0,0,1
50022,1,20.0,Phone,1,29.0,Credit Card,Female,3.0,3,Fashion,2,Divorced,2,0,12.0,11.0,15.0,6.0,203.12,0,0,1,0,1,0,0,0,1,0,0,0,0,1,0,0
51283,0,0.0,Phone,1,6.0,Debit Card,Male,2.0,4,Laptop & Accessory,3,Single,2,0,12.0,1.0,1.0,2.0,146.17,1,0,1,0,0,1,0,0,0,0,1,0,0,0,0,1
50615,0,0.0,Phone,1,8.0,Debit Card,Female,2.0,3,Laptop & Accessory,2,Divorced,1,0,18.0,0.0,2.0,2.0,142.27,0,0,1,0,0,1,0,0,0,0,1,0,0,1,0,0
54522,0,14.0,Phone,1,17.0,Debit Card,Female,3.0,2,Mobile,3,Married,5,1,14.0,1.0,2.0,8.0,147.13,0,0,1,0,0,1,0,0,0,0,0,1,0,0,1,0
51424,0,10.0,Phone,1,13.0,Credit Card,Male,1.0,3,Fashion,3,Single,5,0,13.0,0.0,2.0,2.0,236.64,1,0,1,0,1,0,0,0,1,0,0,0,0,0,0,1
51965,0,6.0,Phone,3,6.0,Credit Card,Male,2.0,1,Laptop & Accessory,5,Married,2,0,22.0,0.0,1.0,8.0,140.37,1,0,1,0,1,0,0,0,0,0,1,0,0,0,1,0
51287,0,9.0,Phone,2,8.0,Upi,Female,2.0,3,Mobile,4,Married,5,0,14.0,0.0,1.0,2.0,121.87,0,0,1,0,0,0,0,1,0,0,0,1,0,0,1,0
50666,0,6.0,Phone,1,11.0,Debit Card,Male,2.0,4,Fashion,2,Married,5,0,15.0,0.0,1.0,2.0,171.19,1,0,1,0,0,1,0,0,1,0,0,0,0,0,1,0
52168,0,7.0,Computer,1,8.0,Debit Card,Male,3.0,3,Laptop & Accessory,3,Single,3,0,11.0,1.0,1.0,2.0,140.33,1,1,0,0,0,1,0,0,0,0,1,0,0,0,0,1
55530,1,1.0,Phone,3,20.0,E Wallet,Female,3.0,4,Laptop & Accessory,3,Single,5,1,12.0,1.0,3.0,3.0,223.54,0,0,1,0,0,0,1,0,0,0,1,0,0,0,0,1
51703,1,9.0,Computer,3,6.0,Cash On Delivery,Female,3.0,4,Mobile,4,Single,2,1,11.0,1.0,1.0,2.0,121.74000000000001,0,1,0,1,0,0,0,0,0,0,0,1,0,0,0,1
50813,0,12.0,Phone,1,19.0,Credit Card,Female,3.0,4,Grocery,4,Married,7,1,13.0,1.0,15.0,2.0,271.23,0,0,1,0,1,0,0,0,0,1,0,0,0,0,1,0
50494,0,0.0,Phone,1,8.0,Credit Card,Male,3.0,1,Mobile,5,Single,8,0,13.0,1.0,1.0,1.0,134.24,1,0,1,0,1,0,0,0,0,0,0,1,0,0,0,1
54659,0,1.0,Phone,1,13.0,Credit Card,Male,4.0,4,Mobile,3,Married,2,0,21.0,2.0,3.0,3.0,152.73,1,0,1,0,1,0,0,0,0,0,0,1,0,0,1,0
52502,0,13.0,Phone,1,21.0,Debit Card,Female,3.0,4,Fashion,3,Married,2,0,13.0,6.0,14.0,12.0,204.35,0,0,1,0,0,1,0,0,1,0,0,0,0,0,1,0
53513,0,8.0,Computer,1,9.0,Debit Card,Male,4.0,4,Laptop & Accessory,3,Single,4,0,12.0,2.0,2.0,3.0,165.33,1,1,0,0,0,1,0,0,0,0,1,0,0,0,0,1
52436,0,2.0,Phone,1,14.0,Upi,Female,2.0,5,Laptop & Accessory,5,Married,4,0,13.0,1.0,1.0,7.0,197.15,0,0,1,0,0,0,0,1,0,0,1,0,0,0,1,0
53627,0,19.0,Computer,1,32.0,Credit Card,Female,3.0,4,Others,4,Single,5,0,15.0,2.0,2.0,1.0,305.61,0,1,0,0,1,0,0,0,0,0,0,0,1,0,0,1
53691,0,26.0,Phone,1,15.0,Upi,Female,3.0,4,Mobile,5,Divorced,11,0,14.0,2.0,2.0,5.0,154.5,0,0,1,0,0,0,0,1,0,0,0,1,0,1,0,0
55014,0,1.0,Phone,1,16.0,Debit Card,Male,3.0,4,Mobile,5,Single,3,0,26.0,1.0,2.0,1.0,150.52,1,0,1,0,0,1,0,0,0,0,0,1,0,0,0,1
54281,0,4.0,Computer,1,30.0,Debit Card,Male,4.0,6,Mobile,3,Married,3,0,26.0,1.0,2.0,10.0,151.13,1,1,0,0,0,1,0,0,0,0,0,1,0,0,1,0
51849,0,7.0,Phone,1,6.0,Debit Card,Male,2.9315348837209303,3,Mobile,1,Married,2,0,12.0,1.0,8.0,8.0,126.91,1,0,1,0,0,1,0,0,0,0,0,1,0,0,1,0
53410,0,21.0,Phone,3,11.0,Debit Card,Female,3.0,4,Laptop & Accessory,2,Single,3,1,18.0,2.0,2.0,8.0,166.63,0,0,1,0,0,1,0,0,0,0,1,0,0,0,0,1
54572,0,31.0,Phone,1,14.0,Debit Card,Female,3.0,4,Others,5,Married,7,0,15.0,2.0,12.0,11.0,320.66,0,0,1,0,0,1,0,0,0,0,0,0,1,0,1,0
50971,0,6.0,Phone,1,34.0,Debit Card,Male,3.0,3,Laptop & Accessory,3,Married,2,1,12.0,1.0,5.0,7.0,152.07,1,0,1,0,0,1,0,0,0,0,1,0,0,0,1,0
52034,1,9.0,Phone,3,27.0,Upi,Male,2.0,4,Mobile,4,Single,2,1,13.0,1.0,1.0,0.0,121.21000000000001,1,0,1,0,0,0,0,1,0,0,0,1,0,0,0,1
50698,0,7.0,Computer,1,8.0,Debit Card,Male,3.0,3,Laptop & Accessory,3,Single,3,0,11.0,1.0,1.0,2.0,140.33,1,1,0,0,0,1,0,0,0,0,1,0,0,0,0,1
55117,0,30.0,Phone,2,15.0,Debit Card,Male,4.0,4,Others,4,Single,8,0,15.0,3.0,8.0,8.0,322.17,1,0,1,0,0,1,0,0,0,0,0,0,1,0,0,1
54611,0,5.0,Phone,3,9.0,Debit Card,Male,4.0,4,Laptop & Accessory,1,Single,6,1,14.0,2.0,2.0,6.0,190.82,1,0,1,0,0,1,0,0,0,0,1,0,0,0,0,1
51223,0,9.0,Computer,2,8.0,Upi,Male,3.0,4,Laptop & Accessory,1,Single,2,0,21.0,1.0,1.0,8.0,138.86,1,1,0,0,0,0,0,1,0,0,1,0,0,0,0,1
51243,0,9.0,Phone,1,8.0,Cash On Delivery,Male,2.0,3,Mobile,4,Married,2,0,11.0,1.0,1.0,2.0,122.25999999999999,1,0,1,1,0,0,0,0,0,0,0,1,0,0,1,0
50440,0,18.0,Phone,3,8.0,Cash On Delivery,Male,2.0,5,Laptop & Accessory,3,Single,1,0,13.0,0.0,3.0,1.0,166.32,1,0,1,1,0,0,0,0,0,0,1,0,0,0,0,1
54727,1,11.0,Computer,3,34.0,Debit Card,Female,4.0,2,Laptop & Accessory,3,Single,6,1,13.0,1.0,2.0,4.0,188.97,0,1,0,0,0,1,0,0,0,0,1,0,0,0,0,1
50607,1,0.0,Phone,1,14.0,Credit Card,Female,3.0,4,Mobile,5,Single,2,1,15.0,0.0,1.0,0.0,126.0,0,0,1,0,1,0,0,0,0,0,0,1,0,0,0,1
54029,1,1.0,Phone,3,16.0,Credit Card,Male,3.0,4,Mobile,1,Single,3,0,14.0,1.0,2.0,1.0,135.81,1,0,1,0,1,0,0,0,0,0,0,1,0,0,0,1
53283,0,21.0,Phone,1,9.0,Upi,Female,3.0,4,Grocery,2,Divorced,3,1,15.0,4.0,4.0,1.0,292.52,0,0,1,0,0,0,0,1,0,1,0,0,0,1,0,0
50536,1,20.0,Computer,1,14.0,Debit Card,Male,2.0,4,Mobile,2,Married,10,1,14.0,0.0,1.0,0.0,123.80000000000001,1,1,0,0,0,1,0,0,0,0,0,1,0,0,1,0
50935,0,8.0,Phone,3,14.0,Debit Card,Male,3.0,3,Mobile,3,Divorced,2,0,13.0,1.0,1.0,0.0,124.03999999999999,1,0,1,0,0,1,0,0,0,0,0,1,0,1,0,0
53914,1,11.0,Computer,3,16.0,Debit Card,Male,3.0,6,Grocery,3,Married,9,0,12.0,2.0,2.0,11.0,254.36,1,1,0,0,0,1,0,0,0,1,0,0,0,0,1,0
52069,0,19.0,Phone,1,13.0,Credit Card,Male,3.0,3,Fashion,3,Married,7,0,13.0,1.0,1.0,7.0,208.45,1,0,1,0,1,0,0,0,1,0,0,0,0,0,1,0
50421,0,3.0,Phone,3,33.0,E Wallet,Male,2.0,3,Laptop & Accessory,2,Married,8,0,23.0,4.0,7.0,7.0,153.04,1,0,1,0,0,0,1,0,0,0,1,0,0,0,1,0
51511,0,23.0,Phone,1,17.0,Debit Card,Female,2.0,3,Others,4,Single,4,0,15.0,0.0,4.0,4.0,299.26,0,0,1,0,0,1,0,0,0,0,0,0,1,0,0,1
52792,0,7.0,Phone,3,34.0,E Wallet,Female,3.0,4,Laptop & Accessory,3,Married,2,0,21.0,1.0,1.0,7.0,167.12,0,0,1,0,0,0,1,0,0,0,1,0,0,0,1,0
53609,0,25.0,Computer,3,16.0,Debit Card,Male,3.0,4,Others,4,Married,6,1,25.0,3.0,12.0,11.0,323.47,1,1,0,0,0,1,0,0,0,0,0,0,1,0,1,0
53922,0,20.0,Phone,1,20.0,Debit Card,Male,3.0,4,Laptop & Accessory,4,Single,8,0,15.0,2.0,2.0,10.0,180.62,1,0,1,0,0,1,0,0,0,0,1,0,0,0,0,1
53846,0,13.0,Phone,1,10.0,Credit Card,Male,4.0,5,Laptop & Accessory,3,Married,2,0,16.0,1.0,2.0,8.0,155.69,1,0,1,0,1,0,0,0,0,0,1,0,0,0,1,0
52330,0,1.0,Phone,3,32.0,Debit Card,Male,2.0,4,Laptop & Accessory,5,Married,2,0,11.0,1.0,1.0,4.0,147.24,1,0,1,0,0,1,0,0,0,0,1,0,0,0,1,0
54703,0,12.0,Phone,1,7.0,Debit Card,Female,3.0,4,Fashion,3,Single,6,1,15.0,1.0,2.0,1.0,203.61,0,0,1,0,0,1,0,0,1,0,0,0,0,0,0,1
50101,0,9.0,Phone,1,9.0,Debit Card,Male,3.0,4,Mobile,2,Divorced,4,0,17.0,0.0,1.0,0.0,121.77000000000001,1,0,1,0,0,1,0,0,0,0,0,1,0,1,0,0
50841,0,0.0,Phone,1,25.0,Credit Card,Male,3.0,3,Mobile,2,Divorced,4,0,11.0,1.0,1.0,2.0,136.69,1,0,1,0,1,0,0,0,0,0,0,1,0,1,0,0
54022,0,22.0,Phone,1,17.0,Debit Card,Male,4.0,5,Others,4,Married,6,0,15.0,4.0,13.0,10.0,321.65,1,0,1,0,0,1,0,0,0,0,0,0,1,0,1,0
54953,1,1.0,Computer,1,36.0,Credit Card,Female,3.0,5,Laptop & Accessory,3,Single,3,0,23.0,3.0,4.0,9.0,170.08,0,1,0,0,1,0,0,0,0,0,1,0,0,0,0,1
52394,0,7.0,Phone,3,9.0,Upi,Male,2.0,5,Laptop & Accessory,5,Single,4,0,18.0,2.0,3.0,12.0,147.59,1,0,1,0,0,0,0,1,0,0,1,0,0,0,0,1
54534,0,1.0,Phone,1,7.0,Credit Card,Male,3.0,4,Mobile,4,Married,3,0,12.0,1.0,2.0,5.0,163.16,1,0,1,0,1,0,0,0,0,0,0,1,0,0,1,0
50447,0,0.0,Computer,1,6.0,Debit Card,Female,3.0,5,Mobile,2,Married,4,0,14.0,2.0,2.0,0.0,143.64,0,1,0,0,0,1,0,0,0,0,0,1,0,0,1,0
50373,0,17.0,Phone,1,9.0,Upi,Male,2.0,3,Others,2,Divorced,5,1,15.0,1.0,1.0,1.0,295.13,1,0,1,0,0,0,0,1,0,0,0,0,1,1,0,0
52248,0,0.0,Phone,1,14.0,Debit Card,Male,3.0,3,Mobile,3,Married,2,0,11.0,1.0,1.0,3.0,125.16999999999999,1,0,1,0,0,1,0,0,0,0,0,1,0,0,1,0
51037,0,11.0,Phone,1,8.0,Credit Card,Female,2.0,4,Fashion,3,Married,4,1,19.0,1.0,1.0,2.0,177.56,0,0,1,0,1,0,0,0,1,0,0,0,0,0,1,0
55550,0,5.0,Computer,1,8.0,Debit Card,Male,3.0,6,Laptop & Accessory,5,Married,3,0,22.0,7.0,9.0,8.0,175.03,1,1,0,0,0,1,0,0,0,0,1,0,0,0,1,0
50116,0,9.0,Phone,1,6.0,Credit Card,Female,3.0,3,Mobile,3,Married,8,0,14.0,0.0,1.0,2.0,122.32,0,0,1,0,1,0,0,0,0,0,0,1,0,0,1,0
52477,0,7.0,Computer,1,16.0,Cash On Delivery,Male,3.0,4,Laptop & Accessory,3,Married,2,0,14.0,1.0,7.0,7.0,150.63,1,1,0,1,0,0,0,0,0,0,1,0,0,0,1,0
55198,0,19.0,Phone,1,36.0,Cash On Delivery,Male,3.0,4,Fashion,1,Married,6,1,19.0,2.0,2.0,3.0,218.8,1,0,1,1,0,0,0,0,1,0,0,0,0,0,1,0
52957,0,5.0,Phone,1,30.0,Credit Card,Male,4.0,5,Laptop & Accessory,2,Divorced,2,0,22.0,2.0,8.0,9.0,180.82,1,0,1,0,1,0,0,0,0,0,1,0,0,1,0,0
51864,0,11.0,Phone,3,13.0,E Wallet,Female,2.0,4,Laptop & Accessory,1,Single,1,0,20.0,1.0,1.0,5.0,140.28,0,0,1,0,0,0,1,0,0,0,1,0,0,0,0,1
52427,0,8.0,Phone,1,22.0,Debit Card,Female,3.0,4,Fashion,4,Single,2,0,19.0,3.0,3.0,3.0,186.06,0,0,1,0,0,1,0,0,1,0,0,0,0,0,0,1
51591,0,4.0,Computer,1,9.0,Credit Card,Male,3.0,3,Fashion,3,Married,10,0,12.0,2.0,2.0,2.0,236.75,1,1,0,0,1,0,0,0,1,0,0,0,0,0,1,0
50824,0,3.0,Phone,1,23.0,Credit Card,Female,3.0,3,Fashion,5,Divorced,2,1,23.0,0.0,1.0,3.0,219.16000000000003,0,0,1,0,1,0,0,0,1,0,0,0,0,1,0,0
52319,0,8.0,Phone,1,7.0,Credit Card,Female,2.0,4,Laptop & Accessory,1,Married,1,0,12.0,0.0,1.0,0.0,153.63,0,0,1,0,1,0,0,0,0,0,1,0,0,0,1,0
54298,0,13.0,Phone,3,11.0,Debit Card,Female,3.0,5,Laptop & Accessory,3,Married,6,0,15.0,6.0,6.0,10.0,184.02,0,0,1,0,0,1,0,0,0,0,1,0,0,0,1,0
54830,1,3.0,Phone,1,13.0,Credit Card,Male,4.0,4,Mobile,5,Married,9,1,22.0,2.0,3.0,3.0,149.04,1,0,1,0,1,0,0,0,0,0,0,1,0,0,1,0
52266,0,7.0,Computer,1,25.0,Credit Card,Female,2.0,3,Laptop & Accessory,4,Married,5,0,13.0,0.0,5.0,10.0,144.44,0,1,0,0,1,0,0,0,0,0,1,0,0,0,1,0
53967,0,11.0,Phone,3,16.0,E Wallet,Male,3.0,5,Laptop & Accessory,4,Married,3,0,15.0,1.0,2.0,4.0,166.89,1,0,1,0,0,0,1,0,0,0,1,0,0,0,1,0
51773,0,30.0,Computer,3,34.0,E Wallet,Female,3.0,4,Fashion,5,Married,5,0,19.0,3.0,13.0,11.0,202.66,0,1,0,0,0,0,1,0,1,0,0,0,0,0,1,0
55374,1,1.0,Phone,3,14.0,Debit Card,Male,4.0,4,Mobile,1,Married,3,1,22.0,2.0,2.0,3.0,147.75,1,0,1,0,0,1,0,0,0,0,0,1,0,0,1,0
51517,1,0.0,Computer,3,14.0,Cash On Delivery,Female,3.0,5,Mobile,5,Single,1,0,21.0,1.0,1.0,0.0,123.25,0,1,0,1,0,0,0,0,0,0,0,1,0,0,0,1
54390,1,1.0,Phone,1,25.0,Credit Card,Male,3.0,5,Mobile,1,Single,3,1,14.0,1.0,2.0,2.0,148.89,1,0,1,0,1,0,0,0,0,0,0,1,0,0,0,1
50980,0,2.0,Phone,1,14.0,Debit Card,Male,3.0,1,Mobile,3,Married,7,0,18.0,1.0,1.0,0.0,124.50999999999999,1,0,1,0,0,1,0,0,0,0,0,1,0,0,1,0
55534,0,12.0,Computer,1,15.0,Credit Card,Female,3.0,5,Laptop & Accessory,4,Married,3,1,17.0,2.0,2.0,8.0,146.33,0,1,0,0,1,0,0,0,0,0,1,0,0,0,1,0
51578,0,9.0,Phone,2,12.0,Credit Card,Male,2.0,3,Mobile,3,Married,9,0,17.0,0.0,2.0,2.0,122.66999999999999,1,0,1,0,1,0,0,0,0,0,0,1,0,0,1,0
50989,0,5.0,Computer,1,6.0,Cash On Delivery,Male,3.0,3,Laptop & Accessory,5,Married,5,0,14.0,1.0,1.0,2.0,140.87,1,1,0,1,0,0,0,0,0,0,1,0,0,0,1,0
51889,0,17.0,Computer,1,30.0,Credit Card,Male,2.0,5,Mobile,3,Single,3,0,14.0,0.0,1.0,4.0,137.08,1,1,0,0,1,0,0,0,0,0,0,1,0,0,0,1
55554,0,1.0,Phone,3,16.0,E Wallet,Male,3.0,4,Laptop & Accessory,1,Single,3,0,15.0,2.0,2.0,8.0,166.05,1,0,1,0,0,0,1,0,0,0,1,0,0,0,0,1
52512,0,21.0,Computer,1,10.0,Credit Card,Male,2.0,4,Grocery,1,Married,3,0,25.0,0.0,2.0,2.0,252.01999999999998,1,1,0,0,1,0,0,0,0,1,0,0,0,0,1,0
52220,0,3.0,Phone,1,13.0,Debit Card,Male,2.0,3,Laptop & Accessory,3,Married,2,0,13.0,4.0,8.0,9.0,134.91,1,0,1,0,0,1,0,0,0,0,1,0,0,0,1,0
53718,0,8.0,Phone,1,7.0,Debit Card,Female,3.0,5,Mobile,4,Divorced,7,0,18.0,2.0,2.0,3.0,157.94,0,0,1,0,0,1,0,0,0,0,0,1,0,1,0,0
52883,1,1.0,Phone,1,30.0,Debit Card,Male,3.0,5,Laptop & Accessory,3,Divorced,5,1,14.0,2.0,2.0,2.0,184.16,1,0,1,0,0,1,0,0,0,0,1,0,0,1,0,0
52710,0,1.0,Computer,3,7.0,Debit Card,Male,2.0,4,Laptop & Accessory,1,Married,2,1,12.0,1.0,1.0,7.0,168.34,1,1,0,0,0,1,0,0,0,0,1,0,0,0,1,0
55362,1,1.0,Phone,1,15.0,Credit Card,Male,4.0,5,Mobile,3,Single,3,1,12.0,2.0,2.0,3.0,164.89,1,0,1,0,1,0,0,0,0,0,0,1,0,0,0,1
53486,0,11.0,Phone,3,17.0,Debit Card,Female,3.0,5,Laptop & Accessory,2,Married,4,1,15.0,1.0,2.0,1.0,191.94,0,0,1,0,0,1,0,0,0,0,1,0,0,0,1,0
52817,1,1.0,Phone,1,9.0,Upi,Male,4.0,5,Mobile,3,Single,8,1,16.0,1.0,2.0,1.0,145.9,1,0,1,0,0,0,0,1,0,0,0,1,0,0,0,1
54350,0,25.0,Phone,1,10.0,Credit Card,Female,4.0,4,Grocery,4,Single,5,0,19.0,1.0,2.0,1.0,262.34,0,0,1,0,1,0,0,0,0,1,0,0,0,0,0,1
54535,0,2.0,Phone,3,16.0,Debit Card,Male,4.0,4,Laptop & Accessory,1,Single,3,0,17.0,2.0,2.0,8.0,177.53,1,0,1,0,0,1,0,0,0,0,1,0,0,0,0,1
55139,0,14.0,Phone,1,9.0,Credit Card,Female,3.0,2,Laptop & Accessory,3,Married,7,0,21.0,7.0,12.0,9.0,188.77,0,0,1,0,1,0,0,0,0,0,1,0,0,0,1,0
53024,0,17.0,Phone,1,14.0,Debit Card,Female,3.0,4,Fashion,5,Divorced,10,0,17.0,2.0,2.0,3.0,224.85,0,0,1,0,0,1,0,0,1,0,0,0,0,1,0,0
54765,0,16.0,Phone,1,36.0,Debit Card,Male,4.0,4,Laptop & Accessory,4,Married,3,0,14.0,6.0,8.0,9.0,169.34,1,0,1,0,0,1,0,0,0,0,1,0,0,0,1,0
52509,0,10.0,Phone,1,16.0,Credit Card,Female,3.0,3,Mobile,4,Married,2,0,11.0,4.0,7.0,7.0,139.36,0,0,1,0,1,0,0,0,0,0,0,1,0,0,1,0
51994,0,10.0,Computer,3,27.0,Credit Card,Female,2.9315348837209303,3,Mobile,1,Married,6,0,15.0,1.0,1.0,0.0,129.73,0,1,0,0,1,0,0,0,0,0,0,1,0,0,1,0
54995,0,8.0,Phone,3,16.0,Debit Card,Female,4.0,4,Laptop & Accessory,3,Married,3,0,21.0,1.0,2.0,4.0,182.14,0,0,1,0,0,1,0,0,0,0,1,0,0,0,1,0
51816,0,0.0,Computer,3,14.0,Credit Card,Male,2.0,3,Mobile,1,Married,1,0,13.0,1.0,2.0,1.0,124.0,1,1,0,0,1,0,0,0,0,0,0,1,0,0,1,0
52411,0,28.0,Phone,1,10.0,Debit Card,Male,1.0,3,Laptop & Accessory,3,Married,1,1,16.0,1.0,1.0,2.0,140.35,1,0,1,0,0,1,0,0,0,0,1,0,0,0,1,0
50763,0,15.0,Computer,1,32.0,Credit Card,Female,2.0,3,Fashion,5,Divorced,4,1,17.0,0.0,2.0,0.0,231.91000000000003,0,1,0,0,1,0,0,0,1,0,0,0,0,1,0,0
50142,0,4.0,Phone,1,29.0,Credit Card,Male,3.0,4,Laptop & Accessory,2,Divorced,1,0,21.0,1.0,7.0,8.0,155.82,1,0,1,0,1,0,0,0,0,0,1,0,0,1,0,0
53672,1,1.0,Computer,3,25.0,E Wallet,Female,4.0,4,Laptop & Accessory,3,Divorced,2,1,19.0,4.0,4.0,3.0,171.14,0,1,0,0,0,0,1,0,0,0,1,0,0,1,0,0
54021,0,17.0,Phone,1,13.0,Credit Card,Female,3.0,5,Others,3,Married,9,0,15.0,4.0,7.0,15.0,318.92,0,0,1,0,1,0,0,0,0,0,0,0,1,0,1,0
53901,0,7.0,Phone,1,28.0,Credit Card,Male,4.0,2,Mobile,4,Married,3,0,19.0,3.0,3.0,14.0,145.28,1,0,1,0,1,0,0,0,0,0,0,1,0,0,1,0
51969,0,3.0,Computer,1,11.0,Debit Card,Male,3.0,4,Mobile,1,Married,10,0,12.0,0.0,1.0,3.0,137.61,1,1,0,0,0,1,0,0,0,0,0,1,0,0,1,0
54549,0,16.0,Phone,1,7.0,Debit Card,Female,4.0,4,Mobile,5,Married,5,0,17.0,1.0,2.0,3.0,150.76,0,0,1,0,0,1,0,0,0,0,0,1,0,0,1,0
55246,1,1.0,Computer,1,10.0,Debit Card,Female,3.0,4,Mobile,3,Single,3,0,13.0,3.0,8.0,8.0,165.84,0,1,0,0,0,1,0,0,0,0,0,1,0,0,0,1
55206,0,14.0,Phone,1,9.0,Credit Card,Male,4.0,4,Mobile,3,Married,4,0,15.0,2.0,2.0,3.0,148.45,1,0,1,0,1,0,0,0,0,0,0,1,0,0,1,0
51978,0,15.0,Computer,1,14.0,Credit Card,Male,2.0,3,Mobile,1,Single,6,1,14.0,1.0,2.0,2.0,125.15,1,1,0,0,1,0,0,0,0,0,0,1,0,0,0,1
55448,0,16.0,Phone,1,20.0,Credit Card,Male,4.0,2,Laptop & Accessory,5,Married,7,0,19.0,2.0,2.0,1.0,180.38,1,0,1,0,1,0,0,0,0,0,1,0,0,0,1,0
51566,0,9.0,Phone,1,11.0,Debit Card,Male,3.0,3,Laptop & Accessory,4,Single,9,0,16.0,2.0,3.0,7.0,159.14,1,0,1,0,0,1,0,0,0,0,1,0,0,0,0,1
54233,0,5.0,Phone,1,7.0,Credit Card,Male,3.0,4,Mobile,4,Single,3,0,18.0,2.0,2.0,1.0,150.01,1,0,1,0,1,0,0,0,0,0,0,1,0,0,0,1
50084,0,13.0,Computer,1,15.0,Debit Card,Male,3.0,4,Laptop & Accessory,2,Divorced,10,0,14.0,1.0,1.0,2.0,148.76,1,1,0,0,0,1,0,0,0,0,1,0,0,1,0,0
54554,0,8.0,Computer,3,11.0,E Wallet,Female,4.0,4,Laptop & Accessory,3,Married,11,0,16.0,1.0,2.0,3.0,190.38,0,1,0,0,0,0,1,0,0,0,1,0,0,0,1,0
52264,0,24.0,Computer,3,15.0,Debit Card,Male,2.0,3,Others,4,Married,5,1,15.0,6.0,11.0,10.0,298.47,1,1,0,0,0,1,0,0,0,0,0,0,1,0,1,0
52291,0,23.0,Phone,1,34.0,Debit Card,Female,2.0,3,Grocery,5,Married,5,1,11.0,1.0,1.0,2.0,268.8,0,0,1,0,0,1,0,0,0,1,0,0,0,0,1,0
52789,0,15.0,Phone,1,8.0,Debit Card,Male,2.0,3,Others,3,Married,6,0,11.0,1.0,4.0,14.0,288.8,1,0,1,0,0,1,0,0,0,0,0,0,1,0,1,0
52117,0,27.0,Phone,3,8.0,Debit Card,Female,2.0,4,Fashion,3,Married,7,0,11.0,6.0,7.0,0.0,206.86,0,0,1,0,0,1,0,0,1,0,0,0,0,0,1,0
52907,1,1.0,Computer,3,33.0,E Wallet,Female,3.0,5,Laptop & Accessory,5,Single,7,0,16.0,1.0,2.0,2.0,191.96,0,1,0,0,0,0,1,0,0,0,1,0,0,0,0,1
51738,0,27.0,Phone,1,11.0,Credit Card,Male,2.0,3,Others,5,Married,5,0,15.0,1.0,1.0,2.0,294.06,1,0,1,0,1,0,0,0,0,0,0,0,1,0,1,0
53995,0,14.0,Phone,1,19.0,Debit Card,Female,3.0,4,Laptop & Accessory,5,Married,4,0,13.0,8.0,8.0,8.0,169.48,0,0,1,0,0,1,0,0,0,0,1,0,0,0,1,0
51490,0,5.0,Computer,3,15.0,Credit Card,Male,2.0,5,Laptop & Accessory,1,Married,1,0,17.0,0.0,1.0,7.0,146.68,1,1,0,0,1,0,0,0,0,0,1,0,0,0,1,0
52663,0,0.0,Computer,1,14.0,Debit Card,Female,2.0,3,Mobile,1,Single,1,1,14.0,1.0,1.0,2.0,123.78999999999999,0,1,0,0,0,1,0,0,0,0,0,1,0,0,0,1
55081,0,8.0,Computer,1,26.0,Credit Card,Female,3.0,4,Laptop & Accessory,4,Married,6,0,14.0,1.0,6.0,11.0,169.44,0,1,0,0,1,0,0,0,0,0,1,0,0,0,1,0
50236,0,30.0,Phone,1,6.0,Credit Card,Male,2.0,3,Laptop & Accessory,3,Divorced,3,0,11.0,1.0,1.0,2.0,167.55,1,0,1,0,1,0,0,0,0,0,1,0,0,1,0,0
52756,0,13.0,Phone,3,8.0,E Wallet,Female,3.0,3,Laptop & Accessory,4,Married,4,0,14.0,1.0,5.0,10.0,156.77,0,0,1,0,0,0,1,0,0,0,1,0,0,0,1,0
55346,0,17.0,Phone,1,22.0,Debit Card,Male,4.0,5,Grocery,3,Married,3,0,15.0,3.0,7.0,12.0,301.03,1,0,1,0,0,1,0,0,0,1,0,0,0,0,1,0
54669,0,9.0,Phone,1,13.0,Debit Card,Male,3.0,6,Laptop & Accessory,1,Single,3,0,14.0,1.0,12.0,9.0,191.46,1,0,1,0,0,1,0,0,0,0,1,0,0,0,0,1
55064,0,3.0,Phone,1,14.0,Debit Card,Male,3.0,4,Laptop & Accessory,1,Married,3,1,12.0,2.0,2.0,1.0,191.23,1,0,1,0,0,1,0,0,0,0,1,0,0,0,1,0
51998,0,10.0,Computer,3,25.0,Credit Card,Male,2.0,3,Fashion,4,Single,2,1,13.0,0.0,1.0,9.0,176.42,1,1,0,0,1,0,0,0,1,0,0,0,0,0,0,1
53693,0,9.0,Computer,1,25.0,Debit Card,Male,3.0,4,Fashion,2,Single,4,0,12.0,1.0,3.0,3.0,218.62,1,1,0,0,0,1,0,0,1,0,0,0,0,0,0,1
52285,1,0.0,Phone,1,13.0,Debit Card,Male,3.0,3,Laptop & Accessory,3,Married,2,0,18.0,0.0,1.0,1.0,148.83,1,0,1,0,0,1,0,0,0,0,1,0,0,0,1,0
50710,0,7.0,Phone,3,15.0,Debit Card,Female,3.0,3,Laptop & Accessory,3,Divorced,2,0,20.0,1.0,1.0,3.0,157.14,0,0,1,0,0,1,0,0,0,0,1,0,0,1,0,0
52012,1,0.0,Phone,1,9.0,Debit Card,Female,2.0,3,Laptop & Accessory,3,Married,1,1,19.0,1.0,1.0,2.0,141.71,0,0,1,0,0,1,0,0,0,0,1,0,0,0,1,0
52641,0,14.0,Phone,3,10.0,E Wallet,Female,2.0,3,Fashion,3,Married,1,1,13.0,5.0,13.0,5.0,204.47,0,0,1,0,0,0,1,0,1,0,0,0,0,0,1,0
52199,0,0.0,Phone,1,14.0,Debit Card,Male,2.0,3,Mobile,5,Single,2,0,25.0,0.0,1.0,0.0,125.52000000000001,1,0,1,0,0,1,0,0,0,0,0,1,0,0,0,1
54854,1,1.0,Phone,3,10.0,Debit Card,Male,3.0,5,Fashion,1,Married,3,1,12.0,4.0,4.0,3.0,228.25,1,0,1,0,0,1,0,0,1,0,0,0,0,0,1,0
53569,0,16.0,Computer,2,9.0,Credit Card,Male,4.0,2,Laptop & Accessory,5,Divorced,9,0,17.0,1.0,2.0,4.0,187.72,1,1,0,0,1,0,0,0,0,0,1,0,0,1,0,0
53809,0,1.0,Phone,1,10.0,Debit Card,Female,3.0,4,Mobile,1,Married,3,0,22.0,2.0,2.0,1.0,145.61,0,0,1,0,0,1,0,0,0,0,0,1,0,0,1,0
53961,0,8.0,Phone,3,10.0,Debit Card,Female,3.0,6,Laptop & Accessory,1,Single,7,0,13.0,2.0,3.0,3.0,185.29,0,0,1,0,0,1,0,0,0,0,1,0,0,0,0,1
54409,0,11.0,Phone,1,7.0,Credit Card,Female,3.0,5,Mobile,5,Married,4,0,15.0,1.0,2.0,3.0,164.2,0,0,1,0,1,0,0,0,0,0,0,1,0,0,1,0
52213,0,23.0,Computer,1,8.0,Credit Card,Female,1.0,3,Grocery,5,Married,3,0,22.0,1.0,2.0,2.0,278.56,0,1,0,0,1,0,0,0,0,1,0,0,0,0,1,0
54275,0,8.0,Phone,1,13.0,Debit Card,Female,3.0,5,Laptop & Accessory,4,Married,8,0,16.0,2.0,2.0,1.0,170.05,0,0,1,0,0,1,0,0,0,0,1,0,0,0,1,0
51443,0,1.0,Computer,3,10.0,Credit Card,Male,2.0,3,Laptop & Accessory,3,Married,2,0,15.0,0.0,1.0,4.0,142.21,1,1,0,0,1,0,0,0,0,0,1,0,0,0,1,0
53568,0,20.0,Phone,1,9.0,Cash On Delivery,Male,3.0,4,Laptop & Accessory,2,Married,4,0,12.0,2.0,2.0,5.0,198.79,1,0,1,1,0,0,0,0,0,0,1,0,0,0,1,0
51254,0,15.0,Phone,3,18.0,E Wallet,Male,3.0,3,Laptop & Accessory,1,Married,4,1,12.0,0.0,1.0,0.0,150.87,1,0,1,0,0,0,1,0,0,0,1,0,0,0,1,0
53767,0,28.0,Computer,1,18.0,Credit Card,Female,3.0,4,Grocery,1,Married,5,0,21.0,1.0,2.0,13.0,285.32,0,1,0,0,1,0,0,0,0,1,0,0,0,0,1,0
52968,0,12.0,Phone,3,14.0,Credit Card,Female,3.0,3,Laptop & Accessory,5,Married,3,1,25.0,1.0,8.0,8.0,181.05,0,0,1,0,1,0,0,0,0,0,1,0,0,0,1,0
53552,0,20.0,Phone,3,9.0,E Wallet,Female,4.0,4,Grocery,5,Divorced,10,0,15.0,13.0,16.0,10.0,295.48,0,0,1,0,0,0,1,0,0,1,0,0,0,1,0,0
50865,0,10.0,Phone,1,10.0,Debit Card,Male,2.9315348837209303,3,Mobile,3,Divorced,8,1,15.0,1.0,1.0,3.0,129.96,1,0,1,0,0,1,0,0,0,0,0,1,0,1,0,0
54016,0,16.0,Phone,1,15.0,Debit Card,Male,3.0,4,Mobile,3,Single,6,0,14.0,2.0,2.0,1.0,164.68,1,0,1,0,0,1,0,0,0,0,0,1,0,0,0,1
55058,0,31.0,Phone,3,10.0,Debit Card,Female,3.0,5,Laptop & Accessory,1,Single,7,0,18.0,1.0,2.0,6.0,176.71,0,0,1,0,0,1,0,0,0,0,1,0,0,0,0,1
50104,0,8.0,Computer,3,6.0,E Wallet,Female,3.0,3,Fashion,3,Single,2,0,14.0,1.0,1.0,8.0,187.89,0,1,0,0,0,0,1,0,1,0,0,0,0,0,0,1
52796,0,8.0,Phone,2,32.0,Debit Card,Female,2.0,3,Fashion,1,Single,2,1,16.0,1.0,1.0,7.0,188.37,0,0,1,0,0,1,0,0,1,0,0,0,0,0,0,1
55279,0,1.0,Phone,1,10.0,Debit Card,Female,3.0,4,Mobile,1,Married,3,0,22.0,2.0,2.0,1.0,145.61,0,0,1,0,0,1,0,0,0,0,0,1,0,0,1,0
50565,1,0.0,Phone,1,10.0,Cash On Delivery,Male,2.9315348837209303,3,Mobile,5,Single,2,0,19.0,1.0,1.0,0.0,129.73,1,0,1,1,0,0,0,0,0,0,0,1,0,0,0,1
53036,0,1.0,Phone,1,33.0,Debit Card,Male,3.0,4,Mobile,2,Married,3,0,13.0,2.0,2.0,3.0,154.04,1,0,1,0,0,1,0,0,0,0,0,1,0,0,1,0
55513,0,18.0,Phone,1,8.0,Debit Card,Male,4.0,2,Laptop & Accessory,5,Married,4,0,16.0,2.0,3.0,3.0,175.33,1,0,1,0,0,1,0,0,0,0,1,0,0,0,1,0
54365,1,2.0,Phone,1,36.0,Credit Card,Male,4.0,4,Laptop & Accessory,5,Married,9,1,20.0,2.0,2.0,1.0,191.73,1,0,1,0,1,0,0,0,0,0,1,0,0,0,1,0
52845,0,6.0,Computer,3,15.0,E Wallet,Female,3.0,4,Fashion,2,Single,3,0,15.0,3.0,4.0,3.0,214.98,0,1,0,0,0,0,1,0,1,0,0,0,0,0,0,1
50337,0,8.0,Phone,3,6.0,Credit Card,Female,3.0,3,Laptop & Accessory,3,Single,2,0,16.0,0.0,1.0,3.0,148.59,0,0,1,0,1,0,0,0,0,0,1,0,0,0,0,1
54637,0,1.0,Phone,1,24.0,Upi,Male,4.0,5,Mobile,4,Married,3,0,22.0,2.0,2.0,1.0,146.27,1,0,1,0,0,0,0,1,0,0,0,1,0,0,1,0
55424,0,16.0,Phone,1,19.0,Credit Card,Male,3.0,4,Mobile,4,Married,10,0,23.0,2.0,2.0,5.0,152.66,1,0,1,0,1,0,0,0,0,0,0,1,0,0,1,0
54919,0,31.0,Phone,3,7.0,Cash On Delivery,Male,4.0,4,Fashion,1,Married,5,1,15.0,2.0,2.0,5.0,244.04000000000002,1,0,1,1,0,0,0,0,1,0,0,0,0,0,1,0
52471,0,2.0,Computer,1,8.0,Debit Card,Male,2.0,3,Laptop & Accessory,1,Married,2,0,19.0,1.0,1.0,3.0,188.53,1,1,0,0,0,1,0,0,0,0,1,0,0,0,1,0
50835,0,13.0,Phone,1,8.0,Debit Card,Male,3.0,3,Laptop & Accessory,2,Single,2,0,13.0,3.0,8.0,8.0,146.61,1,0,1,0,0,1,0,0,0,0,1,0,0,0,0,1
51990,0,4.0,Phone,1,14.0,Debit Card,Male,2.0,3,Mobile,1,Married,4,1,19.0,0.0,1.0,2.0,123.56,1,0,1,0,0,1,0,0,0,0,0,1,0,0,1,0
54851,0,5.0,Phone,1,19.0,Credit Card,Female,3.0,4,Laptop & Accessory,1,Married,2,1,12.0,7.0,9.0,6.0,183.55,0,0,1,0,1,0,0,0,0,0,1,0,0,0,1,0
50623,0,11.0,Phone,3,9.0,Debit Card,Male,2.0,3,Laptop & Accessory,2,Single,9,1,12.0,1.0,1.0,0.0,168.61,1,0,1,0,0,1,0,0,0,0,1,0,0,0,0,1
51625,0,23.0,Phone,1,10.0,Debit Card,Male,3.0,3,Others,4,Married,4,0,14.0,1.0,1.0,6.0,291.44,1,0,1,0,0,1,0,0,0,0,0,0,1,0,1,0
53250,0,12.0,Phone,1,9.0,Credit Card,Male,4.0,4,Mobile,3,Divorced,8,1,14.0,1.0,2.0,2.0,155.57,1,0,1,0,1,0,0,0,0,0,0,1,0,1,0,0
53075,0,10.0,Phone,3,9.0,Credit Card,Male,4.0,5,Fashion,3,Divorced,3,0,14.0,10.0,10.0,1.0,200.96,1,0,1,0,1,0,0,0,1,0,0,0,0,1,0,0
55015,0,19.0,Phone,1,14.0,Credit Card,Female,3.0,4,Mobile,3,Married,6,1,20.0,1.0,2.0,3.0,169.77,0,0,1,0,1,0,0,0,0,0,0,1,0,0,1,0
52556,0,9.0,Phone,1,27.0,Credit Card,Male,3.0,1,Mobile,4,Married,2,0,18.0,0.0,2.0,13.0,120.28,1,0,1,0,1,0,0,0,0,0,0,1,0,0,1,0
50211,0,13.0,Phone,3,6.0,Credit Card,Male,2.0,5,Laptop & Accessory,2,Divorced,3,1,22.0,1.0,1.0,2.0,174.57,1,0,1,0,1,0,0,0,0,0,1,0,0,1,0,0
54741,0,9.0,Phone,3,15.0,Debit Card,Female,4.0,4,Mobile,1,Married,3,0,17.0,2.0,2.0,3.0,150.72,0,0,1,0,0,1,0,0,0,0,0,1,0,0,1,0
55192,1,10.0,Phone,3,16.0,E Wallet,Male,3.0,4,Fashion,1,Married,6,0,12.0,5.0,5.0,3.0,225.96,1,0,1,0,0,0,1,0,1,0,0,0,0,0,1,0
52549,0,26.0,Phone,1,30.0,Credit Card,Male,2.0,1,Fashion,1,Married,4,0,15.0,0.0,1.0,2.0,170.05,1,0,1,0,1,0,0,0,1,0,0,0,0,0,1,0
51342,0,12.0,Phone,1,12.0,Credit Card,Male,2.0,4,Fashion,5,Married,5,0,15.0,1.0,1.0,7.0,199.91,1,0,1,0,1,0,0,0,1,0,0,0,0,0,1,0
55488,0,20.0,Phone,3,10.0,Cash On Delivery,Female,3.0,2,Grocery,5,Married,4,0,13.0,3.0,2.0,9.0,257.25,0,0,1,1,0,0,0,0,0,1,0,0,0,0,1,0
51375,0,19.0,Phone,3,8.0,E Wallet,Female,2.0,3,Others,5,Single,4,0,12.0,1.0,2.0,1.0,289.47,0,0,1,0,0,0,1,0,0,0,0,0,1,0,0,1
53022,0,1.0,Computer,3,7.0,E Wallet,Male,4.0,4,Laptop & Accessory,4,Divorced,2,1,14.0,1.0,2.0,5.0,188.49,1,1,0,0,0,0,1,0,0,0,1,0,0,1,0,0
52100,0,6.0,Computer,3,14.0,Debit Card,Female,2.0,4,Mobile,1,Single,1,0,19.0,0.0,2.0,2.0,123.41999999999999,0,1,0,0,0,1,0,0,0,0,0,1,0,0,0,1
55110,0,13.0,Phone,1,25.0,Debit Card,Male,3.0,4,Laptop & Accessory,3,Single,2,0,12.0,2.0,2.0,8.0,170.34,1,0,1,0,0,1,0,0,0,0,1,0,0,0,0,1
51786,1,0.0,Computer,2,29.0,Upi,Female,2.0,3,Fashion,5,Married,10,1,15.0,1.0,1.0,2.0,199.5,0,1,0,0,0,0,0,1,1,0,0,0,0,0,1,0
54621,0,1.0,Phone,3,36.0,Credit Card,Male,3.0,4,Laptop & Accessory,3,Married,7,0,13.0,1.0,2.0,1.0,168.06,1,0,1,0,1,0,0,0,0,0,1,0,0,0,1,0
50938,0,17.0,Computer,1,8.0,Credit Card,Male,2.0,3,Fashion,3,Single,6,1,18.0,0.0,2.0,2.0,202.09,1,1,0,0,1,0,0,0,1,0,0,0,0,0,0,1
53880,0,7.0,Phone,3,9.0,Credit Card,Male,4.0,4,Laptop & Accessory,1,Married,3,0,15.0,2.0,2.0,5.0,180.05,1,0,1,0,1,0,0,0,0,0,1,0,0,0,1,0
51035,0,12.0,Computer,1,10.0,Credit Card,Female,2.0,3,Laptop & Accessory,3,Single,1,0,13.0,3.0,3.0,8.0,150.42,0,1,0,0,1,0,0,0,0,0,1,0,0,0,0,1
51955,0,16.0,Phone,1,20.0,Debit Card,Male,3.0,3,Grocery,5,Married,7,0,24.0,1.0,1.0,0.0,271.59,1,0,1,0,0,1,0,0,0,1,0,0,0,0,1,0
51249,0,9.0,Computer,1,14.0,Credit Card,Female,2.0,4,Laptop & Accessory,4,Married,2,1,16.0,1.0,1.0,7.0,121.33000000000001,0,1,0,0,1,0,0,0,0,0,1,0,0,0,1,0
50167,0,9.0,Phone,1,9.0,Cash On Delivery,Male,1.0,3,Laptop & Accessory,4,Single,5,0,12.0,6.0,7.0,7.0,144.85,1,0,1,1,0,0,0,0,0,0,1,0,0,0,0,1
51634,1,0.0,Phone,1,14.0,Credit Card,Male,2.0,3,Mobile,4,Married,3,1,13.0,1.0,1.0,2.0,123.72999999999999,1,0,1,0,1,0,0,0,0,0,0,1,0,0,1,0
55049,0,9.0,Computer,3,15.0,E Wallet,Female,4.0,5,Fashion,1,Married,6,1,12.0,4.0,5.0,3.0,228.77,0,1,0,0,0,0,1,0,1,0,0,0,0,0,1,0
50255,0,28.0,Phone,1,8.0,Debit Card,Female,3.0,3,Grocery,2,Single,3,1,13.0,1.0,1.0,2.0,266.59,0,0,1,0,0,1,0,0,0,1,0,0,0,0,0,1
50330,0,2.0,Phone,1,25.0,Cash On Delivery,Male,2.0,3,Laptop & Accessory,2,Married,5,0,12.0,0.0,1.0,2.0,142.62,1,0,1,1,0,0,0,0,0,0,1,0,0,0,1,0
50563,0,9.0,Phone,1,14.0,Credit Card,Male,3.0,3,Mobile,3,Single,5,0,21.0,2.0,3.0,9.0,125.19,1,0,1,0,1,0,0,0,0,0,0,1,0,0,0,1
51837,0,16.0,Computer,1,15.0,Credit Card,Male,3.0,3,Laptop & Accessory,3,Married,4,1,13.0,1.0,4.0,7.0,156.79,1,1,0,0,1,0,0,0,0,0,1,0,0,0,1,0
52867,0,7.0,Phone,1,9.0,Debit Card,Male,3.0,4,Mobile,2,Single,2,0,15.0,1.0,2.0,3.0,150.0,1,0,1,0,0,1,0,0,0,0,0,1,0,0,0,1
50427,0,12.0,Phone,2,9.0,Upi,Female,2.0,2,Laptop & Accessory,4,Divorced,10,0,15.0,3.0,3.0,6.0,163.89,0,0,1,0,0,0,0,1,0,0,1,0,0,1,0,0
55463,0,9.0,Phone,1,30.0,Credit Card,Male,4.0,6,Mobile,3,Married,2,0,17.0,1.0,2.0,4.0,152.05,1,0,1,0,1,0,0,0,0,0,0,1,0,0,1,0
50159,0,28.0,Phone,1,26.0,Cash On Delivery,Male,2.0,3,Laptop & Accessory,2,Divorced,4,1,19.0,1.0,1.0,8.0,154.15,1,0,1,1,0,0,0,0,0,0,1,0,0,1,0,0
53853,1,1.0,Phone,3,17.0,Credit Card,Male,3.0,5,Fashion,5,Married,11,0,18.0,5.0,7.0,3.0,228.06,1,0,1,0,1,0,0,0,1,0,0,0,0,0,1,0
50671,0,10.0,Phone,3,16.0,Debit Card,Female,2.0,4,Laptop & Accessory,2,Married,3,1,14.0,0.0,1.0,0.0,166.94,0,0,1,0,0,1,0,0,0,0,1,0,0,0,1,0
52067,0,23.0,Phone,1,30.0,Debit Card,Male,3.0,3,Grocery,3,Married,4,1,18.0,1.0,2.0,5.0,239.73000000000002,1,0,1,0,0,1,0,0,0,1,0,0,0,0,1,0
53454,0,8.0,Phone,3,17.0,Debit Card,Female,3.0,4,Mobile,3,Divorced,3,1,20.0,1.0,2.0,1.0,147.2,0,0,1,0,0,1,0,0,0,0,0,1,0,1,0,0
52280,0,9.0,Phone,1,7.0,Credit Card,Female,2.0,3,Mobile,4,Single,2,0,18.0,1.0,2.0,1.0,120.96000000000001,0,0,1,0,1,0,0,0,0,0,0,1,0,0,0,1
54978,0,10.0,Computer,1,25.0,Debit Card,Male,4.0,4,Laptop & Accessory,1,Single,4,0,21.0,1.0,2.0,10.0,202.79,1,1,0,0,0,1,0,0,0,0,1,0,0,0,0,1
52765,0,15.0,Phone,1,24.0,Debit Card,Male,2.0,3,Laptop & Accessory,5,Married,7,1,17.0,1.0,1.0,2.0,154.1,1,0,1,0,0,1,0,0,0,0,1,0,0,0,1,0
52678,1,0.0,Computer,1,14.0,Debit Card,Male,3.0,4,Mobile,1,Single,2,1,24.0,1.0,1.0,0.0,124.38999999999999,1,1,0,0,0,1,0,0,0,0,0,1,0,0,0,1
53725,0,19.0,Phone,1,27.0,Credit Card,Male,4.0,6,Fashion,5,Married,4,1,19.0,1.0,2.0,8.0,233.51,1,0,1,0,1,0,0,0,1,0,0,0,0,0,1,0
51734,0,15.0,Phone,1,14.0,Debit Card,Female,3.0,3,Mobile,5,Married,4,0,16.0,0.0,1.0,2.0,125.75999999999999,0,0,1,0,0,1,0,0,0,0,0,1,0,0,1,0
52682,0,28.0,Phone,1,8.0,Cash On Delivery,Male,2.9315348837209303,4,Mobile,1,Married,9,0,20.0,1.0,1.0,4.0,126.62,1,0,1,1,0,0,0,0,0,0,0,1,0,0,1,0
55125,0,8.0,Phone,3,22.0,Credit Card,Female,4.0,4,Laptop & Accessory,5,Single,3,0,13.0,5.0,10.0,7.0,186.25,0,0,1,0,1,0,0,0,0,0,1,0,0,0,0,1
52132,0,0.0,Computer,1,14.0,Debit Card,Male,2.0,5,Mobile,3,Married,2,0,19.0,1.0,1.0,2.0,146.21,1,1,0,0,0,1,0,0,0,0,0,1,0,0,1,0
55070,0,1.0,Phone,1,32.0,Debit Card,Female,3.0,2,Mobile,1,Single,3,1,13.0,1.0,2.0,2.0,154.94,0,0,1,0,0,1,0,0,0,0,0,1,0,0,0,1
51489,0,3.0,Phone,1,14.0,Debit Card,Female,3.0,3,Mobile,3,Single,2,0,14.0,1.0,1.0,4.0,126.32,0,0,1,0,0,1,0,0,0,0,0,1,0,0,0,1
53783,0,19.0,Phone,1,35.0,Cash On Delivery,Male,4.0,4,Mobile,1,Married,6,0,21.0,2.0,2.0,4.0,146.32,1,0,1,1,0,0,0,0,0,0,0,1,0,0,1,0
51112,1,0.0,Phone,3,19.0,E Wallet,Male,3.0,4,Laptop & Accessory,5,Married,6,1,13.0,2.0,2.0,2.0,161.34,1,0,1,0,0,0,1,0,0,0,1,0,0,0,1,0
53512,0,23.0,Phone,3,15.0,Cash On Delivery,Male,3.0,5,Grocery,4,Divorced,8,0,18.0,2.0,2.0,4.0,256.2,1,0,1,1,0,0,0,0,0,1,0,0,0,1,0,0
50688,0,16.0,Computer,1,33.0,Debit Card,Female,2.0,3,Fashion,5,Divorced,9,0,11.0,0.0,1.0,1.0,208.2,0,1,0,0,0,1,0,0,1,0,0,0,0,1,0,0
50223,0,20.0,Computer,3,10.0,Credit Card,Male,2.9315348837209303,3,Laptop & Accessory,3,Single,4,0,19.0,0.0,1.0,0.0,129.76,1,1,0,0,1,0,0,0,0,0,1,0,0,0,0,1
54624,1,1.0,Phone,1,31.0,Cash On Delivery,Male,4.0,6,Mobile,1,Single,3,1,19.0,1.0,2.0,1.0,148.4,1,0,1,1,0,0,0,0,0,0,0,1,0,0,0,1
54849,1,1.0,Phone,3,28.0,Upi,Male,3.0,5,Mobile,4,Single,3,1,14.0,2.0,2.0,1.0,146.21,1,0,1,0,0,0,0,1,0,0,0,1,0,0,0,1
53228,0,1.0,Computer,1,17.0,Debit Card,Male,3.0,4,Fashion,5,Married,3,0,22.0,2.0,2.0,3.0,212.93,1,1,0,0,0,1,0,0,1,0,0,0,0,0,1,0
50221,0,0.0,Phone,1,32.0,Debit Card,Male,2.9315348837209303,3,Mobile,2,Married,2,0,12.0,1.0,1.0,2.0,129.04,1,0,1,0,0,1,0,0,0,0,0,1,0,0,1,0
55547,0,1.0,Phone,1,8.0,Credit Card,Male,4.0,4,Mobile,5,Single,2,0,14.0,8.0,8.0,7.0,153.67,1,0,1,0,1,0,0,0,0,0,0,1,0,0,0,1
51046,0,0.0,Computer,1,14.0,Credit Card,Male,2.0,3,Mobile,1,Single,3,0,13.0,0.0,1.0,2.0,125.80000000000001,1,1,0,0,1,0,0,0,0,0,0,1,0,0,0,1
53829,0,24.0,Computer,1,27.0,Credit Card,Male,3.0,4,Grocery,3,Married,4,1,16.0,4.0,2.0,14.0,237.45,1,1,0,0,1,0,0,0,0,1,0,0,0,0,1,0
55439,0,10.0,Phone,1,17.0,Debit Card,Male,3.0,4,Fashion,5,Married,9,1,14.0,3.0,6.0,8.0,208.21,1,0,1,0,0,1,0,0,1,0,0,0,0,0,1,0
53313,0,6.0,Phone,3,20.0,Debit Card,Male,4.0,4,Laptop & Accessory,2,Married,4,0,12.0,1.0,2.0,4.0,169.03,1,0,1,0,0,1,0,0,0,0,1,0,0,0,1,0
52754,0,0.0,Phone,1,14.0,Upi,Male,3.0,3,Mobile,1,Single,2,0,13.0,1.0,1.0,4.0,126.47,1,0,1,0,0,0,0,1,0,0,0,1,0,0,0,1
53186,1,1.0,Phone,3,9.0,E Wallet,Male,3.0,4,Mobile,5,Married,2,0,12.0,1.0,2.0,3.0,155.41,1,0,1,0,0,0,1,0,0,0,0,1,0,0,1,0
50238,0,0.0,Computer,3,14.0,Credit Card,Male,2.0,3,Mobile,2,Single,2,0,24.0,0.0,2.0,2.0,126.1,1,1,0,0,1,0,0,0,0,0,0,1,0,0,0,1
55352,0,5.0,Phone,3,12.0,Debit Card,Female,4.0,4,Laptop & Accessory,1,Married,3,0,12.0,1.0,2.0,3.0,179.76,0,0,1,0,0,1,0,0,0,0,1,0,0,0,1,0
53571,0,6.0,Computer,1,20.0,Upi,Female,4.0,5,Mobile,4,Divorced,3,0,21.0,1.0,3.0,3.0,152.43,0,1,0,0,0,0,0,1,0,0,0,1,0,1,0,0
52236,0,27.0,Computer,1,7.0,Debit Card,Female,2.0,3,Fashion,3,Married,8,0,17.0,0.0,1.0,4.0,205.02,0,1,0,0,0,1,0,0,1,0,0,0,0,0,1,0
51798,0,18.0,Phone,3,8.0,Upi,Male,3.0,3,Laptop & Accessory,4,Married,1,0,19.0,3.0,3.0,7.0,148.05,1,0,1,0,0,0,0,1,0,0,1,0,0,0,1,0
54000,0,1.0,Phone,3,17.0,Credit Card,Male,3.0,4,Laptop & Accessory,1,Single,3,0,14.0,1.0,2.0,3.0,171.84,1,0,1,0,1,0,0,0,0,0,1,0,0,0,0,1
51807,0,8.0,Phone,3,6.0,Credit Card,Female,3.0,3,Laptop & Accessory,3,Single,2,0,16.0,1.0,1.0,3.0,148.59,0,0,1,0,1,0,0,0,0,0,1,0,0,0,0,1
54942,0,1.0,Phone,1,7.0,Credit Card,Male,3.0,5,Mobile,5,Married,3,0,17.0,2.0,2.0,4.0,164.55,1,0,1,0,1,0,0,0,0,0,0,1,0,0,1,0
54474,0,7.0,Computer,1,12.0,Debit Card,Female,4.0,4,Fashion,4,Married,8,0,12.0,8.0,2.0,9.0,243.77999999999997,0,1,0,0,0,1,0,0,1,0,0,0,0,0,1,0
54410,0,19.0,Computer,1,14.0,Debit Card,Male,4.0,2,Laptop & Accessory,3,Married,6,0,18.0,2.0,2.0,3.0,189.34,1,1,0,0,0,1,0,0,0,0,1,0,0,0,1,0
53433,0,24.0,Phone,1,16.0,Debit Card,Male,4.0,4,Mobile,2,Divorced,6,0,19.0,2.0,2.0,1.0,148.8,1,0,1,0,0,1,0,0,0,0,0,1,0,1,0,0
53195,1,9.0,Computer,3,33.0,Debit Card,Female,4.0,4,Laptop & Accessory,5,Divorced,4,0,15.0,1.0,2.0,1.0,167.86,0,1,0,0,0,1,0,0,0,0,1,0,0,1,0,0
52447,0,5.0,Phone,1,11.0,Debit Card,Female,3.0,4,Laptop & Accessory,4,Married,4,0,12.0,1.0,2.0,5.0,158.78,0,0,1,0,0,1,0,0,0,0,1,0,0,0,1,0
52882,0,1.0,Phone,1,16.0,Credit Card,Female,3.0,4,Mobile,4,Single,3,0,17.0,2.0,2.0,4.0,147.79,0,0,1,0,1,0,0,0,0,0,0,1,0,0,0,1
50049,0,3.0,Computer,1,15.0,Credit Card,Male,2.9315348837209303,3,Laptop & Accessory,5,Married,2,0,11.0,0.0,6.0,10.0,130.72,1,1,0,0,1,0,0,0,0,0,1,0,0,0,1,0
53908,0,1.0,Phone,1,16.0,Credit Card,Male,4.0,2,Mobile,3,Married,3,0,17.0,1.0,2.0,5.0,169.01,1,0,1,0,1,0,0,0,0,0,0,1,0,0,1,0
53117,0,4.0,Computer,1,9.0,Credit Card,Female,3.0,4,Mobile,2,Single,2,0,15.0,6.0,7.0,8.0,150.64,0,1,0,0,1,0,0,0,0,0,0,1,0,0,0,1
54717,0,27.0,Phone,1,13.0,Debit Card,Male,3.0,4,Laptop & Accessory,1,Single,4,0,18.0,3.0,3.0,3.0,149.5,1,0,1,0,0,1,0,0,0,0,1,0,0,0,0,1
50161,0,9.0,Phone,1,6.0,Debit Card,Female,2.0,3,Mobile,2,Single,2,0,12.0,1.0,5.0,7.0,121.15,0,0,1,0,0,1,0,0,0,0,0,1,0,0,0,1
54785,0,27.0,Phone,3,14.0,E Wallet,Female,4.0,5,Fashion,1,Married,9,1,19.0,1.0,2.0,5.0,234.33999999999997,0,0,1,0,0,0,1,0,1,0,0,0,0,0,1,0
53191,0,6.0,Phone,1,16.0,Debit Card,Female,4.0,4,Laptop & Accessory,2,Divorced,3,1,13.0,2.0,2.0,6.0,188.22,0,0,1,0,0,1,0,0,0,0,1,0,0,1,0,0
53442,0,24.0,Computer,3,7.0,Debit Card,Female,4.0,4,Laptop & Accessory,3,Divorced,2,0,13.0,2.0,2.0,14.0,188.47,0,1,0,0,0,1,0,0,0,0,1,0,0,1,0,0
51695,0,2.0,Computer,3,8.0,Debit Card,Male,3.0,3,Laptop & Accessory,3,Married,2,0,14.0,1.0,1.0,2.0,146.49,1,1,0,0,0,1,0,0,0,0,1,0,0,0,1,0
50511,0,8.0,Phone,1,15.0,Debit Card,Female,3.0,4,Fashion,3,Divorced,2,1,20.0,2.0,5.0,15.0,206.85000000000002,0,0,1,0,0,1,0,0,1,0,0,0,0,1,0,0
53407,0,15.0,Computer,1,16.0,Credit Card,Male,4.0,4,Others,3,Married,4,0,15.0,2.0,2.0,12.0,319.19,1,1,0,0,1,0,0,0,0,0,0,0,1,0,1,0
53817,0,24.0,Phone,3,6.0,E Wallet,Male,3.0,4,Others,3,Married,6,1,15.0,1.0,2.0,1.0,318.31,1,0,1,0,0,0,1,0,0,0,0,0,1,0,1,0
54446,0,11.0,Phone,1,7.0,Debit Card,Female,3.0,4,Mobile,1,Single,3,0,13.0,2.0,6.0,8.0,146.15,0,0,1,0,0,1,0,0,0,0,0,1,0,0,0,1
52711,1,0.0,Computer,3,30.0,Cash On Delivery,Male,2.0,1,Mobile,5,Single,2,0,17.0,0.0,1.0,0.0,110.91,1,1,0,1,0,0,0,0,0,0,0,1,0,0,0,1
53340,0,27.0,Phone,1,30.0,Debit Card,Female,4.0,4,Grocery,2,Single,8,0,19.0,1.0,4.0,9.0,267.75,0,0,1,0,0,1,0,0,0,1,0,0,0,0,0,1
53399,0,10.0,Computer,3,15.0,Cash On Delivery,Male,3.0,4,Laptop & Accessory,2,Married,6,0,14.0,2.0,2.0,8.0,175.79,1,1,0,1,0,0,0,0,0,0,1,0,0,0,1,0
50527,0,20.0,Phone,3,8.0,E Wallet,Female,2.0,3,Laptop & Accessory,2,Divorced,1,1,22.0,5.0,7.0,7.0,145.37,0,0,1,0,0,0,1,0,0,0,1,0,0,1,0,0
51753,0,18.0,Phone,1,14.0,Debit Card,Male,3.0,3,Mobile,1,Married,4,0,21.0,0.0,1.0,2.0,126.53999999999999,1,0,1,0,0,1,0,0,0,0,0,1,0,0,1,0
51252,0,11.0,Phone,1,15.0,Debit Card,Male,3.0,3,Mobile,1,Married,3,0,19.0,1.0,1.0,3.0,147.71,1,0,1,0,0,1,0,0,0,0,0,1,0,0,1,0
53138,0,9.0,Phone,3,7.0,E Wallet,Male,3.0,4,Laptop & Accessory,3,Divorced,11,0,12.0,4.0,7.0,10.0,172.17,1,0,1,0,0,0,1,0,0,0,1,0,0,1,0,0
51895,0,7.0,Phone,1,14.0,Credit Card,Female,3.0,3,Laptop & Accessory,3,Single,4,0,11.0,0.0,4.0,3.0,161.42,0,0,1,0,1,0,0,0,0,0,1,0,0,0,0,1
51236,0,4.0,Phone,1,10.0,Credit Card,Female,3.0,1,Mobile,3,Married,9,0,12.0,2.0,2.0,2.0,139.78,0,0,1,0,1,0,0,0,0,0,0,1,0,0,1,0
55508,0,10.0,Computer,2,9.0,Upi,Male,4.0,5,Laptop & Accessory,1,Single,3,0,22.0,2.0,2.0,9.0,163.86,1,1,0,0,0,0,0,1,0,0,1,0,0,0,0,1
50661,0,13.0,Phone,1,26.0,Cash On Delivery,Male,3.0,3,Fashion,2,Divorced,5,0,20.0,4.0,11.0,1.0,203.22,1,0,1,1,0,0,0,0,1,0,0,0,0,1,0,0
54425,1,1.0,Phone,1,9.0,Debit Card,Male,4.0,4,Mobile,3,Single,4,0,12.0,1.0,2.0,1.0,159.85,1,0,1,0,0,1,0,0,0,0,0,1,0,0,0,1
52620,0,4.0,Phone,3,35.0,E Wallet,Female,3.0,4,Laptop & Accessory,1,Married,2,0,14.0,0.0,5.0,7.0,154.68,0,0,1,0,0,0,1,0,0,0,1,0,0,0,1,0
52752,0,27.0,Phone,1,16.0,Credit Card,Female,3.0,3,Laptop & Accessory,5,Single,7,1,19.0,0.0,1.0,4.0,144.4,0,0,1,0,1,0,0,0,0,0,1,0,0,0,0,1
52226,0,5.0,Computer,1,19.0,Upi,Female,3.0,4,Mobile,4,Married,2,0,20.0,2.0,2.0,2.0,134.0,0,1,0,0,0,0,0,1,0,0,0,1,0,0,1,0
51921,0,27.0,Phone,1,25.0,Credit Card,Female,3.0,3,Laptop & Accessory,5,Married,10,1,11.0,0.0,1.0,4.0,154.85,0,0,1,0,1,0,0,0,0,0,1,0,0,0,1,0
52341,0,16.0,Phone,1,12.0,Credit Card,Female,3.0,4,Laptop & Accessory,3,Single,2,1,14.0,0.0,1.0,8.0,140.81,0,0,1,0,1,0,0,0,0,0,1,0,0,0,0,1
50635,0,9.0,Phone,2,30.0,Credit Card,Male,2.0,3,Mobile,4,Single,2,0,16.0,0.0,1.0,4.0,121.77000000000001,1,0,1,0,1,0,0,0,0,0,0,1,0,0,0,1
53604,1,9.0,Phone,3,9.0,E Wallet,Female,4.0,6,Others,4,Single,4,1,15.0,1.0,2.0,12.0,313.24,0,0,1,0,0,0,1,0,0,0,0,0,1,0,0,1
52250,0,21.0,Phone,1,7.0,Debit Card,Male,3.0,4,Others,1,Single,7,0,12.0,1.0,1.0,0.0,282.65,1,0,1,0,0,1,0,0,0,0,0,0,1,0,0,1
51960,1,0.0,Computer,1,14.0,Credit Card,Female,2.0,4,Mobile,3,Married,2,1,14.0,0.0,1.0,7.0,123.66,0,1,0,0,1,0,0,0,0,0,0,1,0,0,1,0
53970,1,8.0,Computer,1,7.0,Credit Card,Male,3.0,4,Mobile,4,Married,3,1,13.0,2.0,3.0,4.0,148.42,1,1,0,0,1,0,0,0,0,0,0,1,0,0,1,0
54271,0,25.0,Computer,1,7.0,Credit Card,Female,2.0,5,Fashion,5,Single,5,0,21.0,5.0,13.0,9.0,199.84,0,1,0,0,1,0,0,0,1,0,0,0,0,0,0,1
52272,0,16.0,Phone,3,10.0,E Wallet,Female,2.0,4,Fashion,1,Single,4,0,14.0,10.0,15.0,17.0,202.31,0,0,1,0,0,0,1,0,1,0,0,0,0,0,0,1
52026,0,9.0,Phone,1,13.0,Upi,Male,3.0,3,Mobile,1,Single,3,0,18.0,1.0,1.0,1.0,146.78,1,0,1,0,0,0,0,1,0,0,0,1,0,0,0,1
52124,0,19.0,Phone,1,14.0,Debit Card,Female,3.0,4,Laptop & Accessory,5,Married,9,1,23.0,1.0,1.0,7.0,146.15,0,0,1,0,0,1,0,0,0,0,1,0,0,0,1,0
53687,0,1.0,Phone,3,17.0,E Wallet,Female,4.0,5,Laptop & Accessory,2,Divorced,3,1,12.0,3.0,5.0,5.0,182.69,0,0,1,0,0,0,1,0,0,0,1,0,0,1,0,0
53889,0,7.0,Computer,3,23.0,Debit Card,Female,3.0,4,Laptop & Accessory,1,Married,3,1,26.0,1.0,2.0,3.0,178.68,0,1,0,0,0,1,0,0,0,0,1,0,0,0,1,0
51304,0,9.0,Phone,3,6.0,Credit Card,Male,3.0,4,Mobile,4,Married,1,0,14.0,0.0,2.0,2.0,122.69,1,0,1,0,1,0,0,0,0,0,0,1,0,0,1,0
53653,0,25.0,Phone,2,12.0,Debit Card,Male,3.0,4,Grocery,4,Married,3,1,12.0,1.0,2.0,11.0,265.26,1,0,1,0,0,1,0,0,0,1,0,0,0,0,1,0
55119,0,8.0,Phone,1,16.0,Debit Card,Male,3.0,4,Fashion,1,Married,2,0,12.0,1.0,2.0,3.0,210.0,1,0,1,0,0,1,0,0,1,0,0,0,0,0,1,0
53496,0,19.0,Computer,3,16.0,Debit Card,Female,4.0,5,Laptop & Accessory,3,Divorced,3,0,14.0,1.0,5.0,13.0,180.93,0,1,0,0,0,1,0,0,0,0,1,0,0,1,0,0
54136,0,15.0,Phone,1,35.0,Debit Card,Female,3.0,5,Grocery,4,Married,2,0,24.0,2.0,2.0,11.0,260.7,0,0,1,0,0,1,0,0,0,1,0,0,0,0,1,0
55019,0,27.0,Phone,1,14.0,Credit Card,Female,3.0,4,Others,3,Married,5,0,15.0,4.0,5.0,8.0,311.06,0,0,1,0,1,0,0,0,0,0,0,0,1,0,1,0
53626,0,6.0,Phone,3,15.0,Credit Card,Male,3.0,2,Laptop & Accessory,2,Divorced,3,0,16.0,1.0,2.0,9.0,187.09,1,0,1,0,1,0,0,0,0,0,1,0,0,1,0,0
52600,0,22.0,Phone,3,17.0,E Wallet,Female,3.0,3,Laptop & Accessory,1,Single,4,0,12.0,0.0,1.0,4.0,145.07,0,0,1,0,0,0,1,0,0,0,1,0,0,0,0,1
54878,0,1.0,Phone,1,23.0,Cash On Delivery,Female,3.0,4,Mobile,4,Married,11,0,15.0,3.0,3.0,3.0,153.11,0,0,1,1,0,0,0,0,0,0,0,1,0,0,1,0
54579,0,1.0,Phone,1,30.0,Debit Card,Female,3.0,4,Mobile,1,Married,3,0,23.0,1.0,2.0,3.0,153.86,0,0,1,0,0,1,0,0,0,0,0,1,0,0,1,0
54352,0,1.0,Phone,1,16.0,Credit Card,Female,5.0,4,Mobile,4,Single,3,0,17.0,1.0,2.0,4.0,147.79,0,0,1,0,1,0,0,0,0,0,0,1,0,0,0,1
53807,0,29.0,Phone,3,33.0,E Wallet,Male,3.0,5,Others,1,Married,3,0,15.0,3.0,3.0,14.0,320.86,1,0,1,0,0,0,1,0,0,0,0,0,1,0,1,0
51093,0,0.0,Phone,1,15.0,Credit Card,Male,3.0,1,Mobile,3,Married,2,0,16.0,0.0,1.0,4.0,144.01,1,0,1,0,1,0,0,0,0,0,0,1,0,0,1,0
53740,0,4.0,Phone,3,23.0,Debit Card,Male,4.0,4,Laptop & Accessory,3,Divorced,10,0,16.0,1.0,3.0,3.0,178.01,1,0,1,0,0,1,0,0,0,0,1,0,0,1,0,0
50995,0,11.0,Phone,3,20.0,Debit Card,Male,3.0,3,Laptop & Accessory,4,Married,1,0,11.0,5.0,7.0,7.0,199.24,1,0,1,0,0,1,0,0,0,0,1,0,0,0,1,0
52042,0,18.0,Computer,1,10.0,Debit Card,Male,2.0,3,Laptop & Accessory,4,Married,2,0,12.0,1.0,1.0,8.0,144.47,1,1,0,0,0,1,0,0,0,0,1,0,0,0,1,0
54567,0,26.0,Phone,1,10.0,Credit Card,Male,3.0,5,Fashion,3,Married,4,1,15.0,2.0,2.0,5.0,204.69,1,0,1,0,1,0,0,0,1,0,0,0,0,0,1,0
50412,0,30.0,Phone,3,22.0,E Wallet,Male,2.0,3,Laptop & Accessory,5,Single,9,0,14.0,1.0,2.0,2.0,154.05,1,0,1,0,0,0,1,0,0,0,1,0,0,0,0,1
53806,0,8.0,Phone,1,14.0,Credit Card,Male,3.0,4,Mobile,1,Single,3,0,14.0,1.0,2.0,1.0,154.72,1,0,1,0,1,0,0,0,0,0,0,1,0,0,0,1
54244,0,12.0,Computer,1,13.0,Credit Card,Female,4.0,6,Laptop & Accessory,1,Married,9,1,13.0,1.0,2.0,10.0,178.29,0,1,0,0,1,0,0,0,0,0,1,0,0,0,1,0
51441,0,27.0,Phone,1,8.0,Cash On Delivery,Female,2.0,3,Fashion,3,Married,10,0,12.0,0.0,2.0,3.0,235.49,0,0,1,1,0,0,0,0,1,0,0,0,0,0,1,0
51793,0,8.0,Phone,3,6.0,E Wallet,Male,2.0,3,Laptop & Accessory,3,Married,10,0,11.0,0.0,6.0,9.0,147.17,1,0,1,0,0,0,1,0,0,0,1,0,0,0,1,0
53483,1,1.0,Computer,1,36.0,Credit Card,Female,3.0,5,Laptop & Accessory,3,Single,3,0,23.0,4.0,4.0,9.0,170.08,0,1,0,0,1,0,0,0,0,0,1,0,0,0,0,1
50874,0,0.0,Phone,1,8.0,Credit Card,Male,2.0,4,Mobile,2,Single,1,0,12.0,0.0,1.0,1.0,139.04,1,0,1,0,1,0,0,0,0,0,0,1,0,0,0,1
50046,0,0.0,Phone,1,23.0,Cash On Delivery,Male,2.9315348837209303,3,Mobile,4,Divorced,1,1,16.0,1.0,1.0,1.0,130.58,1,0,1,1,0,0,0,0,0,0,0,1,0,1,0,0
51209,1,9.0,Phone,3,16.0,Debit Card,Female,3.0,3,Fashion,4,Married,6,0,21.0,0.0,1.0,7.0,173.14,0,0,1,0,0,1,0,0,1,0,0,0,0,0,1,0
51999,0,23.0,Computer,1,8.0,Debit Card,Male,3.0,3,Grocery,5,Married,2,0,11.0,1.0,14.0,7.0,279.24,1,1,0,0,0,1,0,0,0,1,0,0,0,0,1,0
53274,0,8.0,Phone,3,15.0,Debit Card,Female,4.0,4,Laptop & Accessory,5,Divorced,7,0,18.0,2.0,2.0,3.0,190.0,0,0,1,0,0,1,0,0,0,0,1,0,0,1,0,0
54050,0,8.0,Phone,3,10.0,Credit Card,Female,4.0,5,Laptop & Accessory,1,Married,5,1,13.0,1.0,2.0,2.0,206.03,0,0,1,0,1,0,0,0,0,0,1,0,0,0,1,0
53146,0,7.0,Phone,1,7.0,Credit Card,Female,4.0,3,Grocery,3,Married,6,0,20.0,1.0,2.0,6.0,286.84,0,0,1,0,1,0,0,0,0,1,0,0,0,0,1,0
51593,0,7.0,Phone,1,8.0,Debit Card,Male,2.0,4,Laptop & Accessory,5,Married,7,0,13.0,0.0,5.0,9.0,159.57,1,0,1,0,0,1,0,0,0,0,1,0,0,0,1,0
54716,0,3.0,Phone,3,17.0,E Wallet,Male,3.0,4,Mobile,4,Married,3,0,15.0,3.0,3.0,3.0,147.97,1,0,1,0,0,0,1,0,0,0,0,1,0,0,1,0
53396,0,13.0,Phone,3,9.0,Debit Card,Male,3.0,2,Fashion,3,Single,2,0,19.0,2.0,2.0,8.0,203.8,1,0,1,0,0,1,0,0,1,0,0,0,0,0,0,1
53731,0,14.0,Computer,1,15.0,Credit Card,Male,3.0,5,Fashion,4,Married,4,0,12.0,1.0,5.0,9.0,262.57,1,1,0,0,1,0,0,0,1,0,0,0,0,0,1,0
50597,0,23.0,Phone,1,30.0,Debit Card,Male,3.0,3,Grocery,3,Divorced,4,1,18.0,0.0,2.0,5.0,239.73000000000002,1,0,1,0,0,1,0,0,0,1,0,0,0,1,0,0
55008,0,8.0,Computer,1,8.0,Credit Card,Male,4.0,5,Laptop & Accessory,5,Single,2,0,21.0,1.0,5.0,10.0,178.43,1,1,0,0,1,0,0,0,0,0,1,0,0,0,0,1
53893,0,12.0,Phone,1,11.0,Credit Card,Female,3.0,4,Mobile,3,Married,9,0,20.0,1.0,2.0,1.0,158.06,0,0,1,0,1,0,0,0,0,0,0,1,0,0,1,0
55546,0,8.0,Phone,3,20.0,Credit Card,Male,3.0,4,Fashion,3,Married,3,0,19.0,1.0,2.0,3.0,211.28,1,0,1,0,1,0,0,0,1,0,0,0,0,0,1,0
50379,0,7.0,Phone,1,6.0,Debit Card,Male,2.9315348837209303,3,Mobile,2,Divorced,2,0,12.0,6.0,8.0,8.0,126.91,1,0,1,0,0,1,0,0,0,0,0,1,0,1,0,0
50201,0,4.0,Computer,1,13.0,Debit Card,Female,2.0,4,Fashion,3,Divorced,2,0,24.0,3.0,8.0,9.0,189.43,0,1,0,0,0,1,0,0,1,0,0,0,0,1,0,0
51208,1,0.0,Computer,1,14.0,Debit Card,Male,3.0,4,Mobile,1,Single,2,1,24.0,1.0,1.0,0.0,124.38999999999999,1,1,0,0,0,1,0,0,0,0,0,1,0,0,0,1
51632,1,7.0,Computer,1,30.0,Debit Card,Male,2.9315348837209303,3,Mobile,3,Married,4,1,22.0,0.0,1.0,0.0,131.61,1,1,0,0,0,1,0,0,0,0,0,1,0,0,1,0
55422,0,12.0,Phone,1,25.0,Credit Card,Male,3.0,6,Laptop & Accessory,1,Married,5,1,17.0,1.0,2.0,1.0,183.11,1,0,1,0,1,0,0,0,0,0,1,0,0,0,1,0
52543,0,0.0,Phone,3,15.0,Debit Card,Male,2.9315348837209303,3,Mobile,5,Single,2,0,11.0,0.0,1.0,2.0,127.28,1,0,1,0,0,1,0,0,0,0,0,1,0,0,0,1
51925,0,7.0,Phone,1,8.0,Credit Card,Female,2.0,4,Mobile,5,Single,2,0,11.0,1.0,1.0,3.0,143.81,0,0,1,0,1,0,0,0,0,0,0,1,0,0,0,1
50766,0,27.0,Computer,1,6.0,Debit Card,Female,2.0,3,Fashion,3,Married,8,0,17.0,1.0,1.0,4.0,205.02,0,1,0,0,0,1,0,0,1,0,0,0,0,0,1,0
52746,0,11.0,Computer,2,7.0,Upi,Male,2.9315348837209303,3,Mobile,4,Married,1,1,11.0,0.0,1.0,2.0,129.91,1,1,0,0,0,0,0,1,0,0,0,1,0,0,1,0
55073,0,1.0,Phone,1,11.0,Debit Card,Male,3.0,4,Mobile,1,Single,3,1,21.0,3.0,3.0,3.0,153.75,1,0,1,0,0,1,0,0,0,0,0,1,0,0,0,1
54223,0,24.0,Phone,1,14.0,Credit Card,Female,3.0,5,Others,3,Married,7,1,15.0,5.0,14.0,9.0,312.4,0,0,1,0,1,0,0,0,0,0,0,0,1,0,1,0
52325,0,7.0,Phone,1,35.0,Credit Card,Male,2.0,3,Laptop & Accessory,3,Married,5,0,13.0,5.0,7.0,7.0,154.29,1,0,1,0,1,0,0,0,0,0,1,0,0,0,1,0
50695,0,1.0,Phone,1,8.0,Debit Card,Male,3.0,4,Mobile,4,Divorced,1,0,17.0,0.0,1.0,4.0,132.01,1,0,1,0,0,1,0,0,0,0,0,1,0,1,0,0
51391,1,4.0,Phone,1,18.0,Cash On Delivery,Female,2.0,3,Others,3,Married,2,0,15.0,1.0,15.0,8.0,295.45,0,0,1,1,0,0,0,0,0,0,0,0,1,0,1,0
53877,1,1.0,Computer,3,19.0,Upi,Male,3.0,4,Laptop & Accessory,1,Single,5,1,25.0,4.0,7.0,8.0,170.81,1,1,0,0,0,0,0,1,0,0,1,0,0,0,0,1
54188,0,16.0,Phone,3,15.0,E Wallet,Male,3.0,4,Laptop & Accessory,4,Married,2,0,12.0,3.0,5.0,3.0,193.25,1,0,1,0,0,0,1,0,0,0,1,0,0,0,1,0
51751,1,0.0,Phone,1,9.0,Credit Card,Male,3.0,3,Mobile,5,Married,6,0,13.0,1.0,1.0,2.0,140.31,1,0,1,0,1,0,0,0,0,0,0,1,0,0,1,0
53623,1,1.0,Phone,1,14.0,Cash On Delivery,Female,3.0,4,Mobile,3,Married,5,1,14.0,2.0,8.0,8.0,158.39,0,0,1,1,0,0,0,0,0,0,0,1,0,0,1,0
55232,0,23.0,Phone,1,10.0,Credit Card,Female,3.0,5,Laptop & Accessory,5,Married,6,0,26.0,1.0,2.0,3.0,172.89,0,0,1,0,1,0,0,0,0,0,1,0,0,0,1,0
53810,0,12.0,Phone,3,21.0,Debit Card,Male,4.0,4,Laptop & Accessory,4,Married,2,0,12.0,6.0,8.0,3.0,224.24,1,0,1,0,0,1,0,0,0,0,1,0,0,0,1,0
52640,0,14.0,Phone,1,11.0,Debit Card,Male,2.0,1,Laptop & Accessory,4,Single,4,0,12.0,0.0,1.0,2.0,168.7,1,0,1,0,0,1,0,0,0,0,1,0,0,0,0,1
55436,0,25.0,Phone,1,10.0,Cash On Delivery,Female,3.0,4,Fashion,3,Married,4,0,12.0,3.0,2.0,3.0,256.16,0,0,1,1,0,0,0,0,1,0,0,0,0,0,1,0
54752,1,1.0,Phone,3,23.0,E Wallet,Female,4.0,4,Laptop & Accessory,5,Single,7,0,16.0,2.0,2.0,3.0,178.24,0,0,1,0,0,0,1,0,0,0,1,0,0,0,0,1
53522,1,1.0,Computer,1,22.0,Credit Card,Male,4.0,4,Mobile,3,Divorced,3,0,13.0,3.0,3.0,3.0,151.1,1,1,0,0,1,0,0,0,0,0,0,1,0,1,0,0
51722,0,24.0,Phone,3,20.0,Debit Card,Female,2.0,3,Laptop & Accessory,1,Married,5,0,11.0,1.0,1.0,7.0,149.36,0,0,1,0,0,1,0,0,0,0,1,0,0,0,1,0
52351,0,2.0,Phone,2,23.0,Upi,Male,2.0,4,Fashion,5,Single,2,0,13.0,0.0,1.0,9.0,179.88,1,0,1,0,0,0,0,1,1,0,0,0,0,0,0,1
52490,0,4.0,Computer,3,8.0,Upi,Male,2.0,3,Laptop & Accessory,5,Single,8,0,13.0,1.0,1.0,3.0,153.32,1,1,0,0,0,0,0,1,0,0,1,0,0,0,0,1
50004,1,0.0,Phone,3,15.0,Debit Card,Male,2.0,4,Laptop & Accessory,5,Single,8,0,23.0,0.0,1.0,3.0,134.07,1,0,1,0,0,1,0,0,0,0,1,0,0,0,0,1
54489,0,7.0,Computer,3,17.0,E Wallet,Male,3.0,5,Laptop & Accessory,1,Single,5,0,15.0,2.0,2.0,2.0,171.82,1,1,0,0,0,0,1,0,0,0,1,0,0,0,0,1
53327,1,1.0,Computer,1,32.0,Debit Card,Female,4.0,4,Mobile,4,Married,3,1,20.0,1.0,8.0,9.0,145.22,0,1,0,0,0,1,0,0,0,0,0,1,0,0,1,0
52466,0,11.0,Phone,3,22.0,Debit Card,Female,2.0,3,Laptop & Accessory,4,Single,3,0,12.0,1.0,1.0,2.0,141.98,0,0,1,0,0,1,0,0,0,0,1,0,0,0,0,1
54663,0,27.0,Phone,3,7.0,Credit Card,Female,3.0,4,Laptop & Accessory,5,Single,9,0,21.0,5.0,9.0,11.0,208.81,0,0,1,0,1,0,0,0,0,0,1,0,0,0,0,1
55043,0,10.0,Phone,1,8.0,Cash On Delivery,Female,4.0,6,Fashion,5,Married,4,1,22.0,8.0,8.0,3.0,227.52,0,0,1,1,0,0,0,0,1,0,0,0,0,0,1,0
51426,0,3.0,Phone,1,6.0,Debit Card,Male,2.0,4,Laptop & Accessory,1,Married,2,1,12.0,1.0,3.0,0.0,151.26,1,0,1,0,0,1,0,0,0,0,1,0,0,0,1,0
53106,1,1.0,Computer,3,13.0,E Wallet,Female,3.0,6,Mobile,3,Married,2,0,17.0,2.0,2.0,1.0,148.51,0,1,0,0,0,0,1,0,0,0,0,1,0,0,1,0
53445,0,7.0,Computer,3,15.0,Debit Card,Female,3.0,5,Mobile,2,Single,2,0,20.0,3.0,3.0,3.0,148.42,0,1,0,0,0,1,0,0,0,0,0,1,0,0,0,1
51572,0,10.0,Computer,3,10.0,E Wallet,Male,2.9315348837209303,3,Mobile,1,Married,5,0,17.0,3.0,5.0,8.0,127.93,1,1,0,0,0,0,1,0,0,0,0,1,0,0,1,0
51043,1,0.0,Phone,3,21.0,Credit Card,Male,2.0,5,Laptop & Accessory,1,Married,7,1,14.0,1.0,2.0,2.0,154.4,1,0,1,0,1,0,0,0,0,0,1,0,0,0,1,0
54542,0,4.0,Phone,3,9.0,Cash On Delivery,Male,4.0,4,Mobile,4,Married,3,0,19.0,2.0,2.0,1.0,149.76,1,0,1,1,0,0,0,0,0,0,0,1,0,0,1,0
52423,1,0.0,Phone,1,14.0,Cash On Delivery,Male,3.0,4,Mobile,5,Single,7,0,13.0,1.0,1.0,7.0,123.62,1,0,1,1,0,0,0,0,0,0,0,1,0,0,0,1
53297,0,8.0,Computer,1,23.0,Debit Card,Female,4.0,5,Mobile,2,Single,3,0,17.0,2.0,2.0,4.0,150.53,0,1,0,0,0,1,0,0,0,0,0,1,0,0,0,1
52673,0,19.0,Phone,3,9.0,Cash On Delivery,Female,2.0,1,Grocery,5,Married,3,0,12.0,2.0,2.0,8.0,232.25,0,0,1,1,0,0,0,0,0,1,0,0,0,0,1,0
53346,0,7.0,Phone,2,10.0,Upi,Male,3.0,4,Mobile,4,Married,5,1,12.0,1.0,2.0,4.0,147.77,1,0,1,0,0,0,0,1,0,0,0,1,0,0,1,0
52534,0,2.0,Phone,3,11.0,Credit Card,Male,2.0,4,Laptop & Accessory,4,Married,2,1,13.0,0.0,1.0,9.0,141.87,1,0,1,0,1,0,0,0,0,0,1,0,0,0,1,0
54155,0,1.0,Phone,3,12.0,Upi,Female,2.0,5,Mobile,3,Single,2,0,19.0,1.0,2.0,1.0,154.66,0,0,1,0,0,0,0,1,0,0,0,1,0,0,0,1
52461,0,7.0,Phone,1,13.0,Credit Card,Male,2.9315348837209303,3,Mobile,1,Single,2,0,13.0,0.0,1.0,0.0,129.72,1,0,1,0,1,0,0,0,0,0,0,1,0,0,0,1
51021,0,9.0,Phone,1,18.0,Debit Card,Female,3.0,3,Laptop & Accessory,3,Married,10,1,12.0,0.0,1.0,1.0,146.63,0,0,1,0,0,1,0,0,0,0,1,0,0,0,1,0
52572,0,5.0,Computer,1,16.0,Debit Card,Male,2.0,3,Mobile,3,Married,7,0,13.0,0.0,1.0,3.0,134.33,1,1,0,0,0,1,0,0,0,0,0,1,0,0,1,0
55105,0,2.0,Computer,1,8.0,Debit Card,Female,3.0,6,Laptop & Accessory,1,Married,2,0,12.0,8.0,8.0,6.0,191.74,0,1,0,0,0,1,0,0,0,0,1,0,0,0,1,0
52705,0,7.0,Phone,3,9.0,Credit Card,Female,3.0,4,Laptop & Accessory,1,Married,4,1,12.0,0.0,1.0,1.0,181.03,0,0,1,0,1,0,0,0,0,0,1,0,0,0,1,0
50574,0,8.0,Phone,3,24.0,Credit Card,Female,2.0,3,Laptop & Accessory,3,Divorced,2,0,16.0,1.0,1.0,0.0,146.01,0,0,1,0,1,0,0,0,0,0,1,0,0,1,0,0
53534,0,1.0,Phone,1,10.0,Credit Card,Male,3.0,2,Mobile,2,Divorced,3,0,23.0,2.0,2.0,8.0,169.2,1,0,1,0,1,0,0,0,0,0,0,1,0,1,0,0
52984,1,1.0,Phone,3,11.0,E Wallet,Male,3.0,5,Laptop & Accessory,2,Single,3,1,13.0,8.0,8.0,5.0,183.28,1,0,1,0,0,0,1,0,0,0,1,0,0,0,0,1
51615,0,9.0,Phone,1,12.0,Debit Card,Male,2.0,3,Mobile,1,Married,1,0,11.0,1.0,10.0,11.0,132.1,1,0,1,0,0,1,0,0,0,0,0,1,0,0,1,0
54411,1,1.0,Computer,1,17.0,Credit Card,Male,4.0,4,Fashion,3,Married,8,0,12.0,1.0,2.0,3.0,225.48,1,1,0,0,1,0,0,0,1,0,0,0,0,0,1,0
54260,0,18.0,Computer,1,30.0,Credit Card,Male,4.0,4,Laptop & Accessory,4,Married,6,0,13.0,1.0,2.0,3.0,145.42,1,1,0,0,1,0,0,0,0,0,1,0,0,0,1,0
50014,1,0.0,Phone,1,15.0,Credit Card,Male,3.0,4,Mobile,3,Divorced,1,1,17.0,0.0,1.0,0.0,133.88,1,0,1,0,1,0,0,0,0,0,0,1,0,1,0,0
53573,0,10.0,Phone,1,7.0,Cash On Delivery,Female,4.0,6,Fashion,5,Married,4,1,22.0,6.0,8.0,3.0,227.52,0,0,1,1,0,0,0,0,1,0,0,0,0,0,1,0
50364,0,15.0,Phone,1,8.0,Debit Card,Female,2.0,3,Laptop & Accessory,2,Divorced,2,0,13.0,2.0,2.0,2.0,140.89,0,0,1,0,0,1,0,0,0,0,1,0,0,1,0,0
52087,0,0.0,Phone,3,11.0,E Wallet,Male,2.0,3,Others,3,Married,7,0,13.0,1.0,1.0,0.0,283.03,1,0,1,0,0,0,1,0,0,0,0,0,1,0,1,0
51558,0,0.0,Computer,3,26.0,Debit Card,Female,2.0,3,Laptop & Accessory,3,Single,2,0,14.0,1.0,1.0,7.0,199.81,0,1,0,0,0,1,0,0,0,0,1,0,0,0,0,1
54724,0,1.0,Phone,3,33.0,Credit Card,Female,3.0,4,Laptop & Accessory,1,Single,3,0,24.0,1.0,2.0,5.0,186.8,0,0,1,0,1,0,0,0,0,0,1,0,0,0,0,1
53156,0,20.0,Computer,1,25.0,Credit Card,Female,3.0,4,Fashion,3,Divorced,7,0,12.0,2.0,2.0,3.0,230.27,0,1,0,0,1,0,0,0,1,0,0,0,0,1,0,0
50948,0,2.0,Computer,1,8.0,Debit Card,Female,3.0,3,Mobile,4,Divorced,1,0,13.0,0.0,1.0,2.0,131.8,0,1,0,0,0,1,0,0,0,0,0,1,0,1,0,0
54190,0,20.0,Phone,3,9.0,E Wallet,Female,3.0,4,Others,5,Single,5,0,15.0,3.0,3.0,2.0,314.47,0,0,1,0,0,0,1,0,0,0,0,0,1,0,0,1
54967,0,26.0,Phone,1,6.0,Debit Card,Male,3.0,4,Fashion,4,Single,9,0,20.0,3.0,5.0,3.0,229.45,1,0,1,0,0,1,0,0,1,0,0,0,0,0,0,1
53575,0,14.0,Phone,3,17.0,Cash On Delivery,Female,3.0,5,Laptop & Accessory,4,Married,9,0,13.0,2.0,2.0,4.0,193.52,0,0,1,1,0,0,0,0,0,0,1,0,0,0,1,0
55329,0,1.0,Computer,1,9.0,Cash On Delivery,Female,3.0,4,Mobile,1,Single,3,1,14.0,1.0,2.0,4.0,162.6,0,1,0,1,0,0,0,0,0,0,0,1,0,0,0,1
52832,1,1.0,Computer,1,13.0,Debit Card,Female,4.0,5,Mobile,2,Single,3,1,19.0,2.0,2.0,1.0,154.26,0,1,0,0,0,1,0,0,0,0,0,1,0,0,0,1
53560,0,20.0,Phone,1,22.0,Debit Card,Male,3.0,4,Others,4,Divorced,7,0,15.0,2.0,2.0,4.0,315.81,1,0,1,0,0,1,0,0,0,0,0,0,1,1,0,0
54888,0,1.0,Computer,1,12.0,Debit Card,Male,4.0,4,Mobile,1,Single,3,0,16.0,1.0,2.0,1.0,135.51,1,1,0,0,0,1,0,0,0,0,0,1,0,0,0,1
50889,0,3.0,Phone,3,13.0,E Wallet,Female,3.0,3,Laptop & Accessory,5,Married,8,0,14.0,1.0,1.0,2.0,147.79,0,0,1,0,0,0,1,0,0,0,1,0,0,0,1,0
50314,0,8.0,Phone,1,22.0,Debit Card,Male,3.0,3,Fashion,3,Divorced,5,1,12.0,0.0,1.0,0.0,176.32,1,0,1,0,0,1,0,0,1,0,0,0,0,1,0,0
52175,1,0.0,Phone,3,15.0,E Wallet,Female,3.0,3,Laptop & Accessory,5,Single,4,1,17.0,0.0,1.0,3.0,182.24,0,0,1,0,0,0,1,0,0,0,1,0,0,0,0,1
54757,0,9.0,Phone,1,7.0,Debit Card,Female,3.0,2,Mobile,3,Single,5,0,14.0,3.0,3.0,3.0,150.06,0,0,1,0,0,1,0,0,0,0,0,1,0,0,0,1
51463,0,9.0,Computer,3,17.0,Cash On Delivery,Female,3.0,3,Fashion,1,Married,1,0,14.0,0.0,2.0,8.0,197.38,0,1,0,1,0,0,0,0,1,0,0,0,0,0,1,0
52140,0,7.0,Computer,1,9.0,Debit Card,Male,2.0,3,Laptop & Accessory,1,Single,1,0,17.0,1.0,1.0,4.0,177.56,1,1,0,0,0,1,0,0,0,0,1,0,0,0,0,1
50945,0,9.0,Phone,1,6.0,Debit Card,Male,3.0,4,Mobile,3,Married,2,0,14.0,0.0,1.0,0.0,115.63,1,0,1,0,0,1,0,0,0,0,0,1,0,0,1,0
50227,0,5.0,Phone,1,14.0,Credit Card,Female,3.0,3,Mobile,4,Divorced,2,0,13.0,0.0,1.0,7.0,123.69999999999999,0,0,1,0,1,0,0,0,0,0,0,1,0,1,0,0
52713,0,9.0,Phone,1,8.0,Cash On Delivery,Male,2.0,3,Mobile,4,Married,2,0,11.0,0.0,1.0,2.0,122.25999999999999,1,0,1,1,0,0,0,0,0,0,0,1,0,0,1,0
55582,0,21.0,Computer,1,8.0,Credit Card,Female,4.0,4,Fashion,4,Married,2,0,19.0,1.0,2.0,13.0,244.57,0,1,0,0,1,0,0,0,1,0,0,0,0,0,1,0
53275,0,16.0,Computer,1,15.0,Debit Card,Male,4.0,4,Others,2,Married,3,0,15.0,1.0,15.0,10.0,309.3,1,1,0,0,0,1,0,0,0,0,0,0,1,0,1,0
54174,0,8.0,Phone,1,26.0,Credit Card,Male,4.0,4,Mobile,1,Married,2,0,12.0,1.0,2.0,3.0,151.61,1,0,1,0,1,0,0,0,0,0,0,1,0,0,1,0
52877,0,14.0,Phone,1,11.0,Credit Card,Female,3.0,4,Others,3,Divorced,3,0,15.0,1.0,10.0,10.0,315.33,0,0,1,0,1,0,0,0,0,0,0,0,1,1,0,0
52287,0,3.0,Phone,1,12.0,Cash On Delivery,Female,2.0,4,Laptop & Accessory,1,Married,1,0,12.0,5.0,6.0,7.0,146.27,0,0,1,1,0,0,0,0,0,0,1,0,0,0,1,0
50569,1,0.0,Phone,3,9.0,Debit Card,Male,2.0,4,Fashion,2,Divorced,2,1,11.0,3.0,3.0,7.0,203.25,1,0,1,0,0,1,0,0,1,0,0,0,0,1,0,0
52283,0,12.0,Phone,1,19.0,Credit Card,Female,3.0,4,Grocery,4,Married,7,1,13.0,1.0,15.0,2.0,271.23,0,0,1,0,1,0,0,0,0,1,0,0,0,0,1,0
52690,0,10.0,Phone,1,13.0,Credit Card,Male,3.0,3,Laptop & Accessory,5,Married,6,1,22.0,0.0,1.0,4.0,142.84,1,0,1,0,1,0,0,0,0,0,1,0,0,0,1,0
53265,0,8.0,Phone,1,7.0,Debit Card,Female,4.0,2,Mobile,2,Single,4,0,17.0,1.0,2.0,4.0,157.8,0,0,1,0,0,1,0,0,0,0,0,1,0,0,0,1
51583,0,25.0,Computer,3,8.0,Debit Card,Male,3.0,4,Others,3,Single,2,1,18.0,1.0,15.0,12.0,290.68,1,1,0,0,0,1,0,0,0,0,0,0,1,0,0,1
50194,0,0.0,Phone,1,14.0,Debit Card,Female,2.0,3,Mobile,4,Single,2,1,12.0,0.0,1.0,2.0,124.78,0,0,1,0,0,1,0,0,0,0,0,1,0,0,0,1
51827,0,7.0,Phone,1,6.0,Debit Card,Male,2.0,4,Mobile,1,Married,2,1,13.0,1.0,1.0,3.0,136.22,1,0,1,0,0,1,0,0,0,0,0,1,0,0,1,0
51865,0,2.0,Computer,1,6.0,Debit Card,Male,2.9315348837209303,5,Mobile,1,Married,2,0,18.0,0.0,2.0,8.0,127.19999999999999,1,1,0,0,0,1,0,0,0,0,0,1,0,0,1,0
52501,0,12.0,Phone,1,9.0,Credit Card,Male,2.9315348837209303,4,Laptop & Accessory,3,Married,1,0,15.0,0.0,1.0,7.0,130.69,1,0,1,0,1,0,0,0,0,0,1,0,0,0,1,0
52865,0,19.0,Phone,3,11.0,Debit Card,Female,2.0,4,Laptop & Accessory,5,Married,6,1,12.0,1.0,2.0,4.0,175.06,0,0,1,0,0,1,0,0,0,0,1,0,0,0,1,0
53771,0,20.0,Phone,3,10.0,Debit Card,Female,3.0,4,Grocery,4,Divorced,10,0,13.0,1.0,6.0,2.0,291.06,0,0,1,0,0,1,0,0,0,1,0,0,0,1,0,0
51635,0,1.0,Phone,1,14.0,Debit Card,Female,3.0,3,Mobile,1,Single,2,0,21.0,1.0,1.0,2.0,133.1,0,0,1,0,0,1,0,0,0,0,0,1,0,0,0,1
51823,0,23.0,Computer,2,9.0,Credit Card,Male,3.0,3,Others,4,Married,2,0,11.0,1.0,10.0,7.0,282.0,1,1,0,0,1,0,0,0,0,0,0,0,1,0,1,0
53856,0,18.0,Computer,2,7.0,Upi,Male,3.0,4,Laptop & Accessory,1,Married,6,1,12.0,2.0,2.0,3.0,182.43,1,1,0,0,0,0,0,1,0,0,1,0,0,0,1,0
50318,0,9.0,Computer,3,16.0,Credit Card,Male,2.0,3,Fashion,2,Single,2,0,14.0,1.0,9.0,7.0,199.8,1,1,0,0,1,0,0,0,1,0,0,0,0,0,0,1
53134,1,1.0,Computer,1,11.0,Cash On Delivery,Male,3.0,5,Mobile,3,Single,7,0,17.0,2.0,2.0,3.0,163.94,1,1,0,1,0,0,0,0,0,0,0,1,0,0,0,1
50886,0,28.0,Phone,1,6.0,Credit Card,Male,2.0,1,Grocery,2,Married,3,0,13.0,1.0,2.0,0.0,247.32,1,0,1,0,1,0,0,0,0,1,0,0,0,0,1,0
51305,0,12.0,Phone,1,30.0,Debit Card,Male,2.0,3,Laptop & Accessory,1,Single,8,0,13.0,1.0,1.0,7.0,141.08,1,0,1,0,0,1,0,0,0,0,1,0,0,0,0,1
55486,0,16.0,Phone,1,15.0,Debit Card,Male,3.0,4,Mobile,3,Single,6,0,14.0,2.0,2.0,1.0,164.68,1,0,1,0,0,1,0,0,0,0,0,1,0,0,0,1
52033,0,9.0,Phone,1,14.0,Credit Card,Male,3.0,3,Mobile,3,Single,5,0,21.0,1.0,3.0,9.0,125.19,1,0,1,0,1,0,0,0,0,0,0,1,0,0,0,1
53373,0,6.0,Computer,1,7.0,Debit Card,Female,4.0,5,Mobile,4,Divorced,8,0,21.0,2.0,2.0,3.0,148.32,0,1,0,0,0,1,0,0,0,0,0,1,0,1,0,0
52722,0,11.0,Phone,1,15.0,Debit Card,Male,3.0,3,Mobile,1,Married,3,0,19.0,0.0,1.0,3.0,147.71,1,0,1,0,0,1,0,0,0,0,0,1,0,0,1,0
51470,1,0.0,Phone,3,12.0,Debit Card,Male,3.0,5,Laptop & Accessory,3,Married,5,1,18.0,0.0,7.0,7.0,161.72,1,0,1,0,0,1,0,0,0,0,1,0,0,0,1,0
50204,0,6.0,Computer,3,16.0,E Wallet,Male,2.0,4,Laptop & Accessory,2,Single,4,0,14.0,1.0,1.0,1.0,146.82,1,1,0,0,0,0,1,0,0,0,1,0,0,0,0,1
53378,0,10.0,Phone,1,9.0,Credit Card,Male,4.0,4,Mobile,3,Single,6,0,22.0,3.0,4.0,10.0,150.19,1,0,1,0,1,0,0,0,0,0,0,1,0,0,0,1
51451,0,30.0,Computer,2,8.0,Upi,Female,2.0,4,Others,1,Married,10,0,21.0,1.0,2.0,2.0,288.44,0,1,0,0,0,0,0,1,0,0,0,0,1,0,1,0
51332,0,8.0,Computer,1,24.0,Debit Card,Male,3.0,3,Laptop & Accessory,3,Married,2,1,14.0,1.0,1.0,2.0,156.89,1,1,0,0,0,1,0,0,0,0,1,0,0,0,1,0
51940,0,2.0,Phone,1,29.0,Debit Card,Male,2.9315348837209303,1,Mobile,3,Married,2,0,24.0,1.0,1.0,7.0,127.0,1,0,1,0,0,1,0,0,0,0,0,1,0,0,1,0
51267,0,11.0,Phone,3,6.0,Debit Card,Male,2.9315348837209303,4,Mobile,5,Single,5,0,14.0,0.0,1.0,0.0,128.58,1,0,1,0,0,1,0,0,0,0,0,1,0,0,0,1
55085,0,9.0,Phone,1,13.0,Debit Card,Male,4.0,4,Mobile,3,Married,2,1,15.0,2.0,3.0,3.0,160.06,1,0,1,0,0,1,0,0,0,0,0,1,0,0,1,0
55353,0,23.0,Phone,1,23.0,Credit Card,Female,4.0,4,Mobile,5,Married,6,1,17.0,1.0,3.0,3.0,150.87,0,0,1,0,1,0,0,0,0,0,0,1,0,0,1,0
54587,0,4.0,Computer,1,9.0,Credit Card,Female,3.0,4,Mobile,1,Single,2,0,15.0,2.0,7.0,8.0,150.64,0,1,0,0,1,0,0,0,0,0,0,1,0,0,0,1
52898,0,10.0,Computer,1,25.0,Credit Card,Female,4.0,4,Mobile,2,Single,3,0,14.0,2.0,2.0,8.0,146.53,0,1,0,0,1,0,0,0,0,0,0,1,0,0,0,1
50843,0,13.0,Phone,1,14.0,Debit Card,Male,2.0,3,Mobile,4,Divorced,4,0,22.0,1.0,1.0,3.0,123.87,1,0,1,0,0,1,0,0,0,0,0,1,0,1,0,0
52045,0,25.0,Phone,1,6.0,Debit Card,Male,3.0,3,Grocery,1,Married,3,0,15.0,1.0,7.0,8.0,270.99,1,0,1,0,0,1,0,0,0,1,0,0,0,0,1,0
51721,0,22.0,Phone,1,13.0,Upi,Male,2.0,4,Fashion,3,Single,9,0,24.0,1.0,1.0,3.0,209.64999999999998,1,0,1,0,0,0,0,1,1,0,0,0,0,0,0,1
52932,0,6.0,Computer,3,33.0,E Wallet,Male,4.0,4,Laptop & Accessory,2,Divorced,2,0,19.0,2.0,3.0,3.0,169.65,1,1,0,0,0,0,1,0,0,0,1,0,0,1,0,0
50327,0,15.0,Phone,1,30.0,Credit Card,Male,2.0,3,Fashion,5,Divorced,2,1,21.0,4.0,5.0,8.0,174.06,1,0,1,0,1,0,0,0,1,0,0,0,0,1,0,0
52988,0,9.0,Phone,3,23.0,E Wallet,Male,4.0,4,Fashion,4,Divorced,2,0,16.0,4.0,7.0,10.0,205.2,1,0,1,0,0,0,1,0,1,0,0,0,0,1,0,0
52526,0,9.0,Phone,1,13.0,Debit Card,Male,3.0,3,Mobile,4,Single,3,0,11.0,0.0,1.0,3.0,120.13,1,0,1,0,0,1,0,0,0,0,0,1,0,0,0,1
50343,0,10.0,Computer,3,15.0,Credit Card,Male,3.0,3,Fashion,4,Married,2,0,13.0,6.0,7.0,7.0,188.34,1,1,0,0,1,0,0,0,1,0,0,0,0,0,1,0
51045,0,0.0,Phone,1,14.0,Credit Card,Female,2.0,1,Mobile,3,Married,8,0,17.0,0.0,1.0,2.0,135.17,0,0,1,0,1,0,0,0,0,0,0,1,0,0,1,0
53521,0,15.0,Phone,1,19.0,Debit Card,Male,3.0,4,Mobile,2,Divorced,5,1,12.0,2.0,2.0,1.0,172.66,1,0,1,0,0,1,0,0,0,0,0,1,0,1,0,0
51214,1,0.0,Phone,3,15.0,Credit Card,Male,2.0,3,Mobile,1,Single,2,0,13.0,0.0,1.0,0.0,110.81,1,0,1,0,1,0,0,0,0,0,0,1,0,0,0,1
54527,1,5.0,Computer,3,11.0,E Wallet,Male,3.0,4,Laptop & Accessory,4,Single,3,0,19.0,5.0,8.0,3.0,218.55,1,1,0,0,0,0,1,0,0,0,1,0,0,0,0,1
54772,0,9.0,Phone,1,14.0,Upi,Male,3.0,4,Fashion,3,Single,5,0,22.0,1.0,2.0,3.0,227.21,1,0,1,0,0,0,0,1,1,0,0,0,0,0,0,1
53025,0,19.0,Phone,1,15.0,Upi,Male,4.0,4,Laptop & Accessory,2,Divorced,11,0,15.0,8.0,10.0,9.0,161.97,1,0,1,0,0,0,0,1,0,0,1,0,0,1,0,0
50296,0,2.0,Phone,1,9.0,Credit Card,Male,3.0,4,Fashion,3,Divorced,2,0,18.0,1.0,1.0,3.0,219.35000000000002,1,0,1,0,1,0,0,0,1,0,0,0,0,1,0,0
54470,0,5.0,Phone,1,12.0,Cash On Delivery,Male,3.0,4,Mobile,1,Married,2,1,13.0,2.0,2.0,4.0,173.21,1,0,1,1,0,0,0,0,0,0,0,1,0,0,1,0
51222,0,18.0,Phone,1,31.0,Debit Card,Female,3.0,4,Laptop & Accessory,1,Married,1,0,13.0,0.0,3.0,8.0,159.06,0,0,1,0,0,1,0,0,0,0,1,0,0,0,1,0
50617,0,15.0,Phone,3,11.0,E Wallet,Male,2.0,3,Others,3,Divorced,7,0,13.0,1.0,1.0,0.0,283.03,1,0,1,0,0,0,1,0,0,0,0,0,1,1,0,0
55456,0,15.0,Phone,3,11.0,E Wallet,Female,3.0,4,Fashion,3,Married,2,1,14.0,6.0,14.0,3.0,229.47,0,0,1,0,0,0,1,0,1,0,0,0,0,0,1,0
50080,1,1.0,Phone,1,35.0,Credit Card,Male,3.0,3,Laptop & Accessory,5,Divorced,8,1,19.0,0.0,1.0,0.0,166.73,1,0,1,0,1,0,0,0,0,0,1,0,0,1,0,0
54595,0,5.0,Phone,1,16.0,Debit Card,Male,3.0,4,Fashion,4,Married,3,0,26.0,1.0,2.0,9.0,231.48000000000002,1,0,1,0,0,1,0,0,1,0,0,0,0,0,1,0
53504,1,3.0,Computer,1,9.0,Debit Card,Male,3.0,4,Grocery,2,Married,9,0,12.0,8.0,2.0,6.0,246.69,1,1,0,0,0,1,0,0,0,1,0,0,0,0,1,0
54520,0,10.0,Computer,3,10.0,Credit Card,Male,3.0,5,Fashion,1,Married,6,0,12.0,1.0,2.0,3.0,221.99,1,1,0,0,1,0,0,0,1,0,0,0,0,0,1,0
53620,0,2.0,Computer,1,9.0,Debit Card,Male,3.0,5,Mobile,2,Divorced,3,1,13.0,3.0,3.0,3.0,163.67,1,1,0,0,0,1,0,0,0,0,0,1,0,1,0,0
55464,0,21.0,Phone,1,11.0,Debit Card,Female,4.0,5,Fashion,4,Married,10,1,13.0,6.0,15.0,3.0,228.33,0,0,1,0,0,1,0,0,1,0,0,0,0,0,1,0
52146,1,0.0,Computer,1,14.0,Credit Card,Male,2.0,4,Mobile,4,Married,2,0,15.0,1.0,1.0,0.0,125.96000000000001,1,1,0,0,1,0,0,0,0,0,0,1,0,0,1,0
55220,0,9.0,Phone,3,14.0,Debit Card,Male,4.0,4,Mobile,3,Married,3,0,14.0,1.0,2.0,1.0,149.04,1,0,1,0,0,1,0,0,0,0,0,1,0,0,1,0
51072,0,14.0,Phone,3,29.0,Debit Card,Male,3.0,3,Fashion,3,Single,4,1,16.0,0.0,1.0,2.0,170.82,1,0,1,0,0,1,0,0,1,0,0,0,0,0,0,1
52733,0,2.0,Phone,1,7.0,Debit Card,Male,2.0,3,Laptop & Accessory,5,Married,1,0,12.0,0.0,1.0,2.0,153.73,1,0,1,0,0,1,0,0,0,0,1,0,0,0,1,0
50030,0,5.0,Computer,3,14.0,E Wallet,Female,2.0,3,Fashion,2,Single,2,0,14.0,2.0,3.0,7.0,189.98,0,1,0,0,0,0,1,0,1,0,0,0,0,0,0,1
50362,0,10.0,Phone,3,8.0,E Wallet,Male,3.0,3,Laptop & Accessory,3,Divorced,5,1,11.0,0.0,1.0,0.0,196.02,1,0,1,0,0,0,1,0,0,0,1,0,0,1,0,0
52267,0,9.0,Computer,1,7.0,Credit Card,Male,2.0,3,Mobile,3,Single,1,1,11.0,1.0,1.0,2.0,121.53999999999999,1,1,0,0,1,0,0,0,0,0,0,1,0,0,0,1
55386,0,19.0,Phone,1,35.0,Cash On Delivery,Female,3.0,5,Grocery,4,Single,3,0,15.0,7.0,9.0,7.0,292.04,0,0,1,1,0,0,0,0,0,1,0,0,0,0,0,1
55197,1,1.0,Computer,1,9.0,Debit Card,Male,4.0,4,Mobile,1,Married,8,1,14.0,1.0,3.0,3.0,162.22,1,1,0,0,0,1,0,0,0,0,0,1,0,0,1,0
50757,0,5.0,Computer,1,8.0,Debit Card,Female,2.0,3,Laptop & Accessory,3,Single,5,1,14.0,1.0,1.0,7.0,149.98,0,1,0,0,0,1,0,0,0,0,1,0,0,0,0,1
50417,0,9.0,Computer,1,14.0,Debit Card,Female,3.0,2,Fashion,5,Divorced,10,0,14.0,0.0,1.0,3.0,217.13,0,1,0,0,0,1,0,0,1,0,0,0,0,1,0,0
52058,0,6.0,Phone,1,19.0,Debit Card,Female,2.0,3,Mobile,1,Single,4,0,18.0,1.0,1.0,2.0,134.52,0,0,1,0,0,1,0,0,0,0,0,1,0,0,0,1
55458,1,1.0,Phone,2,27.0,Credit Card,Female,4.0,4,Mobile,4,Married,2,1,12.0,1.0,2.0,5.0,146.48,0,0,1,0,1,0,0,0,0,0,0,1,0,0,1,0
54141,0,9.0,Phone,2,33.0,Debit Card,Female,3.0,4,Fashion,1,Single,3,1,17.0,2.0,2.0,3.0,213.37,0,0,1,0,0,1,0,0,1,0,0,0,0,0,0,1
52163,0,9.0,Computer,1,24.0,Debit Card,Male,3.0,3,Laptop & Accessory,1,Single,3,0,20.0,0.0,1.0,9.0,177.79,1,1,0,0,0,1,0,0,0,0,1,0,0,0,0,1
55196,0,5.0,Phone,2,15.0,Credit Card,Female,4.0,2,Mobile,4,Single,11,0,19.0,2.0,2.0,3.0,146.09,0,0,1,0,1,0,0,0,0,0,0,1,0,0,0,1
51668,0,5.0,Phone,1,8.0,Credit Card,Female,3.0,1,Laptop & Accessory,1,Single,8,0,16.0,0.0,1.0,7.0,150.55,0,0,1,0,1,0,0,0,0,0,1,0,0,0,0,1
52809,0,4.0,Computer,1,11.0,Credit Card,Male,3.0,3,Laptop & Accessory,5,Single,1,0,19.0,1.0,1.0,7.0,199.36,1,1,0,0,1,0,0,0,0,0,1,0,0,0,0,1
51726,0,0.0,Phone,3,16.0,E Wallet,Female,3.0,3,Laptop & Accessory,3,Married,2,1,12.0,0.0,1.0,3.0,142.6,0,0,1,0,0,0,1,0,0,0,1,0,0,0,1,0
54955,0,8.0,Computer,1,10.0,Debit Card,Male,3.0,4,Laptop & Accessory,1,Single,2,0,18.0,2.0,2.0,5.0,202.56,1,1,0,0,0,1,0,0,0,0,1,0,0,0,0,1
52309,0,11.0,Phone,3,8.0,Debit Card,Female,2.0,3,Laptop & Accessory,5,Married,4,0,15.0,0.0,1.0,7.0,168.93,0,0,1,0,0,1,0,0,0,0,1,0,0,0,1,0
52232,0,3.0,Phone,1,7.0,Credit Card,Male,3.0,3,Mobile,4,Married,1,1,21.0,3.0,5.0,7.0,135.79,1,0,1,0,1,0,0,0,0,0,0,1,0,0,1,0
55595,0,26.0,Computer,3,36.0,Debit Card,Male,3.0,4,Mobile,1,Married,4,0,16.0,2.0,2.0,1.0,159.82,1,1,0,0,0,1,0,0,0,0,0,1,0,0,1,0
55490,0,3.0,Phone,2,13.0,Credit Card,Male,3.0,5,Mobile,4,Married,3,0,12.0,2.0,2.0,1.0,153.04,1,0,1,0,1,0,0,0,0,0,0,1,0,0,1,0
50877,0,10.0,Phone,1,17.0,Credit Card,Female,3.0,3,Mobile,3,Single,5,0,18.0,0.0,1.0,2.0,136.29,0,0,1,0,1,0,0,0,0,0,0,1,0,0,0,1
50946,0,1.0,Computer,3,13.0,Debit Card,Male,2.0,3,Laptop & Accessory,5,Single,1,0,14.0,1.0,1.0,3.0,148.98,1,1,0,0,0,1,0,0,0,0,1,0,0,0,0,1
55585,0,9.0,Phone,1,16.0,Credit Card,Male,3.0,4,Laptop & Accessory,3,Single,3,0,20.0,1.0,2.0,9.0,175.98,1,0,1,0,1,0,0,0,0,0,1,0,0,0,0,1
51101,0,18.0,Phone,1,34.0,Cash On Delivery,Female,2.0,4,Grocery,4,Single,2,0,11.0,1.0,8.0,6.0,267.04,0,0,1,1,0,0,0,0,0,1,0,0,0,0,0,1
50849,0,8.0,Phone,1,6.0,Credit Card,Female,2.0,4,Laptop & Accessory,2,Divorced,1,0,12.0,1.0,1.0,0.0,153.63,0,0,1,0,1,0,0,0,0,0,1,0,0,1,0,0
52453,0,11.0,Computer,2,16.0,Upi,Male,3.0,3,Laptop & Accessory,3,Married,4,0,11.0,0.0,1.0,2.0,160.77,1,1,0,0,0,0,0,1,0,0,1,0,0,0,1,0
54544,0,1.0,Phone,1,18.0,Credit Card,Female,3.0,4,Mobile,4,Married,3,0,14.0,2.0,2.0,3.0,147.44,0,0,1,0,1,0,0,0,0,0,0,1,0,0,1,0
50065,0,24.0,Phone,1,9.0,Credit Card,Female,3.0,3,Grocery,4,Single,4,0,18.0,0.0,2.0,0.0,237.33999999999997,0,0,1,0,1,0,0,0,0,1,0,0,0,0,0,1
54334,0,4.0,Computer,1,16.0,Credit Card,Male,4.0,4,Laptop & Accessory,5,Married,3,0,12.0,6.0,7.0,11.0,155.72,1,1,0,0,1,0,0,0,0,0,1,0,0,0,1,0
55011,0,6.0,Computer,3,9.0,Debit Card,Female,4.0,4,Mobile,5,Married,3,0,13.0,2.0,2.0,1.0,153.27,0,1,0,0,0,1,0,0,0,0,0,1,0,0,1,0
52479,0,16.0,Phone,1,33.0,Cash On Delivery,Male,2.0,1,Mobile,4,Married,6,0,12.0,1.0,1.0,2.0,148.76,1,0,1,1,0,0,0,0,0,0,0,1,0,0,1,0
54451,0,23.0,Computer,1,17.0,Debit Card,Female,3.0,4,Others,5,Single,11,1,15.0,1.0,2.0,3.0,311.65,0,1,0,0,0,1,0,0,0,0,0,0,1,0,0,1
53590,0,23.0,Phone,1,11.0,Credit Card,Male,3.0,5,Others,3,Divorced,4,0,15.0,1.0,2.0,1.0,312.11,1,0,1,0,1,0,0,0,0,0,0,0,1,1,0,0
51293,0,4.0,Phone,3,8.0,Debit Card,Male,2.9315348837209303,3,Mobile,3,Married,1,0,19.0,1.0,1.0,2.0,130.67,1,0,1,0,0,1,0,0,0,0,0,1,0,0,1,0
52335,0,10.0,Phone,1,10.0,Debit Card,Male,2.9315348837209303,3,Mobile,3,Married,8,1,15.0,1.0,1.0,3.0,129.96,1,0,1,0,0,1,0,0,0,0,0,1,0,0,1,0
53028,0,3.0,Phone,1,16.0,Upi,Male,2.0,5,Mobile,2,Single,2,0,18.0,3.0,3.0,3.0,164.83,1,0,1,0,0,0,0,1,0,0,0,1,0,0,0,1
52002,1,0.0,Phone,1,31.0,Debit Card,Male,2.9315348837209303,3,Mobile,1,Single,2,1,24.0,0.0,1.0,1.0,127.94999999999999,1,0,1,0,0,1,0,0,0,0,0,1,0,0,0,1
50564,1,9.0,Phone,3,27.0,Upi,Male,2.0,4,Mobile,4,Single,2,1,13.0,0.0,1.0,0.0,121.21000000000001,1,0,1,0,0,0,0,1,0,0,0,1,0,0,0,1
52860,0,6.0,Phone,1,13.0,Debit Card,Male,3.0,4,Mobile,3,Single,5,0,21.0,1.0,2.0,5.0,155.38,1,0,1,0,0,1,0,0,0,0,0,1,0,0,0,1
51086,0,9.0,Phone,1,27.0,Credit Card,Male,3.0,1,Mobile,4,Married,2,0,18.0,2.0,2.0,13.0,120.28,1,0,1,0,1,0,0,0,0,0,0,1,0,0,1,0
55359,0,7.0,Computer,3,23.0,Debit Card,Female,3.0,4,Laptop & Accessory,1,Married,3,1,26.0,1.0,2.0,3.0,178.68,0,1,0,0,0,1,0,0,0,0,1,0,0,0,1,0
54145,0,19.0,Phone,3,27.0,Debit Card,Female,3.0,4,Laptop & Accessory,3,Single,10,0,16.0,2.0,2.0,2.0,173.5,0,0,1,0,0,1,0,0,0,0,1,0,0,0,0,1
51747,0,29.0,Computer,3,12.0,Debit Card,Female,2.0,1,Grocery,5,Married,10,0,11.0,6.0,2.0,7.0,232.12,0,1,0,0,0,1,0,0,0,1,0,0,0,0,1,0
54405,0,19.0,Phone,1,7.0,Upi,Male,4.0,2,Others,1,Married,2,0,15.0,2.0,2.0,8.0,317.02,1,0,1,0,0,0,0,1,0,0,0,0,1,0,1,0
50601,1,0.0,Phone,1,20.0,Upi,Male,2.0,4,Mobile,4,Married,2,1,24.0,1.0,1.0,2.0,137.43,1,0,1,0,0,0,0,1,0,0,0,1,0,0,1,0
50820,0,1.0,Computer,1,6.0,Debit Card,Female,2.0,5,Laptop & Accessory,2,Divorced,1,0,11.0,7.0,7.0,5.0,166.74,0,1,0,0,0,1,0,0,0,0,1,0,0,1,0,0
54613,0,19.0,Phone,3,9.0,Upi,Male,4.0,4,Laptop & Accessory,4,Married,2,0,20.0,4.0,4.0,8.0,173.05,1,0,1,0,0,0,0,1,0,0,1,0,0,0,1,0
55089,1,8.0,Phone,1,22.0,Credit Card,Female,4.0,4,Fashion,1,Married,3,0,12.0,1.0,2.0,6.0,204.78,0,0,1,0,1,0,0,0,1,0,0,0,0,0,1,0
53755,0,4.0,Phone,2,7.0,Debit Card,Male,3.0,4,Mobile,3,Married,2,0,22.0,1.0,2.0,4.0,145.64,1,0,1,0,0,1,0,0,0,0,0,1,0,0,1,0
50077,0,22.0,Computer,1,24.0,Debit Card,Male,3.0,3,Laptop & Accessory,2,Married,2,1,15.0,0.0,1.0,7.0,168.04,1,1,0,0,0,1,0,0,0,0,1,0,0,0,1,0
50595,0,20.0,Phone,3,10.0,Debit Card,Female,2.0,3,Laptop & Accessory,2,Single,2,1,17.0,1.0,1.0,7.0,141.63,0,0,1,0,0,1,0,0,0,0,1,0,0,0,0,1
52591,0,9.0,Computer,2,16.0,Credit Card,Male,2.0,3,Mobile,1,Married,1,0,14.0,0.0,2.0,1.0,121.44999999999999,1,1,0,0,1,0,0,0,0,0,0,1,0,0,1,0
53746,0,8.0,Computer,1,22.0,Credit Card,Male,4.0,4,Grocery,5,Married,9,0,15.0,3.0,7.0,10.0,295.07,1,1,0,0,1,0,0,0,0,1,0,0,0,0,1,0
52458,1,1.0,Phone,1,8.0,Credit Card,Male,2.0,3,Laptop & Accessory,4,Married,5,0,11.0,1.0,1.0,4.0,148.55,1,0,1,0,1,0,0,0,0,0,1,0,0,0,1,0
55288,0,1.0,Phone,1,17.0,Cash On Delivery,Male,3.0,2,Mobile,3,Married,4,0,17.0,1.0,3.0,3.0,145.73,1,0,1,1,0,0,0,0,0,0,0,1,0,0,1,0
51073,0,0.0,Phone,3,15.0,Debit Card,Male,2.9315348837209303,3,Mobile,5,Single,2,0,11.0,0.0,1.0,2.0,127.28,1,0,1,0,0,1,0,0,0,0,0,1,0,0,0,1
53243,0,30.0,Phone,1,16.0,Credit Card,Male,3.0,4,Grocery,2,Divorced,9,0,12.0,1.0,2.0,2.0,236.02999999999997,1,0,1,0,1,0,0,0,0,1,0,0,0,1,0,0
52176,0,14.0,Phone,1,18.0,Debit Card,Male,2.0,3,Mobile,1,Married,4,1,11.0,1.0,1.0,0.0,147.66,1,0,1,0,0,1,0,0,0,0,0,1,0,0,1,0
51956,0,0.0,Phone,1,11.0,Cash On Delivery,Male,2.0,4,Fashion,1,Married,2,1,16.0,1.0,1.0,3.0,228.07999999999998,1,0,1,1,0,0,0,0,1,0,0,0,0,0,1,0
52574,0,14.0,Computer,2,10.0,Upi,Male,2.0,5,Laptop & Accessory,4,Married,7,0,19.0,0.0,1.0,2.0,164.3,1,1,0,0,0,0,0,1,0,0,1,0,0,0,1,0
51674,0,6.0,Computer,3,16.0,E Wallet,Male,2.0,4,Laptop & Accessory,1,Single,4,0,14.0,1.0,1.0,1.0,146.82,1,1,0,0,0,0,1,0,0,0,1,0,0,0,0,1
52137,1,0.0,Phone,3,10.0,Cash On Delivery,Male,2.0,3,Fashion,5,Single,1,1,22.0,2.0,4.0,7.0,195.82,1,0,1,1,0,0,0,0,1,0,0,0,0,0,0,1
52592,1,9.0,Computer,2,14.0,Upi,Female,3.0,4,Mobile,1,Married,7,0,11.0,1.0,1.0,2.0,121.80000000000001,0,1,0,0,0,0,0,1,0,0,0,1,0,0,1,0
54283,1,20.0,Phone,1,21.0,Debit Card,Female,4.0,4,Mobile,4,Married,11,1,19.0,4.0,5.0,4.0,174.63,0,0,1,0,0,1,0,0,0,0,0,1,0,0,1,0
54631,0,1.0,Computer,3,31.0,Credit Card,Male,3.0,4,Mobile,1,Married,2,0,14.0,2.0,3.0,2.0,149.0,1,1,0,0,1,0,0,0,0,0,0,1,0,0,1,0
54782,0,10.0,Phone,3,7.0,Debit Card,Male,3.0,4,Laptop & Accessory,1,Married,3,1,15.0,4.0,5.0,12.0,187.01,1,0,1,0,0,1,0,0,0,0,1,0,0,0,1,0
53435,1,1.0,Phone,1,18.0,Credit Card,Female,4.0,6,Laptop & Accessory,4,Divorced,7,0,16.0,2.0,2.0,1.0,172.77,0,0,1,0,1,0,0,0,0,0,1,0,0,1,0,0
50672,1,0.0,Phone,1,10.0,Cash On Delivery,Male,2.0,3,Mobile,2,Divorced,2,1,15.0,5.0,5.0,6.0,136.91,1,0,1,1,0,0,0,0,0,0,0,1,0,1,0,0
55074,1,9.0,Phone,3,9.0,E Wallet,Female,4.0,6,Others,4,Single,4,1,15.0,2.0,2.0,12.0,313.24,0,0,1,0,0,0,1,0,0,0,0,0,1,0,0,1
50326,0,4.0,Phone,3,8.0,Debit Card,Male,3.0,3,Laptop & Accessory,2,Single,5,1,13.0,1.0,1.0,5.0,165.82,1,0,1,0,0,1,0,0,0,0,1,0,0,0,0,1
54871,0,7.0,Computer,3,24.0,Debit Card,Male,3.0,4,Grocery,3,Single,3,0,15.0,6.0,7.0,1.0,299.44,1,1,0,0,0,1,0,0,0,1,0,0,0,0,0,1
54743,0,14.0,Computer,1,9.0,Credit Card,Female,3.0,2,Laptop & Accessory,4,Married,3,0,25.0,1.0,4.0,8.0,167.44,0,1,0,0,1,0,0,0,0,0,1,0,0,0,1,0
52017,0,9.0,Phone,1,16.0,Debit Card,Male,2.0,3,Mobile,4,Married,2,0,14.0,1.0,1.0,0.0,120.08000000000001,1,0,1,0,0,1,0,0,0,0,0,1,0,0,1,0
54667,0,11.0,Phone,1,10.0,Upi,Male,3.0,4,Fashion,3,Married,3,0,16.0,8.0,8.0,3.0,219.34,1,0,1,0,0,0,0,1,1,0,0,0,0,0,1,0
50983,0,11.0,Computer,2,16.0,Upi,Male,3.0,3,Laptop & Accessory,3,Married,4,0,11.0,0.0,1.0,2.0,160.77,1,1,0,0,0,0,0,1,0,0,1,0,0,0,1,0
53308,0,18.0,Phone,1,11.0,Credit Card,Male,3.0,4,Laptop & Accessory,4,Single,11,0,13.0,2.0,3.0,4.0,184.33,1,0,1,0,1,0,0,0,0,0,1,0,0,0,0,1
51927,0,3.0,Phone,1,6.0,Debit Card,Male,2.0,5,Mobile,3,Married,4,0,21.0,1.0,1.0,2.0,138.33,1,0,1,0,0,1,0,0,0,0,0,1,0,0,1,0
50557,0,11.0,Phone,1,6.0,Cash On Delivery,Female,3.0,3,Fashion,5,Divorced,2,0,13.0,3.0,2.0,11.0,235.82,0,0,1,1,0,0,0,0,1,0,0,0,0,1,0,0
54875,0,24.0,Phone,1,7.0,Credit Card,Male,4.0,4,Grocery,1,Married,11,0,15.0,1.0,2.0,4.0,298.99,1,0,1,0,1,0,0,0,0,1,0,0,0,0,1,0
50562,0,14.0,Phone,1,12.0,Credit Card,Male,2.0,3,Mobile,5,Single,3,1,13.0,1.0,2.0,17.0,147.21,1,0,1,0,1,0,0,0,0,0,0,1,0,0,0,1
51523,1,0.0,Phone,1,8.0,Debit Card,Male,2.0,4,Mobile,1,Single,2,0,22.0,1.0,1.0,0.0,111.02000000000001,1,0,1,0,0,1,0,0,0,0,0,1,0,0,0,1
50657,0,0.0,Phone,1,6.0,Credit Card,Male,2.0,4,Mobile,5,Divorced,2,0,16.0,0.0,1.0,3.0,139.55,1,0,1,0,1,0,0,0,0,0,0,1,0,1,0,0
54161,1,5.0,Phone,3,7.0,Debit Card,Female,4.0,4,Laptop & Accessory,1,Single,10,1,12.0,1.0,2.0,6.0,184.93,0,0,1,0,0,1,0,0,0,0,1,0,0,0,0,1
50466,0,6.0,Phone,1,13.0,Credit Card,Male,2.0,3,Fashion,3,Divorced,1,0,11.0,0.0,3.0,3.0,216.91000000000003,1,0,1,0,1,0,0,0,1,0,0,0,0,1,0,0
51290,0,20.0,Phone,1,31.0,Credit Card,Male,2.0,3,Fashion,3,Single,3,0,23.0,1.0,12.0,11.0,186.33,1,0,1,0,1,0,0,0,1,0,0,0,0,0,0,1
54351,0,26.0,Phone,1,7.0,Debit Card,Male,4.0,5,Others,3,Married,2,0,15.0,8.0,12.0,10.0,324.99,1,0,1,0,0,1,0,0,0,0,0,0,1,0,1,0
54120,0,13.0,Phone,1,31.0,Debit Card,Male,3.0,4,Laptop & Accessory,1,Single,9,0,14.0,2.0,2.0,8.0,166.08,1,0,1,0,0,1,0,0,0,0,1,0,0,0,0,1
53906,0,9.0,Computer,1,9.0,Credit Card,Male,4.0,5,Mobile,1,Single,2,1,15.0,2.0,2.0,5.0,174.3,1,1,0,0,1,0,0,0,0,0,0,1,0,0,0,1
54786,0,19.0,Phone,3,16.0,E Wallet,Male,4.0,4,Fashion,5,Married,6,1,13.0,1.0,2.0,3.0,232.61,1,0,1,0,0,0,1,0,1,0,0,0,0,0,1,0
50411,0,14.0,Phone,2,16.0,Upi,Male,3.0,4,Others,2,Married,4,0,15.0,1.0,12.0,6.0,291.41,1,0,1,0,0,0,0,1,0,0,0,0,1,0,1,0
50469,0,9.0,Phone,1,6.0,Upi,Female,2.0,3,Laptop & Accessory,4,Divorced,1,0,15.0,0.0,1.0,5.0,152.28,0,0,1,0,0,0,0,1,0,0,1,0,0,1,0,0
52570,0,9.0,Phone,1,23.0,Credit Card,Male,3.0,5,Mobile,3,Married,2,0,15.0,1.0,1.0,2.0,123.05000000000001,1,0,1,0,1,0,0,0,0,0,0,1,0,0,1,0
50500,0,26.0,Phone,3,13.0,E Wallet,Female,3.0,4,Fashion,2,Divorced,8,1,18.0,0.0,1.0,3.0,209.33999999999997,0,0,1,0,0,0,1,0,1,0,0,0,0,1,0,0
54442,0,16.0,Phone,3,7.0,Debit Card,Male,2.0,4,Laptop & Accessory,3,Married,3,0,26.0,7.0,12.0,7.0,174.07,1,0,1,0,0,1,0,0,0,0,1,0,0,0,1,0
54745,0,16.0,Computer,1,15.0,Debit Card,Male,4.0,4,Others,1,Married,3,0,15.0,6.0,15.0,10.0,309.3,1,1,0,0,0,1,0,0,0,0,0,0,1,0,1,0
50480,0,15.0,Phone,1,35.0,Debit Card,Male,3.0,3,Laptop & Accessory,4,Divorced,2,0,13.0,2.0,7.0,8.0,144.34,1,0,1,0,0,1,0,0,0,0,1,0,0,1,0,0
51784,0,8.0,Phone,1,22.0,Debit Card,Male,3.0,3,Fashion,3,Married,5,1,12.0,0.0,1.0,0.0,176.32,1,0,1,0,0,1,0,0,1,0,0,0,0,0,1,0
52431,1,0.0,Computer,1,9.0,Debit Card,Female,2.0,3,Mobile,3,Single,2,0,12.0,2.0,7.0,7.0,140.84,0,1,0,0,0,1,0,0,0,0,0,1,0,0,0,1
51556,1,0.0,Phone,3,10.0,Credit Card,Male,2.0,5,Fashion,1,Married,2,0,11.0,6.0,9.0,8.0,204.0,1,0,1,0,1,0,0,0,1,0,0,0,0,0,1,0
51269,0,0.0,Phone,3,15.0,E Wallet,Male,2.0,3,Laptop & Accessory,1,Single,2,0,14.0,0.0,1.0,7.0,141.05,1,0,1,0,0,0,1,0,0,0,1,0,0,0,0,1
53987,0,4.0,Phone,1,17.0,Credit Card,Female,4.0,4,Fashion,3,Single,11,0,15.0,1.0,2.0,3.0,221.67,0,0,1,0,1,0,0,0,1,0,0,0,0,0,0,1
54553,0,28.0,Phone,1,12.0,Credit Card,Male,3.0,4,Others,5,Married,6,0,15.0,2.0,2.0,3.0,319.06,1,0,1,0,1,0,0,0,0,0,0,0,1,0,1,0
53466,0,17.0,Phone,3,32.0,Credit Card,Male,4.0,5,Fashion,2,Married,7,0,14.0,2.0,2.0,1.0,259.0,1,0,1,0,1,0,0,0,1,0,0,0,0,0,1,0
52337,0,5.0,Phone,3,8.0,E Wallet,Male,2.0,3,Laptop & Accessory,4,Married,1,1,13.0,1.0,1.0,2.0,140.78,1,0,1,0,0,0,1,0,0,0,1,0,0,0,1,0
53728,0,19.0,Phone,1,36.0,Cash On Delivery,Male,3.0,4,Fashion,1,Divorced,6,1,19.0,2.0,2.0,3.0,218.8,1,0,1,1,0,0,0,0,1,0,0,0,0,1,0,0
52173,0,1.0,Computer,1,12.0,Debit Card,Male,2.9315348837209303,4,Mobile,3,Married,2,1,14.0,1.0,1.0,2.0,127.03,1,1,0,0,0,1,0,0,0,0,0,1,0,0,1,0
53199,0,9.0,Phone,1,13.0,Debit Card,Male,3.0,6,Laptop & Accessory,2,Single,3,0,14.0,12.0,12.0,9.0,191.46,1,0,1,0,0,1,0,0,0,0,1,0,0,0,0,1
50018,1,0.0,Phone,3,11.0,E Wallet,Male,2.0,4,Laptop & Accessory,3,Single,2,1,11.0,1.0,1.0,3.0,157.44,1,0,1,0,0,0,1,0,0,0,1,0,0,0,0,1
53105,1,1.0,Phone,3,7.0,Cash On Delivery,Female,4.0,4,Mobile,4,Single,3,1,17.0,2.0,2.0,5.0,157.02,0,0,1,1,0,0,0,0,0,0,0,1,0,0,0,1
51349,0,6.0,Computer,1,9.0,Debit Card,Female,2.9315348837209303,3,Mobile,3,Married,2,1,11.0,2.0,3.0,0.0,129.09,0,1,0,0,0,1,0,0,0,0,0,1,0,0,1,0
50481,0,11.0,Computer,1,18.0,Debit Card,Male,2.0,4,Laptop & Accessory,5,Married,3,0,15.0,1.0,1.0,2.0,162.88,1,1,0,0,0,1,0,0,0,0,1,0,0,0,1,0
53286,1,21.0,Phone,1,9.0,Debit Card,Male,3.0,4,Others,4,Single,9,1,15.0,6.0,14.0,9.0,317.46,1,0,1,0,0,1,0,0,0,0,0,0,1,0,0,1
51752,0,25.0,Phone,1,9.0,Credit Card,Male,2.0,4,Fashion,3,Married,3,1,14.0,1.0,1.0,4.0,179.69,1,0,1,0,1,0,0,0,1,0,0,0,0,0,1,0
53944,0,7.0,Computer,3,9.0,E Wallet,Female,4.0,4,Laptop & Accessory,4,Single,10,0,16.0,1.0,2.0,8.0,176.47,0,1,0,0,0,0,1,0,0,0,1,0,0,0,0,1
53979,0,9.0,Computer,1,9.0,Credit Card,Male,3.0,4,Laptop & Accessory,1,Married,4,0,15.0,1.0,2.0,8.0,182.62,1,1,0,0,1,0,0,0,0,0,1,0,0,0,1,0
53330,0,23.0,Phone,1,7.0,Cash On Delivery,Female,3.0,4,Mobile,5,Divorced,4,0,17.0,2.0,2.0,3.0,160.8,0,0,1,1,0,0,0,0,0,0,0,1,0,1,0,0
51363,0,0.0,Computer,1,22.0,Credit Card,Male,2.9315348837209303,1,Mobile,1,Married,2,1,13.0,0.0,1.0,0.0,129.35,1,1,0,0,1,0,0,0,0,0,0,1,0,0,1,0
51937,1,0.0,Phone,3,22.0,E Wallet,Female,3.0,3,Laptop & Accessory,5,Single,6,0,15.0,1.0,1.0,2.0,153.24,0,0,1,0,0,0,1,0,0,0,1,0,0,0,0,1
50765,0,9.0,Phone,1,20.0,Debit Card,Male,2.0,3,Mobile,5,Divorced,2,1,14.0,2.0,6.0,8.0,122.35,1,0,1,0,0,1,0,0,0,0,0,1,0,1,0,0
50121,0,4.0,Computer,1,9.0,Credit Card,Male,3.0,3,Fashion,3,Married,10,0,12.0,1.0,2.0,2.0,236.75,1,1,0,0,1,0,0,0,1,0,0,0,0,0,1,0
54429,0,19.0,Phone,1,27.0,Credit Card,Male,4.0,4,Grocery,1,Married,2,1,15.0,3.0,2.0,11.0,259.96,1,0,1,0,1,0,0,0,0,1,0,0,0,0,1,0
55343,0,10.0,Computer,1,8.0,Credit Card,Female,3.0,5,Laptop & Accessory,3,Married,2,0,16.0,1.0,2.0,3.0,168.74,0,1,0,0,1,0,0,0,0,0,1,0,0,0,1,0
50415,0,23.0,Phone,3,14.0,E Wallet,Male,2.0,3,Mobile,4,Divorced,8,0,15.0,1.0,2.0,2.0,138.75,1,0,1,0,0,0,1,0,0,0,0,1,0,1,0,0
50803,0,9.0,Phone,1,8.0,Debit Card,Female,2.0,3,Laptop & Accessory,4,Single,10,1,11.0,4.0,5.0,12.0,154.1,0,0,1,0,0,1,0,0,0,0,1,0,0,0,0,1
54509,0,16.0,Phone,1,30.0,Debit Card,Female,3.0,4,Grocery,1,Single,4,0,15.0,1.0,2.0,1.0,284.92,0,0,1,0,0,1,0,0,0,1,0,0,0,0,0,1
53631,1,3.0,Phone,1,30.0,Credit Card,Male,4.0,4,Mobile,5,Single,2,0,14.0,1.0,2.0,4.0,164.04,1,0,1,0,1,0,0,0,0,0,0,1,0,0,0,1
50618,0,23.0,Phone,1,14.0,Debit Card,Male,3.0,3,Mobile,2,Divorced,5,0,18.0,1.0,1.0,0.0,123.80000000000001,1,0,1,0,0,1,0,0,0,0,0,1,0,1,0,0
52047,0,26.0,Phone,3,8.0,Credit Card,Male,2.0,3,Grocery,3,Married,7,0,13.0,11.0,2.0,2.0,248.51999999999998,1,0,1,0,1,0,0,0,0,1,0,0,0,0,1,0
53790,0,19.0,Phone,1,7.0,Cash On Delivery,Male,4.0,4,Fashion,4,Married,3,0,13.0,7.0,8.0,8.0,199.41,1,0,1,1,0,0,0,0,1,0,0,0,0,0,1,0
55402,0,6.0,Phone,3,26.0,Debit Card,Male,4.0,6,Fashion,3,Married,5,0,14.0,1.0,2.0,3.0,221.1,1,0,1,0,0,1,0,0,1,0,0,0,0,0,1,0
51504,0,13.0,Phone,3,10.0,E Wallet,Male,3.0,4,Fashion,1,Married,8,0,11.0,1.0,2.0,11.0,208.55,1,0,1,0,0,0,1,0,1,0,0,0,0,0,1,0
55618,0,14.0,Phone,1,9.0,Credit Card,Female,4.0,4,Mobile,3,Married,4,0,15.0,1.0,2.0,3.0,145.01,0,0,1,0,1,0,0,0,0,0,0,1,0,0,1,0
51149,1,0.0,Phone,1,14.0,Credit Card,Female,3.0,3,Mobile,5,Married,2,1,17.0,0.0,1.0,0.0,123.97999999999999,0,0,1,0,1,0,0,0,0,0,0,1,0,0,1,0
53676,1,1.0,Phone,1,29.0,Credit Card,Male,4.0,4,Laptop & Accessory,3,Divorced,3,1,16.0,4.0,7.0,8.0,186.79,1,0,1,0,1,0,0,0,0,0,1,0,0,1,0,0
54394,0,24.0,Phone,3,7.0,Credit Card,Female,4.0,4,Others,1,Married,5,0,15.0,2.0,2.0,7.0,320.17,0,0,1,0,1,0,0,0,0,0,0,0,1,0,1,0
51559,0,24.0,Phone,1,14.0,Debit Card,Male,2.0,4,Fashion,4,Married,6,0,16.0,2.0,4.0,3.0,224.89999999999998,1,0,1,0,0,1,0,0,1,0,0,0,0,0,1,0
51570,0,4.0,Computer,1,6.0,Credit Card,Male,2.0,5,Laptop & Accessory,3,Married,1,0,12.0,0.0,1.0,4.0,143.45,1,1,0,0,1,0,0,0,0,0,1,0,0,0,1,0
52037,0,13.0,Computer,1,15.0,Credit Card,Male,2.0,3,Mobile,4,Married,9,1,14.0,0.0,1.0,0.0,136.17,1,1,0,0,1,0,0,0,0,0,0,1,0,0,1,0
50896,0,20.0,Phone,1,6.0,Cash On Delivery,Male,3.0,3,Mobile,2,Divorced,8,0,12.0,1.0,1.0,2.0,134.2,1,0,1,1,0,0,0,0,0,0,0,1,0,1,0,0
52780,0,25.0,Computer,3,35.0,Debit Card,Male,2.0,3,Mobile,1,Married,3,0,15.0,1.0,1.0,0.0,134.82,1,1,0,0,0,1,0,0,0,0,0,1,0,0,1,0
53299,1,19.0,Phone,3,9.0,Credit Card,Male,3.0,4,Laptop & Accessory,2,Single,6,0,17.0,1.0,8.0,4.0,176.6,1,0,1,0,1,0,0,0,0,0,1,0,0,0,0,1
50497,0,9.0,Phone,3,6.0,Debit Card,Male,2.0,3,Laptop & Accessory,2,Divorced,2,1,14.0,2.0,4.0,11.0,162.01,1,0,1,0,0,1,0,0,0,0,1,0,0,1,0,0
50807,0,3.0,Computer,1,15.0,Credit Card,Female,3.0,3,Laptop & Accessory,3,Single,8,1,18.0,1.0,1.0,7.0,146.95,0,1,0,0,1,0,0,0,0,0,1,0,0,0,0,1
55294,0,17.0,Phone,1,34.0,Cash On Delivery,Male,3.0,2,Mobile,4,Married,7,0,13.0,2.0,2.0,3.0,173.76,1,0,1,1,0,0,0,0,0,0,0,1,0,0,1,0
55354,0,12.0,Computer,1,9.0,Credit Card,Female,3.0,5,Mobile,4,Single,3,0,23.0,1.0,4.0,4.0,149.4,0,1,0,0,1,0,0,0,0,0,0,1,0,0,0,1
50444,1,18.0,Phone,1,8.0,Credit Card,Male,3.0,3,Others,5,Divorced,6,1,15.0,1.0,1.0,4.0,298.59,1,0,1,0,1,0,0,0,0,0,0,0,1,1,0,0
53826,0,20.0,Phone,3,7.0,Debit Card,Male,3.0,2,Grocery,5,Single,3,0,15.0,2.0,2.0,13.0,300.67,1,0,1,0,0,1,0,0,0,1,0,0,0,0,0,1
53368,0,23.0,Phone,1,15.0,Upi,Female,3.0,4,Fashion,4,Divorced,6,0,12.0,1.0,2.0,8.0,199.03,0,0,1,0,0,0,0,1,1,0,0,0,0,1,0,0
53470,1,15.0,Phone,1,11.0,Debit Card,Male,3.0,4,Mobile,3,Divorced,11,1,13.0,2.0,3.0,8.0,149.61,1,0,1,0,0,1,0,0,0,0,0,1,0,1,0,0
52903,0,1.0,Computer,3,27.0,Debit Card,Female,3.0,4,Laptop & Accessory,3,Single,3,0,15.0,2.0,2.0,3.0,224.81,0,1,0,0,0,1,0,0,0,0,1,0,0,0,0,1
53532,0,1.0,Phone,1,31.0,Credit Card,Male,3.0,4,Mobile,4,Single,10,0,23.0,2.0,2.0,3.0,160.97,1,0,1,0,1,0,0,0,0,0,0,1,0,0,0,1
50795,0,30.0,Phone,1,24.0,Credit Card,Male,3.0,3,Fashion,2,Single,7,0,12.0,1.0,5.0,4.0,205.12,1,0,1,0,1,0,0,0,1,0,0,0,0,0,0,1
50773,0,30.0,Phone,3,9.0,Debit Card,Female,2.0,4,Laptop & Accessory,2,Single,6,0,17.0,0.0,1.0,5.0,151.71,0,0,1,0,0,1,0,0,0,0,1,0,0,0,0,1
51560,1,0.0,Phone,1,14.0,Cash On Delivery,Female,2.0,3,Mobile,5,Single,6,1,11.0,0.0,1.0,4.0,126.57,0,0,1,1,0,0,0,0,0,0,0,1,0,0,0,1
53335,0,5.0,Phone,1,18.0,Debit Card,Male,3.0,4,Mobile,2,Divorced,5,1,20.0,2.0,2.0,3.0,148.56,1,0,1,0,0,1,0,0,0,0,0,1,0,1,0,0
53875,0,28.0,Phone,1,29.0,Credit Card,Female,4.0,4,Grocery,3,Married,5,0,15.0,3.0,5.0,8.0,299.26,0,0,1,0,1,0,0,0,0,1,0,0,0,0,1,0
51991,1,0.0,Phone,3,6.0,Credit Card,Female,2.9315348837209303,4,Mobile,3,Married,7,1,19.0,1.0,1.0,2.0,128.0,0,0,1,0,1,0,0,0,0,0,0,1,0,0,1,0
53873,0,10.0,Computer,1,7.0,Credit Card,Female,3.0,5,Laptop & Accessory,3,Married,2,0,16.0,2.0,2.0,3.0,168.74,0,1,0,0,1,0,0,0,0,0,1,0,0,0,1,0
54721,0,8.0,Phone,1,15.0,Debit Card,Female,3.0,4,Laptop & Accessory,5,Married,5,0,15.0,2.0,2.0,1.0,176.21,0,0,1,0,0,1,0,0,0,0,1,0,0,0,1,0
54678,0,1.0,Phone,3,15.0,Debit Card,Male,3.0,2,Laptop & Accessory,4,Married,2,0,23.0,2.0,2.0,3.0,173.51,1,0,1,0,0,1,0,0,0,0,1,0,0,0,1,0
51084,0,7.0,Phone,1,11.0,Credit Card,Male,2.0,4,Laptop & Accessory,1,Married,2,0,14.0,4.0,4.0,13.0,139.86,1,0,1,0,1,0,0,0,0,0,1,0,0,0,1,0
55433,0,12.0,Phone,1,13.0,Upi,Female,3.0,5,Mobile,3,Married,3,0,12.0,2.0,2.0,5.0,162.02,0,0,1,0,0,0,0,1,0,0,0,1,0,0,1,0
51756,0,3.0,Phone,1,8.0,Debit Card,Female,2.0,5,Laptop & Accessory,1,Single,3,0,20.0,1.0,1.0,2.0,160.91,0,0,1,0,0,1,0,0,0,0,1,0,0,0,0,1
53977,0,14.0,Phone,1,9.0,Debit Card,Female,3.0,4,Mobile,5,Married,6,0,18.0,2.0,2.0,3.0,158.77,0,0,1,0,0,1,0,0,0,0,0,1,0,0,1,0
52282,0,18.0,Computer,1,31.0,Credit Card,Female,2.0,3,Others,4,Single,4,0,22.0,1.0,1.0,0.0,280.61,0,1,0,0,1,0,0,0,0,0,0,0,1,0,0,1
51950,0,15.0,Phone,1,35.0,Debit Card,Male,3.0,3,Laptop & Accessory,4,Married,2,0,13.0,5.0,7.0,8.0,144.34,1,0,1,0,0,1,0,0,0,0,1,0,0,0,1,0
54212,1,1.0,Phone,1,12.0,Cash On Delivery,Male,3.0,4,Mobile,3,Single,3,1,14.0,1.0,3.0,3.0,159.41,1,0,1,1,0,0,0,0,0,0,0,1,0,0,0,1
50581,0,12.0,Phone,3,8.0,Debit Card,Male,2.0,1,Fashion,3,Single,1,0,18.0,1.0,1.0,7.0,178.8,1,0,1,0,0,1,0,0,1,0,0,0,0,0,0,1
52707,0,0.0,Computer,1,14.0,Upi,Male,3.0,1,Mobile,1,Married,1,0,18.0,2.0,7.0,7.0,125.44,1,1,0,0,0,0,0,1,0,0,0,1,0,0,1,0
50258,1,0.0,Computer,1,9.0,Cash On Delivery,Male,2.9315348837209303,3,Mobile,5,Single,1,0,22.0,0.0,1.0,4.0,131.02,1,1,0,1,0,0,0,0,0,0,0,1,0,0,0,1
50553,0,22.0,Phone,1,14.0,Upi,Female,2.0,3,Fashion,4,Divorced,5,0,11.0,0.0,1.0,7.0,174.03,0,0,1,0,0,0,0,1,1,0,0,0,0,1,0,0
51876,0,0.0,Phone,1,6.0,Debit Card,Female,3.0,3,Fashion,5,Married,2,0,11.0,0.0,1.0,7.0,174.12,0,0,1,0,0,1,0,0,1,0,0,0,0,0,1,0
50483,1,12.0,Phone,3,17.0,E Wallet,Female,2.0,3,Fashion,2,Divorced,2,0,18.0,0.0,7.0,7.0,176.54,0,0,1,0,0,0,1,0,1,0,0,0,0,1,0,0
55170,0,31.0,Phone,1,8.0,Credit Card,Female,4.0,4,Others,5,Married,5,1,15.0,2.0,2.0,6.0,322.01,0,0,1,0,1,0,0,0,0,0,0,0,1,0,1,0
50582,1,3.0,Computer,3,30.0,Debit Card,Female,3.0,1,Grocery,4,Single,5,1,16.0,1.0,2.0,0.0,231.94,0,1,0,0,0,1,0,0,0,1,0,0,0,0,0,1
50059,0,23.0,Phone,1,6.0,Credit Card,Male,2.0,4,Mobile,3,Divorced,3,0,15.0,0.0,1.0,2.0,136.9,1,0,1,0,1,0,0,0,0,0,0,1,0,1,0,0
51805,0,14.0,Computer,1,8.0,Upi,Female,3.0,4,Laptop & Accessory,3,Single,3,1,17.0,0.0,1.0,7.0,168.11,0,1,0,0,0,0,0,1,0,0,1,0,0,0,0,1
54821,1,21.0,Computer,1,9.0,Debit Card,Male,3.0,5,Mobile,1,Married,11,1,15.0,2.0,2.0,1.0,148.8,1,1,0,0,0,1,0,0,0,0,0,1,0,0,1,0
51886,1,9.0,Phone,1,6.0,Debit Card,Female,3.0,5,Mobile,4,Single,8,1,13.0,1.0,3.0,7.0,122.16,0,0,1,0,0,1,0,0,0,0,0,1,0,0,0,1
54538,0,10.0,Phone,1,9.0,Debit Card,Female,4.0,4,Mobile,3,Married,6,0,14.0,3.0,3.0,3.0,150.43,0,0,1,0,0,1,0,0,0,0,0,1,0,0,1,0
54820,0,2.0,Phone,3,12.0,Credit Card,Male,4.0,4,Laptop & Accessory,1,Single,3,0,15.0,1.0,2.0,3.0,174.08,1,0,1,0,1,0,0,0,0,0,1,0,0,0,0,1
50173,0,8.0,Phone,3,22.0,E Wallet,Male,3.0,3,Fashion,4,Divorced,1,0,15.0,3.0,6.0,9.0,180.2,1,0,1,0,0,0,1,0,1,0,0,0,0,1,0,0
52770,0,8.0,Phone,1,15.0,Credit Card,Male,2.0,3,Laptop & Accessory,3,Single,2,0,19.0,0.0,1.0,8.0,150.98,1,0,1,0,1,0,0,0,0,0,1,0,0,0,0,1
50525,0,26.0,Phone,1,29.0,Debit Card,Female,3.0,3,Grocery,2,Single,7,0,18.0,2.0,2.0,8.0,242.75,0,0,1,0,0,1,0,0,0,1,0,0,0,0,0,1
51841,1,0.0,Phone,3,8.0,E Wallet,Male,2.9315348837209303,3,Mobile,5,Married,1,0,11.0,1.0,1.0,2.0,130.41,1,0,1,0,0,0,1,0,0,0,0,1,0,0,1,0
52031,0,0.0,Computer,3,6.0,Credit Card,Male,2.0,4,Laptop & Accessory,5,Single,2,0,12.0,0.0,1.0,7.0,142.94,1,1,0,0,1,0,0,0,0,0,1,0,0,0,0,1
50992,0,28.0,Phone,3,32.0,E Wallet,Male,2.0,4,Others,1,Married,2,0,15.0,2.0,2.0,13.0,295.86,1,0,1,0,0,0,1,0,0,0,0,0,1,0,1,0
53699,0,28.0,Phone,1,7.0,Credit Card,Female,3.0,4,Grocery,2,Single,8,0,15.0,6.0,13.0,8.0,298.28,0,0,1,0,1,0,0,0,0,1,0,0,0,0,0,1
54240,0,20.0,Phone,2,12.0,Credit Card,Male,4.0,4,Laptop & Accessory,4,Married,3,1,23.0,2.0,2.0,3.0,175.21,1,0,1,0,1,0,0,0,0,0,1,0,0,0,1,0
53589,0,17.0,Phone,1,10.0,Debit Card,Male,4.0,6,Others,2,Divorced,5,0,15.0,2.0,2.0,8.0,322.4,1,0,1,0,0,1,0,0,0,0,0,0,1,1,0,0
53060,0,5.0,Phone,1,16.0,Debit Card,Male,3.0,5,Mobile,4,Single,2,1,17.0,2.0,3.0,3.0,151.57,1,0,1,0,0,1,0,0,0,0,0,1,0,0,0,1
55607,0,8.0,Phone,3,35.0,E Wallet,Female,4.0,5,Laptop & Accessory,3,Married,3,0,22.0,2.0,2.0,8.0,192.12,0,0,1,0,0,0,1,0,0,0,1,0,0,0,1,0
53269,0,12.0,Computer,1,9.0,Debit Card,Female,4.0,2,Laptop & Accessory,5,Single,8,1,13.0,5.0,5.0,13.0,184.8,0,1,0,0,0,1,0,0,0,0,1,0,0,0,0,1
52554,0,7.0,Phone,1,11.0,Credit Card,Male,2.0,4,Laptop & Accessory,1,Married,2,0,14.0,0.0,4.0,13.0,139.86,1,0,1,0,1,0,0,0,0,0,1,0,0,0,1,0
51648,0,1.0,Phone,1,22.0,Credit Card,Male,3.0,1,Laptop & Accessory,5,Single,1,0,19.0,0.0,1.0,7.0,156.61,1,0,1,0,1,0,0,0,0,0,1,0,0,0,0,1
54418,0,14.0,Phone,1,9.0,Credit Card,Male,3.0,4,Others,3,Married,2,0,15.0,4.0,4.0,10.0,319.36,1,0,1,0,1,0,0,0,0,0,0,0,1,0,1,0
51736,0,16.0,Phone,1,18.0,Debit Card,Male,2.0,4,Grocery,4,Married,2,0,11.0,3.0,2.0,9.0,243.36,1,0,1,0,0,1,0,0,0,1,0,0,0,0,1,0
53467,1,1.0,Computer,3,16.0,E Wallet,Female,3.0,4,Mobile,2,Single,3,1,15.0,1.0,2.0,3.0,148.23,0,1,0,0,0,0,1,0,0,0,0,1,0,0,0,1
54970,0,2.0,Phone,1,10.0,Credit Card,Female,4.0,4,Fashion,4,Married,2,0,18.0,1.0,2.0,8.0,201.55,0,0,1,0,1,0,0,0,1,0,0,0,0,0,1,0
54323,0,2.0,Phone,1,28.0,Credit Card,Male,3.0,4,Mobile,1,Married,3,0,12.0,1.0,2.0,3.0,152.13,1,0,1,0,1,0,0,0,0,0,0,1,0,0,1,0
52172,0,11.0,Phone,2,6.0,Upi,Male,2.9315348837209303,1,Mobile,3,Married,2,0,13.0,3.0,5.0,0.0,128.44,1,0,1,0,0,0,0,1,0,0,0,1,0,0,1,0
51353,0,3.0,Phone,1,30.0,Debit Card,Male,2.9315348837209303,3,Mobile,3,Married,2,0,22.0,1.0,1.0,0.0,126.93,1,0,1,0,0,1,0,0,0,0,0,1,0,0,1,0
54504,0,3.0,Phone,3,17.0,E Wallet,Female,3.0,5,Laptop & Accessory,4,Married,3,1,15.0,2.0,2.0,8.0,207.68,0,0,1,0,0,0,1,0,0,0,1,0,0,0,1,0
53894,0,27.0,Phone,1,31.0,Credit Card,Male,3.0,2,Fashion,1,Married,5,0,16.0,1.0,2.0,3.0,195.05,1,0,1,0,1,0,0,0,1,0,0,0,0,0,1,0
55405,0,4.0,Computer,1,9.0,Cash On Delivery,Female,4.0,5,Mobile,5,Single,2,0,17.0,1.0,2.0,8.0,174.68,0,1,0,1,0,0,0,0,0,0,0,1,0,0,0,1
51052,0,22.0,Phone,1,28.0,Upi,Female,3.0,3,Grocery,4,Married,4,0,16.0,1.0,1.0,2.0,264.13,0,0,1,0,0,0,0,1,0,1,0,0,0,0,1,0
51031,0,12.0,Phone,1,9.0,Credit Card,Male,2.9315348837209303,4,Laptop & Accessory,3,Married,1,0,15.0,0.0,1.0,7.0,130.69,1,0,1,0,1,0,0,0,0,0,1,0,0,0,1,0
54364,0,14.0,Phone,1,26.0,Credit Card,Male,2.0,4,Laptop & Accessory,1,Married,10,1,16.0,4.0,4.0,8.0,152.41,1,0,1,0,1,0,0,0,0,0,1,0,0,0,1,0
50567,0,13.0,Computer,1,15.0,Credit Card,Male,2.0,3,Mobile,4,Married,9,1,14.0,0.0,1.0,0.0,136.17,1,1,0,0,1,0,0,0,0,0,0,1,0,0,1,0
53982,1,1.0,Phone,1,17.0,Credit Card,Male,3.0,4,Laptop & Accessory,5,Single,3,0,16.0,1.0,2.0,9.0,167.13,1,0,1,0,1,0,0,0,0,0,1,0,0,0,0,1
50702,0,11.0,Phone,2,6.0,Upi,Male,2.9315348837209303,1,Mobile,3,Divorced,2,0,13.0,1.0,5.0,0.0,128.44,1,0,1,0,0,0,0,1,0,0,0,1,0,1,0,0
55579,0,12.0,Computer,1,13.0,Debit Card,Male,4.0,5,Laptop & Accessory,3,Married,4,0,12.0,3.0,8.0,8.0,178.21,1,1,0,0,0,1,0,0,0,0,1,0,0,0,1,0
54648,0,1.0,Phone,1,7.0,Debit Card,Female,3.0,5,Mobile,4,Single,3,0,14.0,1.0,2.0,1.0,153.36,0,0,1,0,0,1,0,0,0,0,0,1,0,0,0,1
51974,0,10.0,Phone,3,22.0,E Wallet,Male,3.0,4,Laptop & Accessory,3,Married,5,0,19.0,1.0,1.0,0.0,163.34,1,0,1,0,0,0,1,0,0,0,1,0,0,0,1,0
50475,0,9.0,Phone,2,19.0,Upi,Male,2.0,3,Mobile,4,Divorced,4,0,13.0,1.0,1.0,4.0,121.43,1,0,1,0,0,0,0,1,0,0,0,1,0,1,0,0
51962,0,24.0,Phone,3,32.0,E Wallet,Female,3.0,3,Grocery,3,Married,3,0,14.0,1.0,4.0,17.0,263.07,0,0,1,0,0,0,1,0,0,1,0,0,0,0,1,0
52520,0,0.0,Computer,1,8.0,Debit Card,Male,3.0,1,Laptop & Accessory,3,Married,2,0,17.0,1.0,1.0,7.0,152.06,1,1,0,0,0,1,0,0,0,0,1,0,0,0,1,0
52974,0,29.0,Phone,1,27.0,Cash On Delivery,Male,3.0,4,Laptop & Accessory,2,Divorced,5,1,20.0,2.0,2.0,9.0,179.15,1,0,1,1,0,0,0,0,0,0,1,0,0,1,0,0
50917,0,1.0,Phone,3,11.0,Credit Card,Male,2.0,3,Laptop & Accessory,5,Single,1,0,18.0,1.0,1.0,3.0,184.63,1,0,1,0,1,0,0,0,0,0,1,0,0,0,0,1
50160,0,0.0,Computer,1,17.0,Credit Card,Male,2.0,3,Laptop & Accessory,5,Divorced,2,1,13.0,2.0,3.0,3.0,147.41,1,1,0,0,1,0,0,0,0,0,1,0,0,1,0,0
54003,1,1.0,Phone,2,25.0,Upi,Male,3.0,2,Mobile,5,Married,2,0,18.0,2.0,2.0,1.0,154.56,1,0,1,0,0,0,0,1,0,0,0,1,0,0,1,0
52656,0,30.0,Computer,1,21.0,Debit Card,Male,2.0,3,Grocery,3,Married,3,1,14.0,2.0,2.0,2.0,257.87,1,1,0,0,0,1,0,0,0,1,0,0,0,0,1,0
54907,0,15.0,Computer,1,14.0,Debit Card,Female,3.0,6,Others,3,Married,3,0,23.0,6.0,6.0,11.0,324.73,0,1,0,0,0,1,0,0,0,0,0,0,1,0,1,0
50005,1,0.0,Phone,1,12.0,Credit Card,Male,2.9315348837209303,3,Mobile,5,Single,3,0,11.0,1.0,1.0,3.0,129.6,1,0,1,0,1,0,0,0,0,0,0,1,0,0,0,1
54345,0,27.0,Phone,1,20.0,Credit Card,Female,3.0,2,Laptop & Accessory,5,Married,3,0,12.0,2.0,2.0,4.0,169.5,0,0,1,0,1,0,0,0,0,0,1,0,0,0,1,0
54419,0,25.0,Phone,1,7.0,Debit Card,Male,4.0,4,Mobile,1,Married,3,0,12.0,2.0,2.0,1.0,152.23,1,0,1,0,0,1,0,0,0,0,0,1,0,0,1,0
51324,0,14.0,Phone,3,9.0,Debit Card,Male,2.0,4,Laptop & Accessory,4,Married,3,0,11.0,0.0,1.0,4.0,189.38,1,0,1,0,0,1,0,0,0,0,1,0,0,0,1,0
53064,0,1.0,Phone,1,7.0,Credit Card,Male,3.0,4,Mobile,4,Married,3,0,12.0,1.0,2.0,5.0,163.16,1,0,1,0,1,0,0,0,0,0,0,1,0,0,1,0
55502,0,5.0,Phone,1,27.0,Debit Card,Male,3.0,4,Laptop & Accessory,3,Married,3,0,12.0,1.0,2.0,3.0,166.97,1,0,1,0,0,1,0,0,0,0,1,0,0,0,1,0
51630,0,0.0,Computer,1,17.0,Credit Card,Male,2.0,3,Laptop & Accessory,5,Married,2,1,13.0,1.0,3.0,3.0,147.41,1,1,0,0,1,0,0,0,0,0,1,0,0,0,1,0
54989,1,1.0,Computer,1,15.0,Credit Card,Male,4.0,4,Mobile,3,Single,3,0,13.0,2.0,2.0,1.0,144.04,1,1,0,0,1,0,0,0,0,0,0,1,0,0,0,1
55474,1,1.0,Phone,2,20.0,Upi,Male,3.0,5,Mobile,5,Married,6,1,16.0,3.0,3.0,1.0,148.35,1,0,1,0,0,0,0,1,0,0,0,1,0,0,1,0
55235,0,7.0,Phone,1,15.0,Debit Card,Male,4.0,4,Laptop & Accessory,3,Single,4,1,18.0,2.0,2.0,1.0,188.88,1,0,1,0,0,1,0,0,0,0,1,0,0,0,0,1
52445,0,18.0,Phone,1,7.0,Cash On Delivery,Male,3.0,3,Fashion,4,Married,2,0,12.0,3.0,7.0,7.0,174.41,1,0,1,1,0,0,0,0,1,0,0,0,0,0,1,0
55123,0,25.0,Phone,2,12.0,Debit Card,Male,3.0,4,Grocery,4,Married,3,1,12.0,1.0,2.0,11.0,265.26,1,0,1,0,0,1,0,0,0,1,0,0,0,0,1,0
50872,0,0.0,Phone,3,16.0,E Wallet,Female,3.0,4,Laptop & Accessory,2,Divorced,2,1,11.0,2.0,4.0,4.0,157.69,0,0,1,0,0,0,1,0,0,0,1,0,0,1,0,0
54159,0,23.0,Computer,3,9.0,Credit Card,Male,4.0,5,Laptop & Accessory,4,Married,4,0,15.0,2.0,2.0,9.0,178.9,1,1,0,0,1,0,0,0,0,0,1,0,0,0,1,0
51464,0,9.0,Phone,1,9.0,Debit Card,Female,2.9315348837209303,3,Mobile,1,Married,6,0,22.0,0.0,1.0,0.0,128.35,0,0,1,0,0,1,0,0,0,0,0,1,0,0,1,0
54101,0,14.0,Phone,3,9.0,E Wallet,Female,4.0,4,Laptop & Accessory,4,Married,5,0,15.0,2.0,6.0,11.0,181.77,0,0,1,0,0,0,1,0,0,0,1,0,0,0,1,0
52158,0,16.0,Computer,1,33.0,Debit Card,Female,2.0,3,Fashion,5,Married,9,0,11.0,1.0,1.0,1.0,208.2,0,1,0,0,0,1,0,0,1,0,0,0,0,0,1,0
50027,0,8.0,Phone,3,6.0,E Wallet,Male,3.0,3,Fashion,4,Divorced,2,0,13.0,1.0,1.0,6.0,172.95,1,0,1,0,0,0,1,0,1,0,0,0,0,1,0,0
53717,0,6.0,Phone,3,14.0,E Wallet,Male,4.0,4,Laptop & Accessory,2,Divorced,6,0,13.0,2.0,2.0,3.0,217.04,1,0,1,0,0,0,1,0,0,0,1,0,0,1,0,0
51296,0,14.0,Phone,1,6.0,Debit Card,Male,2.9315348837209303,3,Mobile,1,Married,4,0,22.0,0.0,1.0,0.0,127.82,1,0,1,0,0,1,0,0,0,0,0,1,0,0,1,0
53562,1,1.0,Phone,1,24.0,Debit Card,Female,4.0,4,Mobile,4,Divorced,3,0,14.0,1.0,2.0,1.0,147.1,0,0,1,0,0,1,0,0,0,0,0,1,0,1,0,0
52405,0,8.0,Phone,3,14.0,Debit Card,Male,3.0,3,Mobile,3,Married,2,0,13.0,0.0,1.0,0.0,124.03999999999999,1,0,1,0,0,1,0,0,0,0,0,1,0,0,1,0
50914,0,21.0,Phone,3,13.0,E Wallet,Male,3.0,3,Laptop & Accessory,5,Married,5,0,11.0,1.0,2.0,2.0,154.86,1,0,1,0,0,0,1,0,0,0,1,0,0,0,1,0
52787,0,29.0,Computer,1,7.0,Debit Card,Male,2.0,3,Laptop & Accessory,3,Married,2,0,21.0,0.0,1.0,9.0,163.06,1,1,0,0,0,1,0,0,0,0,1,0,0,0,1,0
55251,0,3.0,Phone,1,15.0,Upi,Female,3.0,6,Laptop & Accessory,5,Married,5,0,14.0,2.0,2.0,3.0,222.15,0,0,1,0,0,0,0,1,0,0,1,0,0,0,1,0
52186,0,9.0,Phone,1,6.0,Credit Card,Male,2.0,4,Mobile,3,Married,7,0,12.0,1.0,1.0,7.0,122.58000000000001,1,0,1,0,1,0,0,0,0,0,0,1,0,0,1,0
54399,0,6.0,Phone,3,11.0,Debit Card,Female,3.0,4,Mobile,4,Married,4,0,12.0,2.0,2.0,3.0,164.31,0,0,1,0,0,1,0,0,0,0,0,1,0,0,1,0
50939,0,2.0,Phone,3,25.0,Debit Card,Male,3.0,4,Laptop & Accessory,3,Married,2,0,14.0,1.0,1.0,4.0,186.2,1,0,1,0,0,1,0,0,0,0,1,0,0,0,1,0
50095,0,27.0,Phone,3,9.0,E Wallet,Female,2.0,3,Laptop & Accessory,5,Divorced,3,0,14.0,1.0,1.0,5.0,159.4,0,0,1,0,0,0,1,0,0,0,1,0,0,1,0,0
54533,0,9.0,Phone,1,16.0,Debit Card,Male,4.0,5,Laptop & Accessory,4,Single,11,0,20.0,1.0,2.0,1.0,190.4,1,0,1,0,0,1,0,0,0,0,1,0,0,0,0,1
52060,0,23.0,Phone,1,6.0,Credit Card,Male,3.0,3,Grocery,1,Married,10,0,22.0,1.0,1.0,3.0,273.99,1,0,1,0,1,0,0,0,0,1,0,0,0,0,1,0
54335,0,19.0,Phone,3,11.0,Debit Card,Female,2.0,4,Laptop & Accessory,5,Married,6,1,12.0,1.0,2.0,4.0,175.06,0,0,1,0,0,1,0,0,0,0,1,0,0,0,1,0
53835,0,5.0,Computer,3,9.0,Upi,Male,3.0,4,Laptop & Accessory,5,Single,9,0,14.0,1.0,2.0,4.0,178.32,1,1,0,0,0,0,0,1,0,0,1,0,0,0,0,1
54882,0,24.0,Phone,1,31.0,Debit Card,Male,4.0,4,Grocery,3,Married,5,1,19.0,1.0,2.0,6.0,264.73,1,0,1,0,0,1,0,0,0,1,0,0,0,0,1,0
53127,1,1.0,Phone,1,17.0,Credit Card,Male,3.0,6,Mobile,2,Married,9,0,14.0,1.0,2.0,4.0,159.08,1,0,1,0,1,0,0,0,0,0,0,1,0,0,1,0
53153,0,8.0,Phone,3,28.0,Debit Card,Male,4.0,3,Laptop & Accessory,2,Single,3,0,13.0,6.0,6.0,8.0,178.37,1,0,1,0,0,1,0,0,0,0,1,0,0,0,0,1
50521,1,0.0,Phone,3,6.0,Credit Card,Female,2.9315348837209303,4,Mobile,3,Married,7,1,19.0,0.0,1.0,2.0,128.0,0,0,1,0,1,0,0,0,0,0,0,1,0,0,1,0
54886,1,1.0,Phone,1,21.0,Upi,Male,3.0,5,Mobile,4,Married,3,1,25.0,2.0,2.0,3.0,162.43,1,0,1,0,0,0,0,1,0,0,0,1,0,0,1,0
53459,0,14.0,Phone,3,33.0,E Wallet,Male,4.0,4,Laptop & Accessory,5,Divorced,3,0,15.0,6.0,8.0,6.0,208.96,1,0,1,0,0,0,1,0,0,0,1,0,0,1,0,0
51311,0,17.0,Phone,1,14.0,Credit Card,Male,2.0,3,Mobile,1,Single,7,1,12.0,0.0,1.0,2.0,124.36000000000001,1,0,1,0,1,0,0,0,0,0,0,1,0,0,0,1
55141,1,1.0,Computer,3,9.0,Debit Card,Female,3.0,5,Mobile,1,Single,9,0,15.0,1.0,2.0,1.0,152.85,0,1,0,0,0,1,0,0,0,0,0,1,0,0,0,1
51253,0,22.0,Computer,1,8.0,Debit Card,Male,2.0,3,Others,1,Married,4,0,15.0,1.0,4.0,3.0,291.61,1,1,0,0,0,1,0,0,0,0,0,0,1,0,1,0
50899,0,9.0,Phone,1,6.0,Debit Card,Female,2.0,3,Mobile,5,Divorced,3,0,22.0,1.0,1.0,0.0,120.66,0,0,1,0,0,1,0,0,0,0,0,1,0,1,0,0
50386,0,27.0,Phone,2,25.0,Credit Card,Male,2.0,3,Fashion,4,Divorced,3,0,15.0,3.0,7.0,1.0,207.25,1,0,1,0,1,0,0,0,1,0,0,0,0,1,0,0
50745,0,19.0,Phone,1,21.0,Debit Card,Male,2.0,3,Others,4,Divorced,6,0,11.0,1.0,1.0,3.0,290.81,1,0,1,0,0,1,0,0,0,0,0,0,1,1,0,0
54043,0,18.0,Phone,1,7.0,Debit Card,Male,4.0,2,Laptop & Accessory,5,Married,4,0,16.0,3.0,3.0,3.0,175.33,1,0,1,0,0,1,0,0,0,0,1,0,0,0,1,0
54175,1,1.0,Phone,1,31.0,Debit Card,Male,3.0,5,Mobile,3,Single,7,1,15.0,1.0,2.0,4.0,145.28,1,0,1,0,0,1,0,0,0,0,0,1,0,0,0,1
51134,0,9.0,Phone,1,10.0,Cash On Delivery,Female,3.0,4,Mobile,5,Married,2,0,13.0,0.0,1.0,0.0,121.09,0,0,1,1,0,0,0,0,0,0,0,1,0,0,1,0
51797,0,15.0,Phone,1,30.0,Credit Card,Male,2.0,3,Fashion,5,Married,2,1,21.0,5.0,5.0,8.0,174.06,1,0,1,0,1,0,0,0,1,0,0,0,0,0,1,0
52966,0,11.0,Computer,1,7.0,Credit Card,Female,1.0,4,Fashion,2,Married,4,1,19.0,1.0,2.0,3.0,261.03,0,1,0,0,1,0,0,0,1,0,0,0,0,0,1,0
53272,0,4.0,Phone,1,7.0,Debit Card,Male,3.0,6,Mobile,3,Divorced,5,0,22.0,2.0,2.0,3.0,163.33,1,0,1,0,0,1,0,0,0,0,0,1,0,1,0,0
54781,0,9.0,Phone,1,34.0,Credit Card,Female,3.0,5,Mobile,5,Single,3,0,12.0,1.0,2.0,2.0,150.59,0,0,1,0,1,0,0,0,0,0,0,1,0,0,0,1
53510,0,2.0,Phone,1,9.0,Debit Card,Male,4.0,5,Mobile,4,Divorced,2,0,18.0,1.0,2.0,5.0,157.01,1,0,1,0,0,1,0,0,0,0,0,1,0,1,0,0
54789,0,11.0,Phone,3,23.0,E Wallet,Male,4.0,5,Laptop & Accessory,3,Married,6,0,20.0,2.0,2.0,1.0,188.34,1,0,1,0,0,0,1,0,0,0,1,0,0,0,1,0
52153,0,11.0,Phone,3,16.0,E Wallet,Male,3.0,4,Fashion,3,Married,1,1,14.0,1.0,2.0,7.0,187.4,1,0,1,0,0,0,1,0,1,0,0,0,0,0,1,0
54416,0,1.0,Phone,1,7.0,Debit Card,Female,4.0,4,Laptop & Accessory,3,Married,2,0,13.0,2.0,2.0,3.0,173.98,0,0,1,0,0,1,0,0,0,0,1,0,0,0,1,0
54599,0,9.0,Phone,1,23.0,Debit Card,Male,4.0,4,Fashion,3,Married,6,1,13.0,1.0,2.0,1.0,201.32,1,0,1,0,0,1,0,0,1,0,0,0,0,0,1,0
52021,0,4.0,Phone,3,14.0,Debit Card,Male,2.0,4,Mobile,3,Married,4,0,15.0,2.0,5.0,2.0,123.28999999999999,1,0,1,0,0,1,0,0,0,0,0,1,0,0,1,0
55624,0,5.0,Computer,1,12.0,Credit Card,Male,4.0,4,Laptop & Accessory,5,Single,2,0,20.0,2.0,2.0,3.0,224.36,1,1,0,0,1,0,0,0,0,0,1,0,0,0,0,1
52170,0,15.0,Phone,1,35.0,Credit Card,Male,2.0,5,Laptop & Accessory,1,Single,5,0,19.0,1.0,1.0,0.0,142.72,1,0,1,0,1,0,0,0,0,0,1,0,0,0,0,1
51171,0,14.0,Phone,3,10.0,E Wallet,Female,2.0,3,Fashion,3,Married,1,1,13.0,0.0,13.0,5.0,204.47,0,0,1,0,0,0,1,0,1,0,0,0,0,0,1,0
53759,1,1.0,Computer,1,9.0,Credit Card,Male,3.0,5,Mobile,5,Single,9,0,12.0,1.0,2.0,1.0,150.61,1,1,0,0,1,0,0,0,0,0,0,1,0,0,0,1
55267,1,1.0,Phone,3,8.0,Debit Card,Male,4.0,5,Laptop & Accessory,5,Married,3,0,12.0,2.0,7.0,3.0,222.14,1,0,1,0,0,1,0,0,0,0,1,0,0,0,1,0
53242,0,13.0,Phone,2,10.0,Upi,Female,3.0,3,Laptop & Accessory,4,Divorced,11,0,16.0,4.0,4.0,7.0,188.89,0,0,1,0,0,0,0,1,0,0,1,0,0,1,0,0
54090,0,17.0,Phone,1,18.0,Debit Card,Male,2.0,4,Fashion,3,Married,3,0,18.0,2.0,2.0,10.0,200.1,1,0,1,0,0,1,0,0,1,0,0,0,0,0,1,0
55370,0,31.0,Phone,1,8.0,Credit Card,Male,4.0,6,Fashion,1,Married,5,0,21.0,2.0,2.0,1.0,233.82999999999998,1,0,1,0,1,0,0,0,1,0,0,0,0,0,1,0
51742,0,16.0,Phone,1,14.0,Upi,Female,3.0,3,Laptop & Accessory,3,Married,5,1,14.0,1.0,1.0,2.0,145.22,0,0,1,0,0,0,0,1,0,0,1,0,0,0,1,0
52578,0,8.0,Phone,1,33.0,Debit Card,Male,2.0,3,Laptop & Accessory,3,Married,3,0,16.0,1.0,1.0,7.0,168.83,1,0,1,0,0,1,0,0,0,0,1,0,0,0,1,0
54647,0,11.0,Phone,3,9.0,E Wallet,Male,4.0,4,Laptop & Accessory,3,Married,6,1,12.0,1.0,2.0,3.0,221.02,1,0,1,0,0,0,1,0,0,0,1,0,0,0,1,0
51729,0,9.0,Phone,1,17.0,Credit Card,Female,2.0,3,Mobile,4,Married,2,0,13.0,1.0,1.0,2.0,122.44,0,0,1,0,1,0,0,0,0,0,0,1,0,0,1,0
50543,1,4.0,Phone,1,8.0,Debit Card,Female,2.9315348837209303,5,Mobile,2,Married,5,1,13.0,0.0,1.0,0.0,127.78,0,0,1,0,0,1,0,0,0,0,0,1,0,0,1,0
52194,0,8.0,Computer,1,14.0,Upi,Male,2.0,4,Mobile,1,Married,2,0,13.0,1.0,2.0,2.0,123.75999999999999,1,1,0,0,0,0,0,1,0,0,0,1,0,0,1,0
53287,0,9.0,Phone,1,7.0,Debit Card,Female,3.0,2,Mobile,3,Single,5,0,14.0,1.0,3.0,3.0,150.06,0,0,1,0,0,1,0,0,0,0,0,1,0,0,0,1
52585,0,4.0,Computer,1,30.0,Cash On Delivery,Female,1.0,3,Laptop & Accessory,1,Single,3,0,20.0,0.0,1.0,4.0,152.38,0,1,0,1,0,0,0,0,0,0,1,0,0,0,0,1
50263,0,13.0,Phone,3,8.0,E Wallet,Female,2.0,3,Laptop & Accessory,4,Married,8,0,12.0,0.0,1.0,3.0,157.15,0,0,1,0,0,0,1,0,0,0,1,0,0,0,1,0
51877,0,5.0,Phone,1,9.0,Debit Card,Female,2.0,3,Fashion,1,Single,4,0,15.0,6.0,7.0,3.0,211.58999999999997,0,0,1,0,0,1,0,0,1,0,0,0,0,0,0,1
50459,0,7.0,Phone,3,14.0,Debit Card,Female,3.0,3,Laptop & Accessory,5,Divorced,6,0,17.0,1.0,1.0,2.0,165.0,0,0,1,0,0,1,0,0,0,0,1,0,0,1,0,0
52657,0,9.0,Computer,1,20.0,Credit Card,Female,2.0,3,Mobile,3,Single,2,0,16.0,1.0,1.0,0.0,115.13999999999999,0,1,0,0,1,0,0,0,0,0,0,1,0,0,0,1
51800,0,2.0,Phone,1,25.0,Cash On Delivery,Male,2.0,3,Laptop & Accessory,1,Married,5,0,12.0,1.0,1.0,2.0,142.62,1,0,1,1,0,0,0,0,0,0,1,0,0,0,1,0
54563,0,4.0,Phone,3,19.0,Cash On Delivery,Female,3.0,4,Laptop & Accessory,3,Single,2,0,12.0,4.0,5.0,5.0,190.77,0,0,1,1,0,0,0,0,0,0,1,0,0,0,0,1
55243,0,1.0,Phone,1,27.0,Debit Card,Male,4.0,4,Laptop & Accessory,3,Single,2,0,15.0,2.0,2.0,3.0,147.72,1,0,1,0,0,1,0,0,0,0,1,0,0,0,0,1
52212,0,13.0,Computer,3,8.0,Credit Card,Male,3.0,3,Laptop & Accessory,4,Married,6,0,12.0,1.0,1.0,0.0,143.27,1,1,0,0,1,0,0,0,0,0,1,0,0,0,1,0
53109,0,1.0,Phone,1,30.0,Debit Card,Female,3.0,4,Mobile,2,Married,3,0,23.0,2.0,2.0,3.0,153.86,0,0,1,0,0,1,0,0,0,0,0,1,0,0,1,0
53787,0,14.0,Phone,2,13.0,Credit Card,Male,3.0,4,Grocery,1,Single,3,1,22.0,1.0,8.0,8.0,289.37,1,0,1,0,1,0,0,0,0,1,0,0,0,0,0,1
51339,0,4.0,Computer,1,11.0,Credit Card,Male,3.0,3,Laptop & Accessory,5,Single,1,0,19.0,0.0,1.0,7.0,199.36,1,1,0,0,1,0,0,0,0,0,1,0,0,0,0,1
52006,1,20.0,Computer,1,14.0,Debit Card,Male,2.0,4,Mobile,1,Married,10,1,14.0,1.0,1.0,0.0,123.80000000000001,1,1,0,0,0,1,0,0,0,0,0,1,0,0,1,0
54376,0,15.0,Phone,3,13.0,Debit Card,Female,4.0,4,Fashion,1,Single,5,1,19.0,1.0,2.0,1.0,260.91,0,0,1,0,0,1,0,0,1,0,0,0,0,0,0,1
51402,0,8.0,Computer,3,5.0,Debit Card,Male,3.0,3,Fashion,5,Married,2,0,22.0,0.0,1.0,8.0,190.69,1,1,0,0,0,1,0,0,1,0,0,0,0,0,1,0
55202,0,2.0,Phone,3,12.0,Credit Card,Male,3.0,4,Laptop & Accessory,5,Single,2,0,19.0,1.0,2.0,3.0,209.63,1,0,1,0,1,0,0,0,0,0,1,0,0,0,0,1
54991,0,15.0,Phone,1,19.0,Debit Card,Male,3.0,4,Mobile,1,Married,5,1,12.0,2.0,2.0,1.0,172.66,1,0,1,0,0,1,0,0,0,0,0,1,0,0,1,0
50585,1,0.0,Computer,1,14.0,Credit Card,Male,2.0,4,Mobile,5,Single,1,1,22.0,1.0,1.0,2.0,123.21000000000001,1,1,0,0,1,0,0,0,0,0,0,1,0,0,0,1
55309,0,13.0,Phone,1,17.0,Credit Card,Male,4.0,4,Laptop & Accessory,5,Married,4,0,14.0,4.0,8.0,8.0,178.77,1,0,1,0,1,0,0,0,0,0,1,0,0,0,1,0
52188,1,0.0,Phone,1,14.0,Debit Card,Female,3.0,3,Mobile,1,Married,2,1,11.0,1.0,1.0,0.0,125.15,0,0,1,0,0,1,0,0,0,0,0,1,0,0,1,0
55491,0,17.0,Phone,1,13.0,Credit Card,Female,3.0,5,Others,3,Married,9,0,15.0,7.0,7.0,15.0,318.92,0,0,1,0,1,0,0,0,0,0,0,0,1,0,1,0
51717,0,9.0,Phone,1,29.0,Debit Card,Male,2.0,3,Mobile,1,Single,10,0,16.0,0.0,1.0,2.0,122.00999999999999,1,0,1,0,0,1,0,0,0,0,0,1,0,0,0,1
52911,0,10.0,Phone,1,12.0,Debit Card,Male,4.0,4,Laptop & Accessory,4,Single,10,0,17.0,1.0,4.0,8.0,184.14,1,0,1,0,0,1,0,0,0,0,1,0,0,0,0,1
53033,0,5.0,Phone,1,14.0,Credit Card,Female,3.0,4,Fashion,2,Single,3,1,15.0,3.0,5.0,11.0,196.43,0,0,1,0,1,0,0,0,1,0,0,0,0,0,0,1
51333,0,9.0,Phone,1,8.0,Credit Card,Female,3.0,3,Mobile,3,Married,3,0,14.0,1.0,1.0,2.0,120.00999999999999,0,0,1,0,1,0,0,0,0,0,0,1,0,0,1,0
52989,0,10.0,Computer,1,25.0,Debit Card,Male,3.0,3,Mobile,2,Divorced,6,0,19.0,1.0,2.0,1.0,161.88,1,1,0,0,0,1,0,0,0,0,0,1,0,1,0,0
55208,0,7.0,Computer,3,14.0,Credit Card,Male,3.0,4,Laptop & Accessory,5,Married,2,0,15.0,2.0,2.0,4.0,168.73,1,1,0,0,1,0,0,0,0,0,1,0,0,0,1,0
53715,0,21.0,Phone,1,9.0,Credit Card,Female,3.0,4,Grocery,3,Divorced,5,0,15.0,4.0,6.0,7.0,296.69,0,0,1,0,1,0,0,0,0,1,0,0,0,1,0,0
52278,1,0.0,Phone,1,13.0,Cash On Delivery,Female,2.0,3,Mobile,3,Married,4,1,13.0,4.0,7.0,7.0,133.39,0,0,1,1,0,0,0,0,0,0,0,1,0,0,1,0
53114,0,4.0,Computer,3,29.0,Upi,Female,4.0,4,Fashion,5,Divorced,2,0,12.0,3.0,8.0,9.0,209.12,0,1,0,0,0,0,0,1,1,0,0,0,0,1,0,0
50828,1,9.0,Computer,3,6.0,Debit Card,Female,2.0,3,Mobile,4,Single,2,1,11.0,1.0,2.0,2.0,123.02000000000001,0,1,0,0,0,1,0,0,0,0,0,1,0,0,0,1
51908,1,0.0,Phone,1,6.0,Upi,Male,2.9315348837209303,3,Mobile,1,Single,2,1,13.0,6.0,7.0,8.0,126.86000000000001,1,0,1,0,0,0,0,1,0,0,0,1,0,0,0,1
50654,0,19.0,Phone,1,14.0,Debit Card,Female,3.0,4,Laptop & Accessory,5,Married,9,1,23.0,1.0,1.0,7.0,146.15,0,0,1,0,0,1,0,0,0,0,1,0,0,0,1,0
52371,0,0.0,Phone,3,10.0,Credit Card,Female,2.0,3,Laptop & Accessory,3,Married,2,1,12.0,1.0,1.0,3.0,141.62,0,0,1,0,1,0,0,0,0,0,1,0,0,0,1,0
51867,0,0.0,Computer,3,9.0,Credit Card,Female,3.0,1,Laptop & Accessory,1,Married,2,1,20.0,1.0,1.0,4.0,146.47,0,1,0,0,1,0,0,0,0,0,1,0,0,0,1,0
55418,1,1.0,Phone,3,23.0,E Wallet,Male,4.0,4,Fashion,3,Married,4,0,14.0,1.0,2.0,1.0,206.61,1,0,1,0,0,0,1,0,1,0,0,0,0,0,1,0
50376,0,5.0,Phone,1,15.0,Debit Card,Female,3.0,3,Laptop & Accessory,2,Divorced,2,1,12.0,1.0,1.0,5.0,163.22,0,0,1,0,0,1,0,0,0,0,1,0,0,1,0,0
50570,0,6.0,Phone,1,6.0,Debit Card,Female,2.0,4,Laptop & Accessory,2,Single,1,0,14.0,0.0,1.0,4.0,169.49,0,0,1,0,0,1,0,0,0,0,1,0,0,0,0,1
51576,0,25.0,Phone,1,8.0,Debit Card,Female,2.0,4,Mobile,1,Single,8,0,15.0,2.0,2.0,2.0,132.12,0,0,1,0,0,1,0,0,0,0,0,1,0,0,0,1
54730,0,10.0,Computer,3,15.0,Debit Card,Male,4.0,5,Fashion,5,Single,3,0,16.0,1.0,2.0,10.0,200.87,1,1,0,0,0,1,0,0,1,0,0,0,0,0,0,1
52963,0,2.0,Phone,1,16.0,Credit Card,Male,4.0,4,Mobile,2,Divorced,3,0,24.0,2.0,2.0,5.0,145.7,1,0,1,0,1,0,0,0,0,0,0,1,0,1,0,0
55067,0,8.0,Phone,1,27.0,Cash On Delivery,Female,3.0,2,Mobile,3,Married,2,0,18.0,2.0,2.0,1.0,150.85,0,0,1,1,0,0,0,0,0,0,0,1,0,0,1,0
55150,0,11.0,Phone,1,11.0,Debit Card,Male,3.0,4,Mobile,3,Married,9,1,16.0,2.0,2.0,4.0,154.96,1,0,1,0,0,1,0,0,0,0,0,1,0,0,1,0
52402,1,0.0,Computer,3,7.0,Cash On Delivery,Male,2.9315348837209303,3,Mobile,3,Married,4,0,15.0,1.0,1.0,2.0,129.09,1,1,0,1,0,0,0,0,0,0,0,1,0,0,1,0
54523,0,1.0,Computer,3,16.0,Credit Card,Male,3.0,4,Mobile,1,Single,3,0,25.0,3.0,3.0,3.0,151.1,1,1,0,0,1,0,0,0,0,0,0,1,0,0,0,1
50646,0,19.0,Phone,1,6.0,Credit Card,Male,2.0,3,Others,2,Married,10,0,15.0,1.0,2.0,2.0,296.27,1,0,1,0,1,0,0,0,0,0,0,0,1,0,1,0
53101,0,4.0,Phone,1,9.0,Debit Card,Female,3.0,6,Laptop & Accessory,2,Single,4,0,21.0,1.0,2.0,3.0,185.91,0,0,1,0,0,1,0,0,0,0,1,0,0,0,0,1
51023,0,22.0,Phone,1,31.0,Debit Card,Female,2.0,3,Mobile,5,Married,2,0,14.0,0.0,1.0,4.0,132.11,0,0,1,0,0,1,0,0,0,0,0,1,0,0,1,0
54393,0,31.0,Phone,2,13.0,Credit Card,Male,3.0,4,Mobile,3,Married,10,0,18.0,1.0,3.0,3.0,147.67,1,0,1,0,1,0,0,0,0,0,0,1,0,0,1,0
53764,0,2.0,Phone,1,36.0,Debit Card,Male,4.0,6,Laptop & Accessory,4,Divorced,3,0,15.0,2.0,2.0,8.0,190.49,1,0,1,0,0,1,0,0,0,0,1,0,0,1,0,0
50356,1,9.0,Computer,3,18.0,Debit Card,Male,3.0,4,Mobile,5,Divorced,2,0,18.0,1.0,1.0,0.0,120.33000000000001,1,1,0,0,0,1,0,0,0,0,0,1,0,1,0,0
52167,0,22.0,Phone,3,14.0,Cash On Delivery,Male,2.0,4,Grocery,4,Married,7,0,17.0,1.0,2.0,3.0,231.2,1,0,1,1,0,0,0,0,0,1,0,0,0,0,1,0
54946,0,14.0,Phone,1,27.0,Cash On Delivery,Male,4.0,4,Fashion,1,Married,6,0,21.0,4.0,12.0,3.0,228.22,1,0,1,1,0,0,0,0,1,0,0,0,0,0,1,0
52818,1,1.0,Phone,1,31.0,Debit Card,Male,3.0,5,Mobile,3,Single,7,1,15.0,1.0,2.0,4.0,145.28,1,0,1,0,0,1,0,0,0,0,0,1,0,0,0,1
52941,1,1.0,Computer,1,17.0,Credit Card,Male,4.0,4,Fashion,3,Married,8,0,12.0,2.0,2.0,3.0,225.48,1,1,0,0,1,0,0,0,1,0,0,0,0,0,1,0
50793,0,7.0,Phone,3,8.0,E Wallet,Female,2.0,3,Laptop & Accessory,5,Single,1,1,12.0,1.0,1.0,2.0,145.38,0,0,1,0,0,0,1,0,0,0,1,0,0,0,0,1
53113,1,1.0,Phone,2,9.0,Cash On Delivery,Male,3.0,5,Mobile,2,Single,3,0,13.0,2.0,2.0,1.0,150.64,1,0,1,1,0,0,0,0,0,0,0,1,0,0,0,1
50760,0,13.0,Phone,3,16.0,Cash On Delivery,Female,2.0,4,Laptop & Accessory,4,Married,8,0,12.0,1.0,1.0,3.0,168.52,0,0,1,1,0,0,0,0,0,0,1,0,0,0,1,0
50838,0,24.0,Phone,2,11.0,Debit Card,Male,2.0,3,Grocery,4,Married,2,1,11.0,1.0,2.0,10.0,240.26,1,0,1,0,0,1,0,0,0,1,0,0,0,0,1,0
52758,0,3.0,Phone,1,7.0,Credit Card,Male,3.0,3,Mobile,4,Married,2,0,13.0,1.0,1.0,7.0,137.48,1,0,1,0,1,0,0,0,0,0,0,1,0,0,1,0
51764,0,0.0,Phone,1,29.0,Debit Card,Female,2.9315348837209303,3,Mobile,1,Married,2,0,22.0,0.0,1.0,2.0,128.86,0,0,1,0,0,1,0,0,0,0,0,1,0,0,1,0
51274,0,6.0,Computer,1,13.0,Debit Card,Male,2.0,3,Laptop & Accessory,3,Married,2,0,20.0,2.0,2.0,8.0,159.68,1,1,0,0,0,1,0,0,0,0,1,0,0,0,1,0
52277,0,3.0,Computer,1,15.0,Credit Card,Female,3.0,3,Laptop & Accessory,3,Single,8,1,18.0,0.0,1.0,7.0,146.95,0,1,0,0,1,0,0,0,0,0,1,0,0,0,0,1
52788,1,0.0,Phone,1,7.0,Credit Card,Male,2.0,3,Mobile,1,Married,10,1,14.0,2.0,2.0,2.0,147.87,1,0,1,0,1,0,0,0,0,0,0,1,0,0,1,0
53463,0,30.0,Computer,1,16.0,Credit Card,Female,4.0,4,Mobile,3,Divorced,4,0,20.0,1.0,2.0,4.0,154.42,0,1,0,0,1,0,0,0,0,0,0,1,0,1,0,0
51308,0,10.0,Phone,1,16.0,Debit Card,Female,2.0,1,Fashion,1,Married,2,1,25.0,0.0,2.0,8.0,237.44,0,0,1,0,0,1,0,0,1,0,0,0,0,0,1,0
50054,0,19.0,Phone,3,6.0,E Wallet,Female,3.0,3,Fashion,5,Married,2,0,25.0,4.0,15.0,7.0,204.53,0,0,1,0,0,0,1,0,1,0,0,0,0,0,1,0
52279,0,9.0,Phone,1,7.0,Cash On Delivery,Male,2.0,3,Mobile,5,Single,3,0,11.0,1.0,1.0,2.0,120.80000000000001,1,0,1,1,0,0,0,0,0,0,0,1,0,0,0,1
54828,1,5.0,Phone,1,9.0,Debit Card,Female,3.0,6,Mobile,1,Married,6,1,14.0,1.0,2.0,1.0,152.78,0,0,1,0,0,1,0,0,0,0,0,1,0,0,1,0
53680,0,11.0,Phone,1,11.0,Debit Card,Male,3.0,4,Mobile,3,Divorced,9,1,16.0,2.0,2.0,4.0,154.96,1,0,1,0,0,1,0,0,0,0,0,1,0,1,0,0
51806,0,0.0,Phone,3,35.0,Credit Card,Male,2.0,3,Laptop & Accessory,3,Married,6,0,12.0,0.0,1.0,0.0,143.06,1,0,1,0,1,0,0,0,0,0,1,0,0,0,1,0
53437,0,15.0,Computer,1,14.0,Debit Card,Female,3.0,6,Others,3,Married,3,0,23.0,2.0,6.0,11.0,324.73,0,1,0,0,0,1,0,0,0,0,0,0,1,0,1,0
54465,0,13.0,Phone,1,7.0,Credit Card,Male,3.0,2,Fashion,1,Married,2,0,18.0,2.0,4.0,3.0,221.13,1,0,1,0,1,0,0,0,1,0,0,0,0,0,1,0
55324,0,11.0,Phone,1,17.0,Credit Card,Female,4.0,4,Mobile,4,Married,3,0,12.0,5.0,8.0,8.0,164.36,0,0,1,0,1,0,0,0,0,0,0,1,0,0,1,0
51629,0,28.0,Phone,1,26.0,Cash On Delivery,Male,2.0,3,Laptop & Accessory,1,Married,4,1,19.0,0.0,1.0,8.0,154.15,1,0,1,1,0,0,0,0,0,0,1,0,0,0,1,0
54598,0,4.0,Phone,3,14.0,E Wallet,Male,3.0,4,Mobile,4,Single,2,0,15.0,1.0,2.0,3.0,154.83,1,0,1,0,0,0,1,0,0,0,0,1,0,0,0,1
50218,0,4.0,Phone,1,13.0,Credit Card,Female,2.0,3,Fashion,2,Single,2,1,14.0,2.0,4.0,10.0,171.43,0,0,1,0,1,0,0,0,1,0,0,0,0,0,0,1
54932,0,28.0,Phone,3,9.0,Debit Card,Female,3.0,5,Fashion,3,Married,8,0,12.0,7.0,2.0,1.0,231.86,0,0,1,0,0,1,0,0,1,0,0,0,0,0,1,0
54140,0,6.0,Phone,1,9.0,Cash On Delivery,Male,4.0,4,Mobile,5,Single,3,0,15.0,2.0,2.0,3.0,149.39,1,0,1,1,0,0,0,0,0,0,0,1,0,0,0,1
51906,0,7.0,Phone,1,14.0,Debit Card,Female,2.0,3,Laptop & Accessory,5,Married,4,0,14.0,1.0,1.0,0.0,151.21,0,0,1,0,0,1,0,0,0,0,1,0,0,0,1,0
51792,0,14.0,Computer,3,16.0,Debit Card,Male,2.0,3,Laptop & Accessory,1,Single,8,0,14.0,0.0,1.0,10.0,162.3,1,1,0,0,0,1,0,0,0,0,1,0,0,0,0,1
50768,1,9.0,Computer,1,16.0,Credit Card,Female,3.0,4,Mobile,4,Single,2,1,25.0,1.0,1.0,0.0,118.59,0,1,0,0,1,0,0,0,0,0,0,1,0,0,0,1
50245,0,4.0,Phone,1,14.0,Debit Card,Male,2.0,4,Mobile,4,Single,1,1,16.0,1.0,2.0,2.0,126.57,1,0,1,0,0,1,0,0,0,0,0,1,0,0,0,1
50261,1,9.0,Computer,1,10.0,Cash On Delivery,Male,2.0,3,Mobile,2,Single,19,1,23.0,1.0,1.0,0.0,122.85,1,1,0,1,0,0,0,0,0,0,0,1,0,0,0,1
53457,0,24.0,Phone,1,9.0,Credit Card,Male,4.0,4,Others,3,Divorced,4,1,15.0,8.0,8.0,8.0,317.37,1,0,1,0,1,0,0,0,0,0,0,0,1,1,0,0
54838,0,23.0,Phone,1,15.0,Upi,Female,3.0,4,Fashion,4,Married,6,0,12.0,1.0,2.0,8.0,199.03,0,0,1,0,0,0,0,1,1,0,0,0,0,0,1,0
50713,0,13.0,Computer,1,15.0,Credit Card,Female,2.0,3,Fashion,3,Single,10,0,17.0,0.0,2.0,13.0,234.99,0,1,0,0,1,0,0,0,1,0,0,0,0,0,0,1
54468,0,12.0,Phone,1,32.0,Debit Card,Female,3.0,5,Fashion,4,Married,5,0,18.0,1.0,2.0,2.0,245.61,0,0,1,0,0,1,0,0,1,0,0,0,0,0,1,0
55544,0,10.0,Computer,1,16.0,Debit Card,Male,4.0,2,Mobile,4,Married,3,0,23.0,2.0,2.0,3.0,153.1,1,1,0,0,0,1,0,0,0,0,0,1,0,0,1,0
50840,0,7.0,Phone,3,21.0,Credit Card,Female,3.0,3,Laptop & Accessory,5,Single,2,0,12.0,1.0,9.0,6.0,161.25,0,0,1,0,1,0,0,0,0,0,1,0,0,0,0,1
51144,0,26.0,Computer,1,6.0,Credit Card,Female,2.0,4,Grocery,3,Married,5,1,20.0,0.0,1.0,3.0,229.64999999999998,0,1,0,0,1,0,0,0,0,1,0,0,0,0,1,0
51829,0,8.0,Phone,1,31.0,Upi,Male,2.0,4,Laptop & Accessory,1,Single,5,0,14.0,1.0,1.0,2.0,136.81,1,0,1,0,0,0,0,1,0,0,1,0,0,0,0,1
52007,0,16.0,Phone,1,14.0,Debit Card,Female,2.0,3,Laptop & Accessory,4,Married,5,0,21.0,1.0,1.0,0.0,147.65,0,0,1,0,0,1,0,0,0,0,1,0,0,0,1,0
52254,0,6.0,Phone,3,16.0,E Wallet,Male,2.0,1,Fashion,3,Married,1,1,14.0,0.0,1.0,8.0,183.8,1,0,1,0,0,0,1,0,1,0,0,0,0,0,1,0
50205,0,20.0,Phone,1,11.0,Debit Card,Male,2.0,3,Others,3,Divorced,5,0,11.0,1.0,1.0,1.0,283.0,1,0,1,0,0,1,0,0,0,0,0,0,1,1,0,0
50913,0,18.0,Phone,1,35.0,Cash On Delivery,Male,2.0,3,Fashion,1,Divorced,5,1,18.0,1.0,1.0,2.0,193.8,1,0,1,1,0,0,0,0,1,0,0,0,0,1,0,0
55239,0,18.0,Phone,1,35.0,Debit Card,Male,3.0,4,Grocery,5,Married,5,0,14.0,1.0,15.0,18.0,288.28,1,0,1,0,0,1,0,0,0,1,0,0,0,0,1,0
